"provincia","seccion","archivo","hoja","tipo","filas","columnas"
"Agroindustrial del Occidente","01_Generalidades","distribucion_territorial.xlsx","distribucion_territorial","tabla",9,6
"Agroindustrial del Occidente","01_Generalidades","distribucion_territorial.xlsx","_fig_01","datos de figura",6,3
"Agroindustrial del Occidente","01_Generalidades","distribucion_territorial.xlsx","_mapa00_localizacion","datos de figura",6,4
"Agroindustrial del Occidente","01_Generalidades","distribucion_territorial.xlsx","_mapa01_area","datos de figura",6,3
"Agroindustrial del Occidente","02_Demografia","demografia.xlsx","poblacion","tabla",9,13
"Agroindustrial del Occidente","02_Demografia","demografia.xlsx","estructura_edad","tabla",7,33
"Agroindustrial del Occidente","02_Demografia","demografia.xlsx","natalidad_mortalidad","tabla",9,7
"Agroindustrial del Occidente","02_Demografia","demografia.xlsx","migracion","tabla",9,7
"Agroindustrial del Occidente","02_Demografia","demografia.xlsx","_fig_01","datos de figura",6,3
"Agroindustrial del Occidente","02_Demografia","demografia.xlsx","_fig_02","datos de figura",6,5
"Agroindustrial del Occidente","02_Demografia","demografia.xlsx","_fig_03","datos de figura",6,3
"Agroindustrial del Occidente","02_Demografia","demografia.xlsx","_fig_04","datos de figura",18,3
"Agroindustrial del Occidente","02_Demografia","demografia.xlsx","_fig_05","datos de figura",6,2
"Agroindustrial del Occidente","02_Demografia","demografia.xlsx","_mapa02_densidad","datos de figura",6,4
"Agroindustrial del Occidente","03_Ordenamiento","ordenamiento.xlsx","deficit_vivienda","tabla",9,6
"Agroindustrial del Occidente","03_Ordenamiento","ordenamiento.xlsx","servicios_publicos","tabla",9,16
"Agroindustrial del Occidente","03_Ordenamiento","ordenamiento.xlsx","vias_area","tabla",7,7
"Agroindustrial del Occidente","03_Ordenamiento","ordenamiento.xlsx","vias_habitantes","tabla",7,7
"Agroindustrial del Occidente","03_Ordenamiento","ordenamiento.xlsx","catastro","tabla",7,11
"Agroindustrial del Occidente","03_Ordenamiento","ordenamiento.xlsx","imca","tabla",8,16
"Agroindustrial del Occidente","03_Ordenamiento","ordenamiento.xlsx","gobierno_digital","tabla",8,16
"Agroindustrial del Occidente","03_Ordenamiento","ordenamiento.xlsx","tti_edsup","tabla",7,5
"Agroindustrial del Occidente","03_Ordenamiento","ordenamiento.xlsx","internet_2025","tabla",7,8
"Agroindustrial del Occidente","03_Ordenamiento","ordenamiento.xlsx","uso_suelo_rural","tabla",6,5
"Agroindustrial del Occidente","03_Ordenamiento","ordenamiento.xlsx","_fig_01","datos de figura",4,2
"Agroindustrial del Occidente","03_Ordenamiento","ordenamiento.xlsx","_fig_02","datos de figura",6,2
"Agroindustrial del Occidente","03_Ordenamiento","ordenamiento.xlsx","_fig_03","datos de figura",18,3
"Agroindustrial del Occidente","03_Ordenamiento","ordenamiento.xlsx","_fig_04","datos de figura",18,3
"Agroindustrial del Occidente","03_Ordenamiento","ordenamiento.xlsx","_fig_05","datos de figura",6,2
"Agroindustrial del Occidente","03_Ordenamiento","ordenamiento.xlsx","_fig_06","datos de figura",6,2
"Agroindustrial del Occidente","03_Ordenamiento","ordenamiento.xlsx","_fig_07","datos de figura",12,3
"Agroindustrial del Occidente","03_Ordenamiento","ordenamiento.xlsx","_fig_08","datos de figura",22,3
"Agroindustrial del Occidente","03_Ordenamiento","ordenamiento.xlsx","_fig_09","datos de figura",6,2
"Agroindustrial del Occidente","03_Ordenamiento","ordenamiento.xlsx","_fig_10","datos de figura",6,2
"Agroindustrial del Occidente","03_Ordenamiento","ordenamiento.xlsx","_fig_11","datos de figura",10,2
"Agroindustrial del Occidente","03_Ordenamiento","ordenamiento.xlsx","_fig_12","datos de figura",6,2
"Agroindustrial del Occidente","03_Ordenamiento","ordenamiento.xlsx","_fig_13","datos de figura",6,2
"Agroindustrial del Occidente","03_Ordenamiento","ordenamiento.xlsx","_fig_14","datos de figura",6,2
"Agroindustrial del Occidente","03_Ordenamiento","ordenamiento.xlsx","_mapa03_deficit_vivienda","datos de figura",6,4
"Agroindustrial del Occidente","04_Gobernabilidad","gobernabilidad.xlsx","mdm","tabla",54,8
"Agroindustrial del Occidente","04_Gobernabilidad","gobernabilidad.xlsx","idf","tabla",6,9
"Agroindustrial del Occidente","04_Gobernabilidad","gobernabilidad.xlsx","ley617","tabla",66,9
"Agroindustrial del Occidente","04_Gobernabilidad","gobernabilidad.xlsx","icm","tabla",135,12
"Agroindustrial del Occidente","04_Gobernabilidad","gobernabilidad.xlsx","_fig_01","datos de figura",6,4
"Agroindustrial del Occidente","04_Gobernabilidad","gobernabilidad.xlsx","_fig_02","datos de figura",6,5
"Agroindustrial del Occidente","04_Gobernabilidad","gobernabilidad.xlsx","_fig_03","datos de figura",6,5
"Agroindustrial del Occidente","04_Gobernabilidad","gobernabilidad.xlsx","_fig_04","datos de figura",6,8
"Agroindustrial del Occidente","04_Gobernabilidad","gobernabilidad.xlsx","_fig_05","datos de figura",18,3
"Agroindustrial del Occidente","05_Economia","economia.xlsx","extranjeros_municipio","tabla",97,7
"Agroindustrial del Occidente","05_Economia","economia.xlsx","comparativo_pap_antioquia","tabla",12,5
"Agroindustrial del Occidente","05_Economia","economia.xlsx","ecv_pobreza","tabla",9,10
"Agroindustrial del Occidente","05_Economia","economia.xlsx","ecv_ipm","tabla",9,8
"Agroindustrial del Occidente","05_Economia","economia.xlsx","ecv_gini","tabla",9,16
"Agroindustrial del Occidente","05_Economia","economia.xlsx","ecv_ocupacion_informal","tabla",9,16
"Agroindustrial del Occidente","05_Economia","economia.xlsx","ecv_desocupacion_nini","tabla",9,10
"Agroindustrial del Occidente","05_Economia","economia.xlsx","turismo_instrumentos","tabla",6,8
"Agroindustrial del Occidente","05_Economia","economia.xlsx","dependencia_economica","tabla",9,5
"Agroindustrial del Occidente","05_Economia","economia.xlsx","densidad_empresarial","tabla",7,5
"Agroindustrial del Occidente","05_Economia","economia.xlsx","valor_agregado","tabla",70,15
"Agroindustrial del Occidente","05_Economia","economia.xlsx","va_actividades","tabla",70,17
"Agroindustrial del Occidente","05_Economia","economia.xlsx","energia_tecnologia","tabla",5,3
"Agroindustrial del Occidente","05_Economia","economia.xlsx","energia_centrales","tabla",4,11
"Agroindustrial del Occidente","05_Economia","economia.xlsx","energia_participacion","tabla",3,4
"Agroindustrial del Occidente","05_Economia","economia.xlsx","titulos_mineros","tabla",27,3
"Agroindustrial del Occidente","05_Economia","economia.xlsx","_fig_01","datos de figura",6,2
"Agroindustrial del Occidente","05_Economia","economia.xlsx","_fig_02","datos de figura",6,2
"Agroindustrial del Occidente","05_Economia","economia.xlsx","_fig_03","datos de figura",6,3
"Agroindustrial del Occidente","05_Economia","economia.xlsx","_fig_04","datos de figura",6,3
"Agroindustrial del Occidente","05_Economia","economia.xlsx","_fig_05","datos de figura",6,3
"Agroindustrial del Occidente","05_Economia","economia.xlsx","_fig_06","datos de figura",6,2
"Agroindustrial del Occidente","05_Economia","economia.xlsx","_fig_07","datos de figura",6,2
"Agroindustrial del Occidente","05_Economia","economia.xlsx","_fig_08","datos de figura",6,2
"Agroindustrial del Occidente","05_Economia","economia.xlsx","_fig_09","datos de figura",6,5
"Agroindustrial del Occidente","05_Economia","economia.xlsx","_fig_10","datos de figura",6,4
"Agroindustrial del Occidente","05_Economia","economia.xlsx","_fig_11","datos de figura",6,5
"Agroindustrial del Occidente","05_Economia","economia.xlsx","_fig_12","datos de figura",12,2
"Agroindustrial del Occidente","05_Economia","economia.xlsx","_fig_13","datos de figura",11,2
"Agroindustrial del Occidente","05_Economia","economia.xlsx","_fig_14","datos de figura",35,3
"Agroindustrial del Occidente","05_Economia","economia.xlsx","_fig_15","datos de figura",7,4
"Agroindustrial del Occidente","05_Economia","economia.xlsx","_mapa05_va_percapita","datos de figura",6,4
"Agroindustrial del Occidente","06_Desarrollo_Rural","desarrollo_rural.xlsx","inventario_pecuario","tabla",63,12
"Agroindustrial del Occidente","06_Desarrollo_Rural","desarrollo_rural.xlsx","participacion_municipal","tabla",42,7
"Agroindustrial del Occidente","06_Desarrollo_Rural","desarrollo_rural.xlsx","composicion_especies","tabla",42,11
"Agroindustrial del Occidente","06_Desarrollo_Rural","desarrollo_rural.xlsx","area_km2","tabla",7,5
"Agroindustrial del Occidente","06_Desarrollo_Rural","desarrollo_rural.xlsx","principales_cultivos","tabla",42,6
"Agroindustrial del Occidente","06_Desarrollo_Rural","desarrollo_rural.xlsx","composicion_agricola","tabla",49,12
"Agroindustrial del Occidente","06_Desarrollo_Rural","desarrollo_rural.xlsx","rendimiento","tabla",49,8
"Agroindustrial del Occidente","06_Desarrollo_Rural","desarrollo_rural.xlsx","_fig_01","datos de figura",6,4
"Agroindustrial del Occidente","06_Desarrollo_Rural","desarrollo_rural.xlsx","_fig_02","datos de figura",24,3
"Agroindustrial del Occidente","06_Desarrollo_Rural","desarrollo_rural.xlsx","_fig_03","datos de figura",12,4
"Agroindustrial del Occidente","06_Desarrollo_Rural","desarrollo_rural.xlsx","_fig_04","datos de figura",6,6
"Agroindustrial del Occidente","06_Desarrollo_Rural","desarrollo_rural.xlsx","_fig_05","datos de figura",6,5
"Agroindustrial del Occidente","07_Ambiental","ambiental.xlsx","detalle","tabla",20,8
"Agroindustrial del Occidente","07_Ambiental","ambiental.xlsx","irca","tabla",126,11
"Agroindustrial del Occidente","07_Ambiental","ambiental.xlsx","eventos_tipo","tabla",63,6
"Agroindustrial del Occidente","07_Ambiental","ambiental.xlsx","eventos_año","tabla",36,6
"Agroindustrial del Occidente","07_Ambiental","ambiental.xlsx","desastres_selectos","tabla",8,10
"Agroindustrial del Occidente","07_Ambiental","ambiental.xlsx","imrc","tabla",8,6
"Agroindustrial del Occidente","07_Ambiental","ambiental.xlsx","perdida_cobertura","tabla",9,5
"Agroindustrial del Occidente","07_Ambiental","ambiental.xlsx","_fig_01","datos de figura",5,3
"Agroindustrial del Occidente","07_Ambiental","ambiental.xlsx","_fig_02","datos de figura",6,4
"Agroindustrial del Occidente","07_Ambiental","ambiental.xlsx","_fig_03","datos de figura",18,3
"Agroindustrial del Occidente","07_Ambiental","ambiental.xlsx","_fig_04","datos de figura",6,2
"Agroindustrial del Occidente","07_Ambiental","ambiental.xlsx","_fig_05","datos de figura",16,2
"Agroindustrial del Occidente","07_Ambiental","ambiental.xlsx","_fig_06","datos de figura",6,2
"Agroindustrial del Occidente","07_Ambiental","ambiental.xlsx","_fig_07","datos de figura",6,3
"Agroindustrial del Occidente","07_Ambiental","ambiental.xlsx","_mapa07_perdida_cobertura","datos de figura",6,3
"Agroindustrial del Occidente","08_Educacion","educacion.xlsx","educacion","tabla",126,8
"Agroindustrial del Occidente","08_Educacion","educacion.xlsx","_fig_01","datos de figura",6,3
"Agroindustrial del Occidente","08_Educacion","educacion.xlsx","_fig_02","datos de figura",6,3
"Agroindustrial del Occidente","08_Educacion","educacion.xlsx","_fig_03","datos de figura",6,3
"Agroindustrial del Occidente","08_Educacion","educacion.xlsx","_mapa08_cobertura_neta","datos de figura",6,4
"Agroindustrial del Occidente","09_Salud","salud.xlsx","bajo_peso","tabla",9,5
"Agroindustrial del Occidente","09_Salud","salud.xlsx","enfermedades_tropicales","tabla",7,7
"Agroindustrial del Occidente","09_Salud","salud.xlsx","suicidios","tabla",9,6
"Agroindustrial del Occidente","09_Salud","salud.xlsx","aseguramiento_sgsss","tabla",7,10
"Agroindustrial del Occidente","09_Salud","salud.xlsx","mortalidad_infantil","tabla",45,6
"Agroindustrial del Occidente","09_Salud","salud.xlsx","_fig_01","datos de figura",6,4
"Agroindustrial del Occidente","09_Salud","salud.xlsx","_fig_02","datos de figura",6,2
"Agroindustrial del Occidente","09_Salud","salud.xlsx","_fig_03","datos de figura",6,4
"Agroindustrial del Occidente","09_Salud","salud.xlsx","_fig_04","datos de figura",6,3
"Agroindustrial del Occidente","09_Salud","salud.xlsx","_mapa09_mortalidad_infantil","datos de figura",6,4
"Agroindustrial del Occidente","10_Seguridad","seguridad.xlsx","coca","tabla",2,7
"Agroindustrial del Occidente","10_Seguridad","seguridad.xlsx","evoa","tabla",14,9
"Agroindustrial del Occidente","10_Seguridad","seguridad.xlsx","delitos","tabla",9,7
"Agroindustrial del Occidente","10_Seguridad","seguridad.xlsx","total_victimas","tabla",7,9
"Agroindustrial del Occidente","10_Seguridad","seguridad.xlsx","proporcion_hechos","tabla",17,3
"Agroindustrial del Occidente","10_Seguridad","seguridad.xlsx","srtdaf","tabla",9,7
"Agroindustrial del Occidente","10_Seguridad","seguridad.xlsx","tasas","tabla",9,7
"Agroindustrial del Occidente","10_Seguridad","seguridad.xlsx","P1A_barrio","tabla",8,7
"Agroindustrial del Occidente","10_Seguridad","seguridad.xlsx","P2_cambio_barrio","tabla",8,7
"Agroindustrial del Occidente","10_Seguridad","seguridad.xlsx","P4A_municipio","tabla",8,7
"Agroindustrial del Occidente","10_Seguridad","seguridad.xlsx","P6_cambio_municipio","tabla",8,7
"Agroindustrial del Occidente","10_Seguridad","seguridad.xlsx","irv","tabla",6,6
"Agroindustrial del Occidente","10_Seguridad","seguridad.xlsx","desaparecidos","tabla",7,6
"Agroindustrial del Occidente","10_Seguridad","seguridad.xlsx","_fig_01","datos de figura",16,4
"Agroindustrial del Occidente","10_Seguridad","seguridad.xlsx","_fig_02","datos de figura",6,4
"Agroindustrial del Occidente","10_Seguridad","seguridad.xlsx","_fig_03","datos de figura",6,3
"Agroindustrial del Occidente","10_Seguridad","seguridad.xlsx","_fig_04","datos de figura",6,2
"Agroindustrial del Occidente","10_Seguridad","seguridad.xlsx","_fig_05","datos de figura",16,3
"Agroindustrial del Occidente","10_Seguridad","seguridad.xlsx","_mapa10_homicidios","datos de figura",6,3
"Agroindustrial del Occidente","10_Seguridad","seguridad.xlsx","_mapa10_homicidios_dpto","datos de figura",88,3
"Bioenergética del Norte de Antioquia","01_Generalidades","distribucion_territorial.xlsx","distribucion_territorial","tabla",16,6
"Bioenergética del Norte de Antioquia","01_Generalidades","distribucion_territorial.xlsx","_fig_01","datos de figura",13,3
"Bioenergética del Norte de Antioquia","01_Generalidades","distribucion_territorial.xlsx","_mapa00_localizacion","datos de figura",13,4
"Bioenergética del Norte de Antioquia","01_Generalidades","distribucion_territorial.xlsx","_mapa01_area","datos de figura",13,3
"Bioenergética del Norte de Antioquia","02_Demografia","demografia.xlsx","poblacion","tabla",16,13
"Bioenergética del Norte de Antioquia","02_Demografia","demografia.xlsx","estructura_edad","tabla",14,33
"Bioenergética del Norte de Antioquia","02_Demografia","demografia.xlsx","natalidad_mortalidad","tabla",16,7
"Bioenergética del Norte de Antioquia","02_Demografia","demografia.xlsx","migracion","tabla",16,7
"Bioenergética del Norte de Antioquia","02_Demografia","demografia.xlsx","_fig_01","datos de figura",13,3
"Bioenergética del Norte de Antioquia","02_Demografia","demografia.xlsx","_fig_02","datos de figura",13,5
"Bioenergética del Norte de Antioquia","02_Demografia","demografia.xlsx","_fig_03","datos de figura",13,3
"Bioenergética del Norte de Antioquia","02_Demografia","demografia.xlsx","_fig_04","datos de figura",18,3
"Bioenergética del Norte de Antioquia","02_Demografia","demografia.xlsx","_fig_05","datos de figura",13,2
"Bioenergética del Norte de Antioquia","02_Demografia","demografia.xlsx","_mapa02_densidad","datos de figura",13,4
"Bioenergética del Norte de Antioquia","03_Ordenamiento","ordenamiento.xlsx","deficit_vivienda","tabla",16,6
"Bioenergética del Norte de Antioquia","03_Ordenamiento","ordenamiento.xlsx","servicios_publicos","tabla",16,16
"Bioenergética del Norte de Antioquia","03_Ordenamiento","ordenamiento.xlsx","vias_area","tabla",14,7
"Bioenergética del Norte de Antioquia","03_Ordenamiento","ordenamiento.xlsx","vias_habitantes","tabla",14,7
"Bioenergética del Norte de Antioquia","03_Ordenamiento","ordenamiento.xlsx","catastro","tabla",14,11
"Bioenergética del Norte de Antioquia","03_Ordenamiento","ordenamiento.xlsx","imca","tabla",16,16
"Bioenergética del Norte de Antioquia","03_Ordenamiento","ordenamiento.xlsx","gobierno_digital","tabla",15,16
"Bioenergética del Norte de Antioquia","03_Ordenamiento","ordenamiento.xlsx","tti_edsup","tabla",14,5
"Bioenergética del Norte de Antioquia","03_Ordenamiento","ordenamiento.xlsx","internet_2025","tabla",14,8
"Bioenergética del Norte de Antioquia","03_Ordenamiento","ordenamiento.xlsx","uso_suelo_rural","tabla",13,5
"Bioenergética del Norte de Antioquia","03_Ordenamiento","ordenamiento.xlsx","_fig_01","datos de figura",13,2
"Bioenergética del Norte de Antioquia","03_Ordenamiento","ordenamiento.xlsx","_fig_02","datos de figura",13,2
"Bioenergética del Norte de Antioquia","03_Ordenamiento","ordenamiento.xlsx","_fig_03","datos de figura",39,3
"Bioenergética del Norte de Antioquia","03_Ordenamiento","ordenamiento.xlsx","_fig_04","datos de figura",39,3
"Bioenergética del Norte de Antioquia","03_Ordenamiento","ordenamiento.xlsx","_fig_05","datos de figura",13,2
"Bioenergética del Norte de Antioquia","03_Ordenamiento","ordenamiento.xlsx","_fig_06","datos de figura",13,2
"Bioenergética del Norte de Antioquia","03_Ordenamiento","ordenamiento.xlsx","_fig_07","datos de figura",12,3
"Bioenergética del Norte de Antioquia","03_Ordenamiento","ordenamiento.xlsx","_fig_08","datos de figura",22,3
"Bioenergética del Norte de Antioquia","03_Ordenamiento","ordenamiento.xlsx","_fig_09","datos de figura",13,2
"Bioenergética del Norte de Antioquia","03_Ordenamiento","ordenamiento.xlsx","_fig_10","datos de figura",12,2
"Bioenergética del Norte de Antioquia","03_Ordenamiento","ordenamiento.xlsx","_fig_11","datos de figura",11,2
"Bioenergética del Norte de Antioquia","03_Ordenamiento","ordenamiento.xlsx","_fig_12","datos de figura",13,2
"Bioenergética del Norte de Antioquia","03_Ordenamiento","ordenamiento.xlsx","_fig_13","datos de figura",13,2
"Bioenergética del Norte de Antioquia","03_Ordenamiento","ordenamiento.xlsx","_fig_14","datos de figura",13,2
"Bioenergética del Norte de Antioquia","03_Ordenamiento","ordenamiento.xlsx","_mapa03_deficit_vivienda","datos de figura",13,4
"Bioenergética del Norte de Antioquia","04_Gobernabilidad","gobernabilidad.xlsx","mdm","tabla",117,8
"Bioenergética del Norte de Antioquia","04_Gobernabilidad","gobernabilidad.xlsx","idf","tabla",13,9
"Bioenergética del Norte de Antioquia","04_Gobernabilidad","gobernabilidad.xlsx","ley617","tabla",142,9
"Bioenergética del Norte de Antioquia","04_Gobernabilidad","gobernabilidad.xlsx","icm","tabla",240,12
"Bioenergética del Norte de Antioquia","04_Gobernabilidad","gobernabilidad.xlsx","_fig_01","datos de figura",13,4
"Bioenergética del Norte de Antioquia","04_Gobernabilidad","gobernabilidad.xlsx","_fig_02","datos de figura",13,5
"Bioenergética del Norte de Antioquia","04_Gobernabilidad","gobernabilidad.xlsx","_fig_03","datos de figura",12,5
"Bioenergética del Norte de Antioquia","04_Gobernabilidad","gobernabilidad.xlsx","_fig_04","datos de figura",13,8
"Bioenergética del Norte de Antioquia","04_Gobernabilidad","gobernabilidad.xlsx","_fig_05","datos de figura",18,3
"Bioenergética del Norte de Antioquia","05_Economia","economia.xlsx","extranjeros_municipio","tabla",157,7
"Bioenergética del Norte de Antioquia","05_Economia","economia.xlsx","comparativo_pap_antioquia","tabla",12,5
"Bioenergética del Norte de Antioquia","05_Economia","economia.xlsx","ecv_pobreza","tabla",16,10
"Bioenergética del Norte de Antioquia","05_Economia","economia.xlsx","ecv_ipm","tabla",16,8
"Bioenergética del Norte de Antioquia","05_Economia","economia.xlsx","ecv_gini","tabla",16,16
"Bioenergética del Norte de Antioquia","05_Economia","economia.xlsx","ecv_ocupacion_informal","tabla",16,16
"Bioenergética del Norte de Antioquia","05_Economia","economia.xlsx","ecv_desocupacion_nini","tabla",16,10
"Bioenergética del Norte de Antioquia","05_Economia","economia.xlsx","turismo_instrumentos","tabla",13,8
"Bioenergética del Norte de Antioquia","05_Economia","economia.xlsx","dependencia_economica","tabla",16,5
"Bioenergética del Norte de Antioquia","05_Economia","economia.xlsx","densidad_empresarial","tabla",14,5
"Bioenergética del Norte de Antioquia","05_Economia","economia.xlsx","valor_agregado","tabla",140,15
"Bioenergética del Norte de Antioquia","05_Economia","economia.xlsx","va_actividades","tabla",140,17
"Bioenergética del Norte de Antioquia","05_Economia","economia.xlsx","energia_tecnologia","tabla",5,3
"Bioenergética del Norte de Antioquia","05_Economia","economia.xlsx","energia_centrales","tabla",12,11
"Bioenergética del Norte de Antioquia","05_Economia","economia.xlsx","energia_participacion","tabla",3,4
"Bioenergética del Norte de Antioquia","05_Economia","economia.xlsx","titulos_mineros","tabla",33,3
"Bioenergética del Norte de Antioquia","05_Economia","economia.xlsx","_fig_01","datos de figura",13,2
"Bioenergética del Norte de Antioquia","05_Economia","economia.xlsx","_fig_02","datos de figura",13,2
"Bioenergética del Norte de Antioquia","05_Economia","economia.xlsx","_fig_03","datos de figura",13,3
"Bioenergética del Norte de Antioquia","05_Economia","economia.xlsx","_fig_04","datos de figura",13,3
"Bioenergética del Norte de Antioquia","05_Economia","economia.xlsx","_fig_05","datos de figura",13,3
"Bioenergética del Norte de Antioquia","05_Economia","economia.xlsx","_fig_06","datos de figura",13,2
"Bioenergética del Norte de Antioquia","05_Economia","economia.xlsx","_fig_07","datos de figura",13,2
"Bioenergética del Norte de Antioquia","05_Economia","economia.xlsx","_fig_08","datos de figura",13,2
"Bioenergética del Norte de Antioquia","05_Economia","economia.xlsx","_fig_09","datos de figura",13,5
"Bioenergética del Norte de Antioquia","05_Economia","economia.xlsx","_fig_10","datos de figura",13,4
"Bioenergética del Norte de Antioquia","05_Economia","economia.xlsx","_fig_11","datos de figura",13,5
"Bioenergética del Norte de Antioquia","05_Economia","economia.xlsx","_fig_12","datos de figura",12,2
"Bioenergética del Norte de Antioquia","05_Economia","economia.xlsx","_fig_13","datos de figura",11,2
"Bioenergética del Norte de Antioquia","05_Economia","economia.xlsx","_fig_14","datos de figura",35,3
"Bioenergética del Norte de Antioquia","05_Economia","economia.xlsx","_fig_15","datos de figura",7,4
"Bioenergética del Norte de Antioquia","05_Economia","economia.xlsx","_mapa05_va_percapita","datos de figura",13,4
"Bioenergética del Norte de Antioquia","06_Desarrollo_Rural","desarrollo_rural.xlsx","inventario_pecuario","tabla",112,12
"Bioenergética del Norte de Antioquia","06_Desarrollo_Rural","desarrollo_rural.xlsx","participacion_municipal","tabla",91,7
"Bioenergética del Norte de Antioquia","06_Desarrollo_Rural","desarrollo_rural.xlsx","composicion_especies","tabla",91,11
"Bioenergética del Norte de Antioquia","06_Desarrollo_Rural","desarrollo_rural.xlsx","area_km2","tabla",14,5
"Bioenergética del Norte de Antioquia","06_Desarrollo_Rural","desarrollo_rural.xlsx","principales_cultivos","tabla",91,6
"Bioenergética del Norte de Antioquia","06_Desarrollo_Rural","desarrollo_rural.xlsx","composicion_agricola","tabla",98,12
"Bioenergética del Norte de Antioquia","06_Desarrollo_Rural","desarrollo_rural.xlsx","rendimiento","tabla",98,8
"Bioenergética del Norte de Antioquia","06_Desarrollo_Rural","desarrollo_rural.xlsx","_fig_01","datos de figura",13,4
"Bioenergética del Norte de Antioquia","06_Desarrollo_Rural","desarrollo_rural.xlsx","_fig_02","datos de figura",52,3
"Bioenergética del Norte de Antioquia","06_Desarrollo_Rural","desarrollo_rural.xlsx","_fig_03","datos de figura",26,4
"Bioenergética del Norte de Antioquia","06_Desarrollo_Rural","desarrollo_rural.xlsx","_fig_04","datos de figura",13,6
"Bioenergética del Norte de Antioquia","06_Desarrollo_Rural","desarrollo_rural.xlsx","_fig_05","datos de figura",13,5
"Bioenergética del Norte de Antioquia","07_Ambiental","ambiental.xlsx","detalle","tabla",9,8
"Bioenergética del Norte de Antioquia","07_Ambiental","ambiental.xlsx","irca","tabla",251,11
"Bioenergética del Norte de Antioquia","07_Ambiental","ambiental.xlsx","eventos_tipo","tabla",97,6
"Bioenergética del Norte de Antioquia","07_Ambiental","ambiental.xlsx","eventos_año","tabla",69,6
"Bioenergética del Norte de Antioquia","07_Ambiental","ambiental.xlsx","desastres_selectos","tabla",15,10
"Bioenergética del Norte de Antioquia","07_Ambiental","ambiental.xlsx","imrc","tabla",15,6
"Bioenergética del Norte de Antioquia","07_Ambiental","ambiental.xlsx","perdida_cobertura","tabla",16,5
"Bioenergética del Norte de Antioquia","07_Ambiental","ambiental.xlsx","_fig_01","datos de figura",7,3
"Bioenergética del Norte de Antioquia","07_Ambiental","ambiental.xlsx","_fig_02","datos de figura",13,4
"Bioenergética del Norte de Antioquia","07_Ambiental","ambiental.xlsx","_fig_03","datos de figura",18,3
"Bioenergética del Norte de Antioquia","07_Ambiental","ambiental.xlsx","_fig_04","datos de figura",13,2
"Bioenergética del Norte de Antioquia","07_Ambiental","ambiental.xlsx","_fig_05","datos de figura",18,2
"Bioenergética del Norte de Antioquia","07_Ambiental","ambiental.xlsx","_fig_06","datos de figura",6,2
"Bioenergética del Norte de Antioquia","07_Ambiental","ambiental.xlsx","_fig_07","datos de figura",13,3
"Bioenergética del Norte de Antioquia","07_Ambiental","ambiental.xlsx","_mapa07_perdida_cobertura","datos de figura",13,3
"Bioenergética del Norte de Antioquia","08_Educacion","educacion.xlsx","educacion","tabla",224,8
"Bioenergética del Norte de Antioquia","08_Educacion","educacion.xlsx","_fig_01","datos de figura",13,3
"Bioenergética del Norte de Antioquia","08_Educacion","educacion.xlsx","_fig_02","datos de figura",13,3
"Bioenergética del Norte de Antioquia","08_Educacion","educacion.xlsx","_fig_03","datos de figura",13,3
"Bioenergética del Norte de Antioquia","08_Educacion","educacion.xlsx","_mapa08_cobertura_neta","datos de figura",13,4
"Bioenergética del Norte de Antioquia","09_Salud","salud.xlsx","bajo_peso","tabla",16,5
"Bioenergética del Norte de Antioquia","09_Salud","salud.xlsx","enfermedades_tropicales","tabla",14,7
"Bioenergética del Norte de Antioquia","09_Salud","salud.xlsx","suicidios","tabla",16,6
"Bioenergética del Norte de Antioquia","09_Salud","salud.xlsx","aseguramiento_sgsss","tabla",14,10
"Bioenergética del Norte de Antioquia","09_Salud","salud.xlsx","mortalidad_infantil","tabla",80,6
"Bioenergética del Norte de Antioquia","09_Salud","salud.xlsx","_fig_01","datos de figura",13,4
"Bioenergética del Norte de Antioquia","09_Salud","salud.xlsx","_fig_02","datos de figura",13,2
"Bioenergética del Norte de Antioquia","09_Salud","salud.xlsx","_fig_03","datos de figura",13,4
"Bioenergética del Norte de Antioquia","09_Salud","salud.xlsx","_fig_04","datos de figura",13,3
"Bioenergética del Norte de Antioquia","09_Salud","salud.xlsx","_mapa09_mortalidad_infantil","datos de figura",13,4
"Bioenergética del Norte de Antioquia","10_Seguridad","seguridad.xlsx","coca","tabla",7,7
"Bioenergética del Norte de Antioquia","10_Seguridad","seguridad.xlsx","evoa","tabla",17,9
"Bioenergética del Norte de Antioquia","10_Seguridad","seguridad.xlsx","delitos","tabla",16,7
"Bioenergética del Norte de Antioquia","10_Seguridad","seguridad.xlsx","total_victimas","tabla",14,9
"Bioenergética del Norte de Antioquia","10_Seguridad","seguridad.xlsx","proporcion_hechos","tabla",17,3
"Bioenergética del Norte de Antioquia","10_Seguridad","seguridad.xlsx","srtdaf","tabla",16,7
"Bioenergética del Norte de Antioquia","10_Seguridad","seguridad.xlsx","tasas","tabla",16,7
"Bioenergética del Norte de Antioquia","10_Seguridad","seguridad.xlsx","P1A_barrio","tabla",8,7
"Bioenergética del Norte de Antioquia","10_Seguridad","seguridad.xlsx","P2_cambio_barrio","tabla",8,7
"Bioenergética del Norte de Antioquia","10_Seguridad","seguridad.xlsx","P4A_municipio","tabla",8,7
"Bioenergética del Norte de Antioquia","10_Seguridad","seguridad.xlsx","P6_cambio_municipio","tabla",8,7
"Bioenergética del Norte de Antioquia","10_Seguridad","seguridad.xlsx","irv","tabla",13,6
"Bioenergética del Norte de Antioquia","10_Seguridad","seguridad.xlsx","desaparecidos","tabla",14,6
"Bioenergética del Norte de Antioquia","10_Seguridad","seguridad.xlsx","_fig_01","datos de figura",16,4
"Bioenergética del Norte de Antioquia","10_Seguridad","seguridad.xlsx","_fig_02","datos de figura",13,4
"Bioenergética del Norte de Antioquia","10_Seguridad","seguridad.xlsx","_fig_03","datos de figura",13,3
"Bioenergética del Norte de Antioquia","10_Seguridad","seguridad.xlsx","_fig_04","datos de figura",13,2
"Bioenergética del Norte de Antioquia","10_Seguridad","seguridad.xlsx","_fig_05","datos de figura",16,3
"Bioenergética del Norte de Antioquia","10_Seguridad","seguridad.xlsx","_mapa10_homicidios","datos de figura",13,3
"Bioenergética del Norte de Antioquia","10_Seguridad","seguridad.xlsx","_mapa10_homicidios_dpto","datos de figura",88,3
"Del Río Grande","01_Generalidades","distribucion_territorial.xlsx","distribucion_territorial","tabla",8,6
"Del Río Grande","01_Generalidades","distribucion_territorial.xlsx","_fig_01","datos de figura",5,3
"Del Río Grande","01_Generalidades","distribucion_territorial.xlsx","_mapa00_localizacion","datos de figura",5,4
"Del Río Grande","01_Generalidades","distribucion_territorial.xlsx","_mapa01_area","datos de figura",5,3
"Del Río Grande","02_Demografia","demografia.xlsx","poblacion","tabla",8,13
"Del Río Grande","02_Demografia","demografia.xlsx","estructura_edad","tabla",6,33
"Del Río Grande","02_Demografia","demografia.xlsx","natalidad_mortalidad","tabla",8,7
"Del Río Grande","02_Demografia","demografia.xlsx","migracion","tabla",8,7
"Del Río Grande","02_Demografia","demografia.xlsx","_fig_01","datos de figura",5,3
"Del Río Grande","02_Demografia","demografia.xlsx","_fig_02","datos de figura",5,5
"Del Río Grande","02_Demografia","demografia.xlsx","_fig_03","datos de figura",5,3
"Del Río Grande","02_Demografia","demografia.xlsx","_fig_04","datos de figura",18,3
"Del Río Grande","02_Demografia","demografia.xlsx","_fig_05","datos de figura",5,2
"Del Río Grande","02_Demografia","demografia.xlsx","_mapa02_densidad","datos de figura",5,4
"Del Río Grande","03_Ordenamiento","ordenamiento.xlsx","deficit_vivienda","tabla",8,6
"Del Río Grande","03_Ordenamiento","ordenamiento.xlsx","servicios_publicos","tabla",8,16
"Del Río Grande","03_Ordenamiento","ordenamiento.xlsx","vias_area","tabla",6,7
"Del Río Grande","03_Ordenamiento","ordenamiento.xlsx","vias_habitantes","tabla",6,7
"Del Río Grande","03_Ordenamiento","ordenamiento.xlsx","catastro","tabla",6,11
"Del Río Grande","03_Ordenamiento","ordenamiento.xlsx","imca","tabla",7,16
"Del Río Grande","03_Ordenamiento","ordenamiento.xlsx","gobierno_digital","tabla",7,16
"Del Río Grande","03_Ordenamiento","ordenamiento.xlsx","tti_edsup","tabla",6,5
"Del Río Grande","03_Ordenamiento","ordenamiento.xlsx","internet_2025","tabla",6,8
"Del Río Grande","03_Ordenamiento","ordenamiento.xlsx","uso_suelo_rural","tabla",5,5
"Del Río Grande","03_Ordenamiento","ordenamiento.xlsx","_fig_01","datos de figura",5,2
"Del Río Grande","03_Ordenamiento","ordenamiento.xlsx","_fig_02","datos de figura",5,2
"Del Río Grande","03_Ordenamiento","ordenamiento.xlsx","_fig_03","datos de figura",15,3
"Del Río Grande","03_Ordenamiento","ordenamiento.xlsx","_fig_04","datos de figura",15,3
"Del Río Grande","03_Ordenamiento","ordenamiento.xlsx","_fig_05","datos de figura",5,2
"Del Río Grande","03_Ordenamiento","ordenamiento.xlsx","_fig_06","datos de figura",5,2
"Del Río Grande","03_Ordenamiento","ordenamiento.xlsx","_fig_07","datos de figura",12,3
"Del Río Grande","03_Ordenamiento","ordenamiento.xlsx","_fig_08","datos de figura",22,3
"Del Río Grande","03_Ordenamiento","ordenamiento.xlsx","_fig_09","datos de figura",5,2
"Del Río Grande","03_Ordenamiento","ordenamiento.xlsx","_fig_10","datos de figura",5,2
"Del Río Grande","03_Ordenamiento","ordenamiento.xlsx","_fig_11","datos de figura",11,2
"Del Río Grande","03_Ordenamiento","ordenamiento.xlsx","_fig_12","datos de figura",5,2
"Del Río Grande","03_Ordenamiento","ordenamiento.xlsx","_fig_13","datos de figura",5,2
"Del Río Grande","03_Ordenamiento","ordenamiento.xlsx","_fig_14","datos de figura",5,2
"Del Río Grande","03_Ordenamiento","ordenamiento.xlsx","_mapa03_deficit_vivienda","datos de figura",5,4
"Del Río Grande","04_Gobernabilidad","gobernabilidad.xlsx","mdm","tabla",45,8
"Del Río Grande","04_Gobernabilidad","gobernabilidad.xlsx","idf","tabla",5,9
"Del Río Grande","04_Gobernabilidad","gobernabilidad.xlsx","ley617","tabla",54,9
"Del Río Grande","04_Gobernabilidad","gobernabilidad.xlsx","icm","tabla",120,12
"Del Río Grande","04_Gobernabilidad","gobernabilidad.xlsx","_fig_01","datos de figura",5,4
"Del Río Grande","04_Gobernabilidad","gobernabilidad.xlsx","_fig_02","datos de figura",5,5
"Del Río Grande","04_Gobernabilidad","gobernabilidad.xlsx","_fig_03","datos de figura",5,5
"Del Río Grande","04_Gobernabilidad","gobernabilidad.xlsx","_fig_04","datos de figura",5,8
"Del Río Grande","04_Gobernabilidad","gobernabilidad.xlsx","_fig_05","datos de figura",18,3
"Del Río Grande","05_Economia","economia.xlsx","extranjeros_municipio","tabla",94,7
"Del Río Grande","05_Economia","economia.xlsx","comparativo_pap_antioquia","tabla",12,5
"Del Río Grande","05_Economia","economia.xlsx","ecv_pobreza","tabla",8,10
"Del Río Grande","05_Economia","economia.xlsx","ecv_ipm","tabla",8,8
"Del Río Grande","05_Economia","economia.xlsx","ecv_gini","tabla",8,16
"Del Río Grande","05_Economia","economia.xlsx","ecv_ocupacion_informal","tabla",8,16
"Del Río Grande","05_Economia","economia.xlsx","ecv_desocupacion_nini","tabla",8,10
"Del Río Grande","05_Economia","economia.xlsx","turismo_instrumentos","tabla",5,8
"Del Río Grande","05_Economia","economia.xlsx","dependencia_economica","tabla",8,5
"Del Río Grande","05_Economia","economia.xlsx","densidad_empresarial","tabla",6,5
"Del Río Grande","05_Economia","economia.xlsx","valor_agregado","tabla",60,15
"Del Río Grande","05_Economia","economia.xlsx","va_actividades","tabla",60,17
"Del Río Grande","05_Economia","economia.xlsx","energia_tecnologia","tabla",5,3
"Del Río Grande","05_Economia","economia.xlsx","energia_centrales","tabla",8,11
"Del Río Grande","05_Economia","economia.xlsx","energia_participacion","tabla",3,4
"Del Río Grande","05_Economia","economia.xlsx","titulos_mineros","tabla",24,3
"Del Río Grande","05_Economia","economia.xlsx","_fig_01","datos de figura",5,2
"Del Río Grande","05_Economia","economia.xlsx","_fig_02","datos de figura",5,2
"Del Río Grande","05_Economia","economia.xlsx","_fig_03","datos de figura",5,3
"Del Río Grande","05_Economia","economia.xlsx","_fig_04","datos de figura",5,3
"Del Río Grande","05_Economia","economia.xlsx","_fig_05","datos de figura",5,3
"Del Río Grande","05_Economia","economia.xlsx","_fig_06","datos de figura",5,2
"Del Río Grande","05_Economia","economia.xlsx","_fig_07","datos de figura",5,2
"Del Río Grande","05_Economia","economia.xlsx","_fig_08","datos de figura",5,2
"Del Río Grande","05_Economia","economia.xlsx","_fig_09","datos de figura",5,5
"Del Río Grande","05_Economia","economia.xlsx","_fig_10","datos de figura",5,4
"Del Río Grande","05_Economia","economia.xlsx","_fig_11","datos de figura",5,5
"Del Río Grande","05_Economia","economia.xlsx","_fig_12","datos de figura",12,2
"Del Río Grande","05_Economia","economia.xlsx","_fig_13","datos de figura",11,2
"Del Río Grande","05_Economia","economia.xlsx","_fig_14","datos de figura",33,3
"Del Río Grande","05_Economia","economia.xlsx","_fig_15","datos de figura",7,4
"Del Río Grande","05_Economia","economia.xlsx","_mapa05_va_percapita","datos de figura",5,4
"Del Río Grande","06_Desarrollo_Rural","desarrollo_rural.xlsx","inventario_pecuario","tabla",56,12
"Del Río Grande","06_Desarrollo_Rural","desarrollo_rural.xlsx","participacion_municipal","tabla",35,7
"Del Río Grande","06_Desarrollo_Rural","desarrollo_rural.xlsx","composicion_especies","tabla",35,11
"Del Río Grande","06_Desarrollo_Rural","desarrollo_rural.xlsx","area_km2","tabla",6,5
"Del Río Grande","06_Desarrollo_Rural","desarrollo_rural.xlsx","principales_cultivos","tabla",35,6
"Del Río Grande","06_Desarrollo_Rural","desarrollo_rural.xlsx","composicion_agricola","tabla",42,12
"Del Río Grande","06_Desarrollo_Rural","desarrollo_rural.xlsx","rendimiento","tabla",42,8
"Del Río Grande","06_Desarrollo_Rural","desarrollo_rural.xlsx","_fig_01","datos de figura",5,4
"Del Río Grande","06_Desarrollo_Rural","desarrollo_rural.xlsx","_fig_02","datos de figura",20,3
"Del Río Grande","06_Desarrollo_Rural","desarrollo_rural.xlsx","_fig_03","datos de figura",10,4
"Del Río Grande","06_Desarrollo_Rural","desarrollo_rural.xlsx","_fig_04","datos de figura",5,6
"Del Río Grande","06_Desarrollo_Rural","desarrollo_rural.xlsx","_fig_05","datos de figura",5,5
"Del Río Grande","07_Ambiental","ambiental.xlsx","detalle","tabla",7,8
"Del Río Grande","07_Ambiental","ambiental.xlsx","irca","tabla",108,11
"Del Río Grande","07_Ambiental","ambiental.xlsx","eventos_tipo","tabla",39,6
"Del Río Grande","07_Ambiental","ambiental.xlsx","eventos_año","tabla",23,6
"Del Río Grande","07_Ambiental","ambiental.xlsx","desastres_selectos","tabla",7,10
"Del Río Grande","07_Ambiental","ambiental.xlsx","imrc","tabla",7,6
"Del Río Grande","07_Ambiental","ambiental.xlsx","perdida_cobertura","tabla",8,5
"Del Río Grande","07_Ambiental","ambiental.xlsx","_fig_01","datos de figura",4,3
"Del Río Grande","07_Ambiental","ambiental.xlsx","_fig_02","datos de figura",5,4
"Del Río Grande","07_Ambiental","ambiental.xlsx","_fig_03","datos de figura",18,3
"Del Río Grande","07_Ambiental","ambiental.xlsx","_fig_04","datos de figura",5,2
"Del Río Grande","07_Ambiental","ambiental.xlsx","_fig_05","datos de figura",14,2
"Del Río Grande","07_Ambiental","ambiental.xlsx","_fig_06","datos de figura",6,2
"Del Río Grande","07_Ambiental","ambiental.xlsx","_fig_07","datos de figura",5,3
"Del Río Grande","07_Ambiental","ambiental.xlsx","_mapa07_perdida_cobertura","datos de figura",5,3
"Del Río Grande","08_Educacion","educacion.xlsx","educacion","tabla",112,8
"Del Río Grande","08_Educacion","educacion.xlsx","_fig_01","datos de figura",5,3
"Del Río Grande","08_Educacion","educacion.xlsx","_fig_02","datos de figura",5,3
"Del Río Grande","08_Educacion","educacion.xlsx","_fig_03","datos de figura",5,3
"Del Río Grande","08_Educacion","educacion.xlsx","_mapa08_cobertura_neta","datos de figura",5,4
"Del Río Grande","09_Salud","salud.xlsx","bajo_peso","tabla",8,5
"Del Río Grande","09_Salud","salud.xlsx","enfermedades_tropicales","tabla",6,7
"Del Río Grande","09_Salud","salud.xlsx","suicidios","tabla",8,6
"Del Río Grande","09_Salud","salud.xlsx","aseguramiento_sgsss","tabla",6,10
"Del Río Grande","09_Salud","salud.xlsx","mortalidad_infantil","tabla",40,6
"Del Río Grande","09_Salud","salud.xlsx","_fig_01","datos de figura",5,4
"Del Río Grande","09_Salud","salud.xlsx","_fig_02","datos de figura",5,2
"Del Río Grande","09_Salud","salud.xlsx","_fig_03","datos de figura",5,4
"Del Río Grande","09_Salud","salud.xlsx","_fig_04","datos de figura",5,3
"Del Río Grande","09_Salud","salud.xlsx","_mapa09_mortalidad_infantil","datos de figura",5,4
"Del Río Grande","10_Seguridad","seguridad.xlsx","coca","tabla",1,7
"Del Río Grande","10_Seguridad","seguridad.xlsx","evoa","tabla",9,9
"Del Río Grande","10_Seguridad","seguridad.xlsx","delitos","tabla",8,7
"Del Río Grande","10_Seguridad","seguridad.xlsx","total_victimas","tabla",6,9
"Del Río Grande","10_Seguridad","seguridad.xlsx","proporcion_hechos","tabla",17,3
"Del Río Grande","10_Seguridad","seguridad.xlsx","srtdaf","tabla",8,7
"Del Río Grande","10_Seguridad","seguridad.xlsx","tasas","tabla",8,7
"Del Río Grande","10_Seguridad","seguridad.xlsx","P1A_barrio","tabla",8,7
"Del Río Grande","10_Seguridad","seguridad.xlsx","P2_cambio_barrio","tabla",8,7
"Del Río Grande","10_Seguridad","seguridad.xlsx","P4A_municipio","tabla",8,7
"Del Río Grande","10_Seguridad","seguridad.xlsx","P6_cambio_municipio","tabla",8,7
"Del Río Grande","10_Seguridad","seguridad.xlsx","irv","tabla",5,6
"Del Río Grande","10_Seguridad","seguridad.xlsx","desaparecidos","tabla",6,6
"Del Río Grande","10_Seguridad","seguridad.xlsx","_fig_01","datos de figura",16,4
"Del Río Grande","10_Seguridad","seguridad.xlsx","_fig_02","datos de figura",5,4
"Del Río Grande","10_Seguridad","seguridad.xlsx","_fig_03","datos de figura",5,3
"Del Río Grande","10_Seguridad","seguridad.xlsx","_fig_04","datos de figura",5,2
"Del Río Grande","10_Seguridad","seguridad.xlsx","_fig_05","datos de figura",16,3
"Del Río Grande","10_Seguridad","seguridad.xlsx","_mapa10_homicidios","datos de figura",5,3
"Del Río Grande","10_Seguridad","seguridad.xlsx","_mapa10_homicidios_dpto","datos de figura",88,3
"Turística y Agroecológica","01_Generalidades","distribucion_territorial.xlsx","distribucion_territorial","tabla",10,6
"Turística y Agroecológica","01_Generalidades","distribucion_territorial.xlsx","_fig_01","datos de figura",7,3
"Turística y Agroecológica","01_Generalidades","distribucion_territorial.xlsx","_mapa00_localizacion","datos de figura",7,4
"Turística y Agroecológica","01_Generalidades","distribucion_territorial.xlsx","_mapa01_area","datos de figura",7,3
"Turística y Agroecológica","02_Demografia","demografia.xlsx","poblacion","tabla",10,13
"Turística y Agroecológica","02_Demografia","demografia.xlsx","estructura_edad","tabla",8,33
"Turística y Agroecológica","02_Demografia","demografia.xlsx","natalidad_mortalidad","tabla",10,7
"Turística y Agroecológica","02_Demografia","demografia.xlsx","migracion","tabla",10,7
"Turística y Agroecológica","02_Demografia","demografia.xlsx","_fig_01","datos de figura",7,3
"Turística y Agroecológica","02_Demografia","demografia.xlsx","_fig_02","datos de figura",7,5
"Turística y Agroecológica","02_Demografia","demografia.xlsx","_fig_03","datos de figura",7,3
"Turística y Agroecológica","02_Demografia","demografia.xlsx","_fig_04","datos de figura",18,3
"Turística y Agroecológica","02_Demografia","demografia.xlsx","_fig_05","datos de figura",7,2
"Turística y Agroecológica","02_Demografia","demografia.xlsx","_mapa02_densidad","datos de figura",7,4
"Turística y Agroecológica","03_Ordenamiento","ordenamiento.xlsx","deficit_vivienda","tabla",10,6
"Turística y Agroecológica","03_Ordenamiento","ordenamiento.xlsx","servicios_publicos","tabla",10,16
"Turística y Agroecológica","03_Ordenamiento","ordenamiento.xlsx","vias_area","tabla",8,7
"Turística y Agroecológica","03_Ordenamiento","ordenamiento.xlsx","vias_habitantes","tabla",8,7
"Turística y Agroecológica","03_Ordenamiento","ordenamiento.xlsx","catastro","tabla",8,11
"Turística y Agroecológica","03_Ordenamiento","ordenamiento.xlsx","imca","tabla",9,16
"Turística y Agroecológica","03_Ordenamiento","ordenamiento.xlsx","gobierno_digital","tabla",9,16
"Turística y Agroecológica","03_Ordenamiento","ordenamiento.xlsx","tti_edsup","tabla",8,5
"Turística y Agroecológica","03_Ordenamiento","ordenamiento.xlsx","internet_2025","tabla",8,8
"Turística y Agroecológica","03_Ordenamiento","ordenamiento.xlsx","uso_suelo_rural","tabla",7,5
"Turística y Agroecológica","03_Ordenamiento","ordenamiento.xlsx","_fig_01","datos de figura",5,2
"Turística y Agroecológica","03_Ordenamiento","ordenamiento.xlsx","_fig_02","datos de figura",7,2
"Turística y Agroecológica","03_Ordenamiento","ordenamiento.xlsx","_fig_03","datos de figura",21,3
"Turística y Agroecológica","03_Ordenamiento","ordenamiento.xlsx","_fig_04","datos de figura",21,3
"Turística y Agroecológica","03_Ordenamiento","ordenamiento.xlsx","_fig_05","datos de figura",7,2
"Turística y Agroecológica","03_Ordenamiento","ordenamiento.xlsx","_fig_06","datos de figura",7,2
"Turística y Agroecológica","03_Ordenamiento","ordenamiento.xlsx","_fig_07","datos de figura",12,3
"Turística y Agroecológica","03_Ordenamiento","ordenamiento.xlsx","_fig_08","datos de figura",22,3
"Turística y Agroecológica","03_Ordenamiento","ordenamiento.xlsx","_fig_09","datos de figura",7,2
"Turística y Agroecológica","03_Ordenamiento","ordenamiento.xlsx","_fig_10","datos de figura",7,2
"Turística y Agroecológica","03_Ordenamiento","ordenamiento.xlsx","_fig_11","datos de figura",11,2
"Turística y Agroecológica","03_Ordenamiento","ordenamiento.xlsx","_fig_12","datos de figura",7,2
"Turística y Agroecológica","03_Ordenamiento","ordenamiento.xlsx","_fig_13","datos de figura",7,2
"Turística y Agroecológica","03_Ordenamiento","ordenamiento.xlsx","_fig_14","datos de figura",7,2
"Turística y Agroecológica","03_Ordenamiento","ordenamiento.xlsx","_mapa03_deficit_vivienda","datos de figura",7,4
"Turística y Agroecológica","04_Gobernabilidad","gobernabilidad.xlsx","mdm","tabla",63,8
"Turística y Agroecológica","04_Gobernabilidad","gobernabilidad.xlsx","idf","tabla",7,9
"Turística y Agroecológica","04_Gobernabilidad","gobernabilidad.xlsx","ley617","tabla",77,9
"Turística y Agroecológica","04_Gobernabilidad","gobernabilidad.xlsx","icm","tabla",150,12
"Turística y Agroecológica","04_Gobernabilidad","gobernabilidad.xlsx","_fig_01","datos de figura",7,4
"Turística y Agroecológica","04_Gobernabilidad","gobernabilidad.xlsx","_fig_02","datos de figura",7,5
"Turística y Agroecológica","04_Gobernabilidad","gobernabilidad.xlsx","_fig_03","datos de figura",7,5
"Turística y Agroecológica","04_Gobernabilidad","gobernabilidad.xlsx","_fig_04","datos de figura",7,8
"Turística y Agroecológica","04_Gobernabilidad","gobernabilidad.xlsx","_fig_05","datos de figura",18,3
"Turística y Agroecológica","05_Economia","economia.xlsx","extranjeros_municipio","tabla",112,7
"Turística y Agroecológica","05_Economia","economia.xlsx","comparativo_pap_antioquia","tabla",12,5
"Turística y Agroecológica","05_Economia","economia.xlsx","ecv_pobreza","tabla",10,10
"Turística y Agroecológica","05_Economia","economia.xlsx","ecv_ipm","tabla",10,8
"Turística y Agroecológica","05_Economia","economia.xlsx","ecv_gini","tabla",10,16
"Turística y Agroecológica","05_Economia","economia.xlsx","ecv_ocupacion_informal","tabla",10,16
"Turística y Agroecológica","05_Economia","economia.xlsx","ecv_desocupacion_nini","tabla",10,10
"Turística y Agroecológica","05_Economia","economia.xlsx","turismo_instrumentos","tabla",7,8
"Turística y Agroecológica","05_Economia","economia.xlsx","dependencia_economica","tabla",10,5
"Turística y Agroecológica","05_Economia","economia.xlsx","densidad_empresarial","tabla",8,5
"Turística y Agroecológica","05_Economia","economia.xlsx","valor_agregado","tabla",80,15
"Turística y Agroecológica","05_Economia","economia.xlsx","va_actividades","tabla",80,17
"Turística y Agroecológica","05_Economia","economia.xlsx","energia_tecnologia","tabla",5,3
"Turística y Agroecológica","05_Economia","economia.xlsx","energia_centrales","tabla",1,11
"Turística y Agroecológica","05_Economia","economia.xlsx","energia_participacion","tabla",3,4
"Turística y Agroecológica","05_Economia","economia.xlsx","titulos_mineros","tabla",36,3
"Turística y Agroecológica","05_Economia","economia.xlsx","_fig_01","datos de figura",7,2
"Turística y Agroecológica","05_Economia","economia.xlsx","_fig_02","datos de figura",7,2
"Turística y Agroecológica","05_Economia","economia.xlsx","_fig_03","datos de figura",7,3
"Turística y Agroecológica","05_Economia","economia.xlsx","_fig_04","datos de figura",7,3
"Turística y Agroecológica","05_Economia","economia.xlsx","_fig_05","datos de figura",7,3
"Turística y Agroecológica","05_Economia","economia.xlsx","_fig_06","datos de figura",7,2
"Turística y Agroecológica","05_Economia","economia.xlsx","_fig_07","datos de figura",7,2
"Turística y Agroecológica","05_Economia","economia.xlsx","_fig_08","datos de figura",7,2
"Turística y Agroecológica","05_Economia","economia.xlsx","_fig_09","datos de figura",7,5
"Turística y Agroecológica","05_Economia","economia.xlsx","_fig_10","datos de figura",7,4
"Turística y Agroecológica","05_Economia","economia.xlsx","_fig_11","datos de figura",7,5
"Turística y Agroecológica","05_Economia","economia.xlsx","_fig_12","datos de figura",12,2
"Turística y Agroecológica","05_Economia","economia.xlsx","_fig_13","datos de figura",11,2
"Turística y Agroecológica","05_Economia","economia.xlsx","_fig_14","datos de figura",35,3
"Turística y Agroecológica","05_Economia","economia.xlsx","_fig_15","datos de figura",7,4
"Turística y Agroecológica","05_Economia","economia.xlsx","_mapa05_va_percapita","datos de figura",7,4
"Turística y Agroecológica","06_Desarrollo_Rural","desarrollo_rural.xlsx","inventario_pecuario","tabla",70,12
"Turística y Agroecológica","06_Desarrollo_Rural","desarrollo_rural.xlsx","participacion_municipal","tabla",49,7
"Turística y Agroecológica","06_Desarrollo_Rural","desarrollo_rural.xlsx","composicion_especies","tabla",49,11
"Turística y Agroecológica","06_Desarrollo_Rural","desarrollo_rural.xlsx","area_km2","tabla",8,5
"Turística y Agroecológica","06_Desarrollo_Rural","desarrollo_rural.xlsx","principales_cultivos","tabla",49,6
"Turística y Agroecológica","06_Desarrollo_Rural","desarrollo_rural.xlsx","composicion_agricola","tabla",56,12
"Turística y Agroecológica","06_Desarrollo_Rural","desarrollo_rural.xlsx","rendimiento","tabla",56,8
"Turística y Agroecológica","06_Desarrollo_Rural","desarrollo_rural.xlsx","_fig_01","datos de figura",7,4
"Turística y Agroecológica","06_Desarrollo_Rural","desarrollo_rural.xlsx","_fig_02","datos de figura",28,3
"Turística y Agroecológica","06_Desarrollo_Rural","desarrollo_rural.xlsx","_fig_03","datos de figura",14,4
"Turística y Agroecológica","06_Desarrollo_Rural","desarrollo_rural.xlsx","_fig_04","datos de figura",7,6
"Turística y Agroecológica","06_Desarrollo_Rural","desarrollo_rural.xlsx","_fig_05","datos de figura",7,5
"Turística y Agroecológica","07_Ambiental","ambiental.xlsx","detalle","tabla",9,8
"Turística y Agroecológica","07_Ambiental","ambiental.xlsx","irca","tabla",143,11
"Turística y Agroecológica","07_Ambiental","ambiental.xlsx","eventos_tipo","tabla",50,6
"Turística y Agroecológica","07_Ambiental","ambiental.xlsx","eventos_año","tabla",38,6
"Turística y Agroecológica","07_Ambiental","ambiental.xlsx","desastres_selectos","tabla",9,10
"Turística y Agroecológica","07_Ambiental","ambiental.xlsx","imrc","tabla",9,6
"Turística y Agroecológica","07_Ambiental","ambiental.xlsx","perdida_cobertura","tabla",10,5
"Turística y Agroecológica","07_Ambiental","ambiental.xlsx","_fig_01","datos de figura",6,3
"Turística y Agroecológica","07_Ambiental","ambiental.xlsx","_fig_02","datos de figura",7,4
"Turística y Agroecológica","07_Ambiental","ambiental.xlsx","_fig_03","datos de figura",18,3
"Turística y Agroecológica","07_Ambiental","ambiental.xlsx","_fig_04","datos de figura",7,2
"Turística y Agroecológica","07_Ambiental","ambiental.xlsx","_fig_05","datos de figura",11,2
"Turística y Agroecológica","07_Ambiental","ambiental.xlsx","_fig_06","datos de figura",6,2
"Turística y Agroecológica","07_Ambiental","ambiental.xlsx","_fig_07","datos de figura",7,3
"Turística y Agroecológica","07_Ambiental","ambiental.xlsx","_mapa07_perdida_cobertura","datos de figura",7,3
"Turística y Agroecológica","08_Educacion","educacion.xlsx","educacion","tabla",140,8
"Turística y Agroecológica","08_Educacion","educacion.xlsx","_fig_01","datos de figura",7,3
"Turística y Agroecológica","08_Educacion","educacion.xlsx","_fig_02","datos de figura",7,3
"Turística y Agroecológica","08_Educacion","educacion.xlsx","_fig_03","datos de figura",7,3
"Turística y Agroecológica","08_Educacion","educacion.xlsx","_mapa08_cobertura_neta","datos de figura",7,4
"Turística y Agroecológica","09_Salud","salud.xlsx","bajo_peso","tabla",10,5
"Turística y Agroecológica","09_Salud","salud.xlsx","enfermedades_tropicales","tabla",8,7
"Turística y Agroecológica","09_Salud","salud.xlsx","suicidios","tabla",10,6
"Turística y Agroecológica","09_Salud","salud.xlsx","aseguramiento_sgsss","tabla",8,10
"Turística y Agroecológica","09_Salud","salud.xlsx","mortalidad_infantil","tabla",50,6
"Turística y Agroecológica","09_Salud","salud.xlsx","_fig_01","datos de figura",7,4
"Turística y Agroecológica","09_Salud","salud.xlsx","_fig_02","datos de figura",7,2
"Turística y Agroecológica","09_Salud","salud.xlsx","_fig_03","datos de figura",7,4
"Turística y Agroecológica","09_Salud","salud.xlsx","_fig_04","datos de figura",7,3
"Turística y Agroecológica","09_Salud","salud.xlsx","_mapa09_mortalidad_infantil","datos de figura",7,4
"Turística y Agroecológica","10_Seguridad","seguridad.xlsx","coca","tabla",1,7
"Turística y Agroecológica","10_Seguridad","seguridad.xlsx","evoa","tabla",9,9
"Turística y Agroecológica","10_Seguridad","seguridad.xlsx","delitos","tabla",10,7
"Turística y Agroecológica","10_Seguridad","seguridad.xlsx","total_victimas","tabla",8,9
"Turística y Agroecológica","10_Seguridad","seguridad.xlsx","proporcion_hechos","tabla",17,3
"Turística y Agroecológica","10_Seguridad","seguridad.xlsx","srtdaf","tabla",10,7
"Turística y Agroecológica","10_Seguridad","seguridad.xlsx","tasas","tabla",10,7
"Turística y Agroecológica","10_Seguridad","seguridad.xlsx","P1A_barrio","tabla",8,7
"Turística y Agroecológica","10_Seguridad","seguridad.xlsx","P2_cambio_barrio","tabla",8,7
"Turística y Agroecológica","10_Seguridad","seguridad.xlsx","P4A_municipio","tabla",8,7
"Turística y Agroecológica","10_Seguridad","seguridad.xlsx","P6_cambio_municipio","tabla",8,7
"Turística y Agroecológica","10_Seguridad","seguridad.xlsx","irv","tabla",7,6
"Turística y Agroecológica","10_Seguridad","seguridad.xlsx","desaparecidos","tabla",8,6
"Turística y Agroecológica","10_Seguridad","seguridad.xlsx","_fig_01","datos de figura",16,4
"Turística y Agroecológica","10_Seguridad","seguridad.xlsx","_fig_02","datos de figura",7,4
"Turística y Agroecológica","10_Seguridad","seguridad.xlsx","_fig_03","datos de figura",7,3
"Turística y Agroecológica","10_Seguridad","seguridad.xlsx","_fig_04","datos de figura",7,2
"Turística y Agroecológica","10_Seguridad","seguridad.xlsx","_fig_05","datos de figura",16,3
"Turística y Agroecológica","10_Seguridad","seguridad.xlsx","_mapa10_homicidios","datos de figura",7,3
"Turística y Agroecológica","10_Seguridad","seguridad.xlsx","_mapa10_homicidios_dpto","datos de figura",88,3
"Agua, Bosques y Turismo","01_Generalidades","distribucion_territorial.xlsx","distribucion_territorial","tabla",15,6
"Agua, Bosques y Turismo","01_Generalidades","distribucion_territorial.xlsx","_fig_01","datos de figura",12,3
"Agua, Bosques y Turismo","01_Generalidades","distribucion_territorial.xlsx","_mapa00_localizacion","datos de figura",12,4
"Agua, Bosques y Turismo","01_Generalidades","distribucion_territorial.xlsx","_mapa01_area","datos de figura",12,3
"Agua, Bosques y Turismo","02_Demografia","demografia.xlsx","poblacion","tabla",15,13
"Agua, Bosques y Turismo","02_Demografia","demografia.xlsx","estructura_edad","tabla",13,33
"Agua, Bosques y Turismo","02_Demografia","demografia.xlsx","natalidad_mortalidad","tabla",15,7
"Agua, Bosques y Turismo","02_Demografia","demografia.xlsx","migracion","tabla",15,7
"Agua, Bosques y Turismo","02_Demografia","demografia.xlsx","_fig_01","datos de figura",12,3
"Agua, Bosques y Turismo","02_Demografia","demografia.xlsx","_fig_02","datos de figura",12,5
"Agua, Bosques y Turismo","02_Demografia","demografia.xlsx","_fig_03","datos de figura",12,3
"Agua, Bosques y Turismo","02_Demografia","demografia.xlsx","_fig_04","datos de figura",18,3
"Agua, Bosques y Turismo","02_Demografia","demografia.xlsx","_fig_05","datos de figura",12,2
"Agua, Bosques y Turismo","02_Demografia","demografia.xlsx","_mapa02_densidad","datos de figura",12,4
"Agua, Bosques y Turismo","03_Ordenamiento","ordenamiento.xlsx","deficit_vivienda","tabla",15,6
"Agua, Bosques y Turismo","03_Ordenamiento","ordenamiento.xlsx","servicios_publicos","tabla",15,16
"Agua, Bosques y Turismo","03_Ordenamiento","ordenamiento.xlsx","vias_area","tabla",13,7
"Agua, Bosques y Turismo","03_Ordenamiento","ordenamiento.xlsx","vias_habitantes","tabla",13,7
"Agua, Bosques y Turismo","03_Ordenamiento","ordenamiento.xlsx","catastro","tabla",11,11
"Agua, Bosques y Turismo","03_Ordenamiento","ordenamiento.xlsx","imca","tabla",14,16
"Agua, Bosques y Turismo","03_Ordenamiento","ordenamiento.xlsx","gobierno_digital","tabla",14,16
"Agua, Bosques y Turismo","03_Ordenamiento","ordenamiento.xlsx","tti_edsup","tabla",13,5
"Agua, Bosques y Turismo","03_Ordenamiento","ordenamiento.xlsx","internet_2025","tabla",13,8
"Agua, Bosques y Turismo","03_Ordenamiento","ordenamiento.xlsx","uso_suelo_rural","tabla",12,5
"Agua, Bosques y Turismo","03_Ordenamiento","ordenamiento.xlsx","_fig_01","datos de figura",7,2
"Agua, Bosques y Turismo","03_Ordenamiento","ordenamiento.xlsx","_fig_02","datos de figura",10,2
"Agua, Bosques y Turismo","03_Ordenamiento","ordenamiento.xlsx","_fig_03","datos de figura",36,3
"Agua, Bosques y Turismo","03_Ordenamiento","ordenamiento.xlsx","_fig_04","datos de figura",36,3
"Agua, Bosques y Turismo","03_Ordenamiento","ordenamiento.xlsx","_fig_05","datos de figura",12,2
"Agua, Bosques y Turismo","03_Ordenamiento","ordenamiento.xlsx","_fig_06","datos de figura",12,2
"Agua, Bosques y Turismo","03_Ordenamiento","ordenamiento.xlsx","_fig_07","datos de figura",12,3
"Agua, Bosques y Turismo","03_Ordenamiento","ordenamiento.xlsx","_fig_08","datos de figura",22,3
"Agua, Bosques y Turismo","03_Ordenamiento","ordenamiento.xlsx","_fig_09","datos de figura",12,2
"Agua, Bosques y Turismo","03_Ordenamiento","ordenamiento.xlsx","_fig_10","datos de figura",12,2
"Agua, Bosques y Turismo","03_Ordenamiento","ordenamiento.xlsx","_fig_11","datos de figura",11,2
"Agua, Bosques y Turismo","03_Ordenamiento","ordenamiento.xlsx","_fig_12","datos de figura",12,2
"Agua, Bosques y Turismo","03_Ordenamiento","ordenamiento.xlsx","_fig_13","datos de figura",12,2
"Agua, Bosques y Turismo","03_Ordenamiento","ordenamiento.xlsx","_fig_14","datos de figura",12,2
"Agua, Bosques y Turismo","03_Ordenamiento","ordenamiento.xlsx","_mapa03_deficit_vivienda","datos de figura",12,4
"Agua, Bosques y Turismo","04_Gobernabilidad","gobernabilidad.xlsx","mdm","tabla",108,8
"Agua, Bosques y Turismo","04_Gobernabilidad","gobernabilidad.xlsx","idf","tabla",12,9
"Agua, Bosques y Turismo","04_Gobernabilidad","gobernabilidad.xlsx","ley617","tabla",132,9
"Agua, Bosques y Turismo","04_Gobernabilidad","gobernabilidad.xlsx","icm","tabla",225,12
"Agua, Bosques y Turismo","04_Gobernabilidad","gobernabilidad.xlsx","_fig_01","datos de figura",12,4
"Agua, Bosques y Turismo","04_Gobernabilidad","gobernabilidad.xlsx","_fig_02","datos de figura",12,5
"Agua, Bosques y Turismo","04_Gobernabilidad","gobernabilidad.xlsx","_fig_03","datos de figura",12,5
"Agua, Bosques y Turismo","04_Gobernabilidad","gobernabilidad.xlsx","_fig_04","datos de figura",12,8
"Agua, Bosques y Turismo","04_Gobernabilidad","gobernabilidad.xlsx","_fig_05","datos de figura",18,3
"Agua, Bosques y Turismo","05_Economia","economia.xlsx","extranjeros_municipio","tabla",164,7
"Agua, Bosques y Turismo","05_Economia","economia.xlsx","comparativo_pap_antioquia","tabla",12,5
"Agua, Bosques y Turismo","05_Economia","economia.xlsx","ecv_pobreza","tabla",15,10
"Agua, Bosques y Turismo","05_Economia","economia.xlsx","ecv_ipm","tabla",15,8
"Agua, Bosques y Turismo","05_Economia","economia.xlsx","ecv_gini","tabla",15,16
"Agua, Bosques y Turismo","05_Economia","economia.xlsx","ecv_ocupacion_informal","tabla",15,16
"Agua, Bosques y Turismo","05_Economia","economia.xlsx","ecv_desocupacion_nini","tabla",15,10
"Agua, Bosques y Turismo","05_Economia","economia.xlsx","turismo_instrumentos","tabla",12,8
"Agua, Bosques y Turismo","05_Economia","economia.xlsx","dependencia_economica","tabla",15,5
"Agua, Bosques y Turismo","05_Economia","economia.xlsx","densidad_empresarial","tabla",13,5
"Agua, Bosques y Turismo","05_Economia","economia.xlsx","valor_agregado","tabla",130,15
"Agua, Bosques y Turismo","05_Economia","economia.xlsx","va_actividades","tabla",130,17
"Agua, Bosques y Turismo","05_Economia","economia.xlsx","energia_tecnologia","tabla",5,3
"Agua, Bosques y Turismo","05_Economia","economia.xlsx","energia_centrales","tabla",13,11
"Agua, Bosques y Turismo","05_Economia","economia.xlsx","energia_participacion","tabla",3,4
"Agua, Bosques y Turismo","05_Economia","economia.xlsx","titulos_mineros","tabla",38,3
"Agua, Bosques y Turismo","05_Economia","economia.xlsx","_fig_01","datos de figura",12,2
"Agua, Bosques y Turismo","05_Economia","economia.xlsx","_fig_02","datos de figura",12,2
"Agua, Bosques y Turismo","05_Economia","economia.xlsx","_fig_03","datos de figura",12,3
"Agua, Bosques y Turismo","05_Economia","economia.xlsx","_fig_04","datos de figura",12,3
"Agua, Bosques y Turismo","05_Economia","economia.xlsx","_fig_05","datos de figura",12,3
"Agua, Bosques y Turismo","05_Economia","economia.xlsx","_fig_06","datos de figura",12,2
"Agua, Bosques y Turismo","05_Economia","economia.xlsx","_fig_07","datos de figura",12,2
"Agua, Bosques y Turismo","05_Economia","economia.xlsx","_fig_08","datos de figura",12,2
"Agua, Bosques y Turismo","05_Economia","economia.xlsx","_fig_09","datos de figura",12,5
"Agua, Bosques y Turismo","05_Economia","economia.xlsx","_fig_10","datos de figura",12,4
"Agua, Bosques y Turismo","05_Economia","economia.xlsx","_fig_11","datos de figura",12,5
"Agua, Bosques y Turismo","05_Economia","economia.xlsx","_fig_12","datos de figura",12,2
"Agua, Bosques y Turismo","05_Economia","economia.xlsx","_fig_13","datos de figura",11,2
"Agua, Bosques y Turismo","05_Economia","economia.xlsx","_fig_14","datos de figura",35,3
"Agua, Bosques y Turismo","05_Economia","economia.xlsx","_fig_15","datos de figura",7,4
"Agua, Bosques y Turismo","05_Economia","economia.xlsx","_mapa05_va_percapita","datos de figura",12,4
"Agua, Bosques y Turismo","06_Desarrollo_Rural","desarrollo_rural.xlsx","inventario_pecuario","tabla",105,12
"Agua, Bosques y Turismo","06_Desarrollo_Rural","desarrollo_rural.xlsx","participacion_municipal","tabla",84,7
"Agua, Bosques y Turismo","06_Desarrollo_Rural","desarrollo_rural.xlsx","composicion_especies","tabla",84,11
"Agua, Bosques y Turismo","06_Desarrollo_Rural","desarrollo_rural.xlsx","area_km2","tabla",13,5
"Agua, Bosques y Turismo","06_Desarrollo_Rural","desarrollo_rural.xlsx","principales_cultivos","tabla",84,6
"Agua, Bosques y Turismo","06_Desarrollo_Rural","desarrollo_rural.xlsx","composicion_agricola","tabla",91,12
"Agua, Bosques y Turismo","06_Desarrollo_Rural","desarrollo_rural.xlsx","rendimiento","tabla",91,8
"Agua, Bosques y Turismo","06_Desarrollo_Rural","desarrollo_rural.xlsx","_fig_01","datos de figura",12,4
"Agua, Bosques y Turismo","06_Desarrollo_Rural","desarrollo_rural.xlsx","_fig_02","datos de figura",48,3
"Agua, Bosques y Turismo","06_Desarrollo_Rural","desarrollo_rural.xlsx","_fig_03","datos de figura",24,4
"Agua, Bosques y Turismo","06_Desarrollo_Rural","desarrollo_rural.xlsx","_fig_04","datos de figura",12,6
"Agua, Bosques y Turismo","06_Desarrollo_Rural","desarrollo_rural.xlsx","_fig_05","datos de figura",12,5
"Agua, Bosques y Turismo","07_Ambiental","ambiental.xlsx","detalle","tabla",66,8
"Agua, Bosques y Turismo","07_Ambiental","ambiental.xlsx","irca","tabla",234,11
"Agua, Bosques y Turismo","07_Ambiental","ambiental.xlsx","eventos_tipo","tabla",102,6
"Agua, Bosques y Turismo","07_Ambiental","ambiental.xlsx","eventos_año","tabla",64,6
"Agua, Bosques y Turismo","07_Ambiental","ambiental.xlsx","desastres_selectos","tabla",14,10
"Agua, Bosques y Turismo","07_Ambiental","ambiental.xlsx","imrc","tabla",14,6
"Agua, Bosques y Turismo","07_Ambiental","ambiental.xlsx","perdida_cobertura","tabla",15,5
"Agua, Bosques y Turismo","07_Ambiental","ambiental.xlsx","_fig_01","datos de figura",12,3
"Agua, Bosques y Turismo","07_Ambiental","ambiental.xlsx","_fig_02","datos de figura",12,4
"Agua, Bosques y Turismo","07_Ambiental","ambiental.xlsx","_fig_03","datos de figura",18,3
"Agua, Bosques y Turismo","07_Ambiental","ambiental.xlsx","_fig_04","datos de figura",12,2
"Agua, Bosques y Turismo","07_Ambiental","ambiental.xlsx","_fig_05","datos de figura",19,2
"Agua, Bosques y Turismo","07_Ambiental","ambiental.xlsx","_fig_06","datos de figura",6,2
"Agua, Bosques y Turismo","07_Ambiental","ambiental.xlsx","_fig_07","datos de figura",12,3
"Agua, Bosques y Turismo","07_Ambiental","ambiental.xlsx","_mapa07_perdida_cobertura","datos de figura",12,3
"Agua, Bosques y Turismo","08_Educacion","educacion.xlsx","educacion","tabla",210,8
"Agua, Bosques y Turismo","08_Educacion","educacion.xlsx","_fig_01","datos de figura",12,3
"Agua, Bosques y Turismo","08_Educacion","educacion.xlsx","_fig_02","datos de figura",12,3
"Agua, Bosques y Turismo","08_Educacion","educacion.xlsx","_fig_03","datos de figura",12,3
"Agua, Bosques y Turismo","08_Educacion","educacion.xlsx","_mapa08_cobertura_neta","datos de figura",12,4
"Agua, Bosques y Turismo","09_Salud","salud.xlsx","bajo_peso","tabla",15,5
"Agua, Bosques y Turismo","09_Salud","salud.xlsx","enfermedades_tropicales","tabla",13,7
"Agua, Bosques y Turismo","09_Salud","salud.xlsx","suicidios","tabla",15,6
"Agua, Bosques y Turismo","09_Salud","salud.xlsx","aseguramiento_sgsss","tabla",13,10
"Agua, Bosques y Turismo","09_Salud","salud.xlsx","mortalidad_infantil","tabla",75,6
"Agua, Bosques y Turismo","09_Salud","salud.xlsx","_fig_01","datos de figura",12,4
"Agua, Bosques y Turismo","09_Salud","salud.xlsx","_fig_02","datos de figura",12,2
"Agua, Bosques y Turismo","09_Salud","salud.xlsx","_fig_03","datos de figura",12,4
"Agua, Bosques y Turismo","09_Salud","salud.xlsx","_fig_04","datos de figura",12,3
"Agua, Bosques y Turismo","09_Salud","salud.xlsx","_mapa09_mortalidad_infantil","datos de figura",12,4
"Agua, Bosques y Turismo","10_Seguridad","seguridad.xlsx","coca","tabla",4,7
"Agua, Bosques y Turismo","10_Seguridad","seguridad.xlsx","evoa","tabla",9,9
"Agua, Bosques y Turismo","10_Seguridad","seguridad.xlsx","delitos","tabla",15,7
"Agua, Bosques y Turismo","10_Seguridad","seguridad.xlsx","total_victimas","tabla",13,9
"Agua, Bosques y Turismo","10_Seguridad","seguridad.xlsx","proporcion_hechos","tabla",17,3
"Agua, Bosques y Turismo","10_Seguridad","seguridad.xlsx","srtdaf","tabla",15,7
"Agua, Bosques y Turismo","10_Seguridad","seguridad.xlsx","tasas","tabla",15,7
"Agua, Bosques y Turismo","10_Seguridad","seguridad.xlsx","P1A_barrio","tabla",8,7
"Agua, Bosques y Turismo","10_Seguridad","seguridad.xlsx","P2_cambio_barrio","tabla",8,7
"Agua, Bosques y Turismo","10_Seguridad","seguridad.xlsx","P4A_municipio","tabla",8,7
"Agua, Bosques y Turismo","10_Seguridad","seguridad.xlsx","P6_cambio_municipio","tabla",8,7
"Agua, Bosques y Turismo","10_Seguridad","seguridad.xlsx","irv","tabla",12,6
"Agua, Bosques y Turismo","10_Seguridad","seguridad.xlsx","desaparecidos","tabla",13,6
"Agua, Bosques y Turismo","10_Seguridad","seguridad.xlsx","_fig_01","datos de figura",16,4
"Agua, Bosques y Turismo","10_Seguridad","seguridad.xlsx","_fig_02","datos de figura",12,4
"Agua, Bosques y Turismo","10_Seguridad","seguridad.xlsx","_fig_03","datos de figura",12,3
"Agua, Bosques y Turismo","10_Seguridad","seguridad.xlsx","_fig_04","datos de figura",12,2
"Agua, Bosques y Turismo","10_Seguridad","seguridad.xlsx","_fig_05","datos de figura",16,3
"Agua, Bosques y Turismo","10_Seguridad","seguridad.xlsx","_mapa10_homicidios","datos de figura",12,3
"Agua, Bosques y Turismo","10_Seguridad","seguridad.xlsx","_mapa10_homicidios_dpto","datos de figura",88,3
"Cartama","01_Generalidades","distribucion_territorial.xlsx","distribucion_territorial","tabla",14,6
"Cartama","01_Generalidades","distribucion_territorial.xlsx","_fig_01","datos de figura",11,3
"Cartama","01_Generalidades","distribucion_territorial.xlsx","_mapa00_localizacion","datos de figura",11,4
"Cartama","01_Generalidades","distribucion_territorial.xlsx","_mapa01_area","datos de figura",11,3
"Cartama","02_Demografia","demografia.xlsx","poblacion","tabla",14,13
"Cartama","02_Demografia","demografia.xlsx","estructura_edad","tabla",12,33
"Cartama","02_Demografia","demografia.xlsx","natalidad_mortalidad","tabla",14,7
"Cartama","02_Demografia","demografia.xlsx","migracion","tabla",14,7
"Cartama","02_Demografia","demografia.xlsx","_fig_01","datos de figura",11,3
"Cartama","02_Demografia","demografia.xlsx","_fig_02","datos de figura",11,5
"Cartama","02_Demografia","demografia.xlsx","_fig_03","datos de figura",11,3
"Cartama","02_Demografia","demografia.xlsx","_fig_04","datos de figura",18,3
"Cartama","02_Demografia","demografia.xlsx","_fig_05","datos de figura",11,2
"Cartama","02_Demografia","demografia.xlsx","_mapa02_densidad","datos de figura",11,4
"Cartama","03_Ordenamiento","ordenamiento.xlsx","deficit_vivienda","tabla",14,6
"Cartama","03_Ordenamiento","ordenamiento.xlsx","servicios_publicos","tabla",14,16
"Cartama","03_Ordenamiento","ordenamiento.xlsx","vias_area","tabla",12,7
"Cartama","03_Ordenamiento","ordenamiento.xlsx","vias_habitantes","tabla",12,7
"Cartama","03_Ordenamiento","ordenamiento.xlsx","catastro","tabla",12,11
"Cartama","03_Ordenamiento","ordenamiento.xlsx","imca","tabla",13,16
"Cartama","03_Ordenamiento","ordenamiento.xlsx","gobierno_digital","tabla",13,16
"Cartama","03_Ordenamiento","ordenamiento.xlsx","tti_edsup","tabla",12,5
"Cartama","03_Ordenamiento","ordenamiento.xlsx","internet_2025","tabla",12,8
"Cartama","03_Ordenamiento","ordenamiento.xlsx","uso_suelo_rural","tabla",11,5
"Cartama","03_Ordenamiento","ordenamiento.xlsx","_fig_01","datos de figura",5,2
"Cartama","03_Ordenamiento","ordenamiento.xlsx","_fig_02","datos de figura",11,2
"Cartama","03_Ordenamiento","ordenamiento.xlsx","_fig_03","datos de figura",33,3
"Cartama","03_Ordenamiento","ordenamiento.xlsx","_fig_04","datos de figura",33,3
"Cartama","03_Ordenamiento","ordenamiento.xlsx","_fig_05","datos de figura",11,2
"Cartama","03_Ordenamiento","ordenamiento.xlsx","_fig_06","datos de figura",11,2
"Cartama","03_Ordenamiento","ordenamiento.xlsx","_fig_07","datos de figura",12,3
"Cartama","03_Ordenamiento","ordenamiento.xlsx","_fig_08","datos de figura",22,3
"Cartama","03_Ordenamiento","ordenamiento.xlsx","_fig_09","datos de figura",11,2
"Cartama","03_Ordenamiento","ordenamiento.xlsx","_fig_10","datos de figura",11,2
"Cartama","03_Ordenamiento","ordenamiento.xlsx","_fig_11","datos de figura",10,2
"Cartama","03_Ordenamiento","ordenamiento.xlsx","_fig_12","datos de figura",11,2
"Cartama","03_Ordenamiento","ordenamiento.xlsx","_fig_13","datos de figura",11,2
"Cartama","03_Ordenamiento","ordenamiento.xlsx","_fig_14","datos de figura",11,2
"Cartama","03_Ordenamiento","ordenamiento.xlsx","_mapa03_deficit_vivienda","datos de figura",11,4
"Cartama","04_Gobernabilidad","gobernabilidad.xlsx","mdm","tabla",99,8
"Cartama","04_Gobernabilidad","gobernabilidad.xlsx","idf","tabla",11,9
"Cartama","04_Gobernabilidad","gobernabilidad.xlsx","ley617","tabla",121,9
"Cartama","04_Gobernabilidad","gobernabilidad.xlsx","icm","tabla",210,12
"Cartama","04_Gobernabilidad","gobernabilidad.xlsx","_fig_01","datos de figura",11,4
"Cartama","04_Gobernabilidad","gobernabilidad.xlsx","_fig_02","datos de figura",11,5
"Cartama","04_Gobernabilidad","gobernabilidad.xlsx","_fig_03","datos de figura",10,5
"Cartama","04_Gobernabilidad","gobernabilidad.xlsx","_fig_04","datos de figura",11,8
"Cartama","04_Gobernabilidad","gobernabilidad.xlsx","_fig_05","datos de figura",18,3
"Cartama","05_Economia","economia.xlsx","extranjeros_municipio","tabla",156,7
"Cartama","05_Economia","economia.xlsx","comparativo_pap_antioquia","tabla",12,5
"Cartama","05_Economia","economia.xlsx","ecv_pobreza","tabla",14,10
"Cartama","05_Economia","economia.xlsx","ecv_ipm","tabla",14,8
"Cartama","05_Economia","economia.xlsx","ecv_gini","tabla",14,16
"Cartama","05_Economia","economia.xlsx","ecv_ocupacion_informal","tabla",14,16
"Cartama","05_Economia","economia.xlsx","ecv_desocupacion_nini","tabla",14,10
"Cartama","05_Economia","economia.xlsx","turismo_instrumentos","tabla",11,8
"Cartama","05_Economia","economia.xlsx","dependencia_economica","tabla",14,5
"Cartama","05_Economia","economia.xlsx","densidad_empresarial","tabla",12,5
"Cartama","05_Economia","economia.xlsx","valor_agregado","tabla",120,15
"Cartama","05_Economia","economia.xlsx","va_actividades","tabla",120,17
"Cartama","05_Economia","economia.xlsx","energia_tecnologia","tabla",5,3
"Cartama","05_Economia","economia.xlsx","energia_centrales","tabla",6,11
"Cartama","05_Economia","economia.xlsx","energia_participacion","tabla",3,4
"Cartama","05_Economia","economia.xlsx","titulos_mineros","tabla",35,3
"Cartama","05_Economia","economia.xlsx","_fig_01","datos de figura",11,2
"Cartama","05_Economia","economia.xlsx","_fig_02","datos de figura",11,2
"Cartama","05_Economia","economia.xlsx","_fig_03","datos de figura",11,3
"Cartama","05_Economia","economia.xlsx","_fig_04","datos de figura",11,3
"Cartama","05_Economia","economia.xlsx","_fig_05","datos de figura",11,3
"Cartama","05_Economia","economia.xlsx","_fig_06","datos de figura",11,2
"Cartama","05_Economia","economia.xlsx","_fig_07","datos de figura",11,2
"Cartama","05_Economia","economia.xlsx","_fig_08","datos de figura",11,2
"Cartama","05_Economia","economia.xlsx","_fig_09","datos de figura",11,5
"Cartama","05_Economia","economia.xlsx","_fig_10","datos de figura",11,4
"Cartama","05_Economia","economia.xlsx","_fig_11","datos de figura",11,5
"Cartama","05_Economia","economia.xlsx","_fig_12","datos de figura",12,2
"Cartama","05_Economia","economia.xlsx","_fig_13","datos de figura",11,2
"Cartama","05_Economia","economia.xlsx","_fig_14","datos de figura",35,3
"Cartama","05_Economia","economia.xlsx","_fig_15","datos de figura",7,4
"Cartama","05_Economia","economia.xlsx","_mapa05_va_percapita","datos de figura",11,4
"Cartama","06_Desarrollo_Rural","desarrollo_rural.xlsx","inventario_pecuario","tabla",98,12
"Cartama","06_Desarrollo_Rural","desarrollo_rural.xlsx","participacion_municipal","tabla",77,7
"Cartama","06_Desarrollo_Rural","desarrollo_rural.xlsx","composicion_especies","tabla",77,11
"Cartama","06_Desarrollo_Rural","desarrollo_rural.xlsx","area_km2","tabla",12,5
"Cartama","06_Desarrollo_Rural","desarrollo_rural.xlsx","principales_cultivos","tabla",77,6
"Cartama","06_Desarrollo_Rural","desarrollo_rural.xlsx","composicion_agricola","tabla",84,12
"Cartama","06_Desarrollo_Rural","desarrollo_rural.xlsx","rendimiento","tabla",84,8
"Cartama","06_Desarrollo_Rural","desarrollo_rural.xlsx","_fig_01","datos de figura",11,4
"Cartama","06_Desarrollo_Rural","desarrollo_rural.xlsx","_fig_02","datos de figura",44,3
"Cartama","06_Desarrollo_Rural","desarrollo_rural.xlsx","_fig_03","datos de figura",22,4
"Cartama","06_Desarrollo_Rural","desarrollo_rural.xlsx","_fig_04","datos de figura",11,6
"Cartama","06_Desarrollo_Rural","desarrollo_rural.xlsx","_fig_05","datos de figura",11,5
"Cartama","07_Ambiental","ambiental.xlsx","detalle","tabla",19,8
"Cartama","07_Ambiental","ambiental.xlsx","irca","tabla",216,11
"Cartama","07_Ambiental","ambiental.xlsx","eventos_tipo","tabla",85,6
"Cartama","07_Ambiental","ambiental.xlsx","eventos_año","tabla",60,6
"Cartama","07_Ambiental","ambiental.xlsx","desastres_selectos","tabla",13,10
"Cartama","07_Ambiental","ambiental.xlsx","imrc","tabla",13,6
"Cartama","07_Ambiental","ambiental.xlsx","perdida_cobertura","tabla",14,5
"Cartama","07_Ambiental","ambiental.xlsx","_fig_01","datos de figura",9,3
"Cartama","07_Ambiental","ambiental.xlsx","_fig_02","datos de figura",11,4
"Cartama","07_Ambiental","ambiental.xlsx","_fig_03","datos de figura",18,3
"Cartama","07_Ambiental","ambiental.xlsx","_fig_04","datos de figura",11,2
"Cartama","07_Ambiental","ambiental.xlsx","_fig_05","datos de figura",16,2
"Cartama","07_Ambiental","ambiental.xlsx","_fig_06","datos de figura",6,2
"Cartama","07_Ambiental","ambiental.xlsx","_fig_07","datos de figura",11,3
"Cartama","07_Ambiental","ambiental.xlsx","_mapa07_perdida_cobertura","datos de figura",11,3
"Cartama","08_Educacion","educacion.xlsx","educacion","tabla",196,8
"Cartama","08_Educacion","educacion.xlsx","_fig_01","datos de figura",11,3
"Cartama","08_Educacion","educacion.xlsx","_fig_02","datos de figura",11,3
"Cartama","08_Educacion","educacion.xlsx","_fig_03","datos de figura",11,3
"Cartama","08_Educacion","educacion.xlsx","_mapa08_cobertura_neta","datos de figura",11,4
"Cartama","09_Salud","salud.xlsx","bajo_peso","tabla",14,5
"Cartama","09_Salud","salud.xlsx","enfermedades_tropicales","tabla",12,7
"Cartama","09_Salud","salud.xlsx","suicidios","tabla",14,6
"Cartama","09_Salud","salud.xlsx","aseguramiento_sgsss","tabla",12,10
"Cartama","09_Salud","salud.xlsx","mortalidad_infantil","tabla",70,6
"Cartama","09_Salud","salud.xlsx","_fig_01","datos de figura",11,4
"Cartama","09_Salud","salud.xlsx","_fig_02","datos de figura",11,2
"Cartama","09_Salud","salud.xlsx","_fig_03","datos de figura",11,4
"Cartama","09_Salud","salud.xlsx","_fig_04","datos de figura",11,3
"Cartama","09_Salud","salud.xlsx","_mapa09_mortalidad_infantil","datos de figura",11,4
"Cartama","10_Seguridad","seguridad.xlsx","coca","tabla",1,7
"Cartama","10_Seguridad","seguridad.xlsx","evoa","tabla",8,9
"Cartama","10_Seguridad","seguridad.xlsx","delitos","tabla",14,7
"Cartama","10_Seguridad","seguridad.xlsx","total_victimas","tabla",12,9
"Cartama","10_Seguridad","seguridad.xlsx","proporcion_hechos","tabla",17,3
"Cartama","10_Seguridad","seguridad.xlsx","srtdaf","tabla",14,7
"Cartama","10_Seguridad","seguridad.xlsx","tasas","tabla",14,7
"Cartama","10_Seguridad","seguridad.xlsx","P1A_barrio","tabla",8,7
"Cartama","10_Seguridad","seguridad.xlsx","P2_cambio_barrio","tabla",8,7
"Cartama","10_Seguridad","seguridad.xlsx","P4A_municipio","tabla",8,7
"Cartama","10_Seguridad","seguridad.xlsx","P6_cambio_municipio","tabla",8,7
"Cartama","10_Seguridad","seguridad.xlsx","irv","tabla",11,6
"Cartama","10_Seguridad","seguridad.xlsx","desaparecidos","tabla",12,6
"Cartama","10_Seguridad","seguridad.xlsx","_fig_01","datos de figura",16,4
"Cartama","10_Seguridad","seguridad.xlsx","_fig_02","datos de figura",11,4
"Cartama","10_Seguridad","seguridad.xlsx","_fig_03","datos de figura",11,3
"Cartama","10_Seguridad","seguridad.xlsx","_fig_04","datos de figura",11,2
"Cartama","10_Seguridad","seguridad.xlsx","_fig_05","datos de figura",16,3
"Cartama","10_Seguridad","seguridad.xlsx","_mapa10_homicidios","datos de figura",11,3
"Cartama","10_Seguridad","seguridad.xlsx","_mapa10_homicidios_dpto","datos de figura",88,3
"De la Paz","01_Generalidades","distribucion_territorial.xlsx","distribucion_territorial","tabla",8,6
"De la Paz","01_Generalidades","distribucion_territorial.xlsx","_fig_01","datos de figura",5,3
"De la Paz","01_Generalidades","distribucion_territorial.xlsx","_mapa00_localizacion","datos de figura",5,4
"De la Paz","01_Generalidades","distribucion_territorial.xlsx","_mapa01_area","datos de figura",5,3
"De la Paz","02_Demografia","demografia.xlsx","poblacion","tabla",8,13
"De la Paz","02_Demografia","demografia.xlsx","estructura_edad","tabla",6,33
"De la Paz","02_Demografia","demografia.xlsx","natalidad_mortalidad","tabla",8,7
"De la Paz","02_Demografia","demografia.xlsx","migracion","tabla",8,7
"De la Paz","02_Demografia","demografia.xlsx","_fig_01","datos de figura",5,3
"De la Paz","02_Demografia","demografia.xlsx","_fig_02","datos de figura",5,5
"De la Paz","02_Demografia","demografia.xlsx","_fig_03","datos de figura",5,3
"De la Paz","02_Demografia","demografia.xlsx","_fig_04","datos de figura",18,3
"De la Paz","02_Demografia","demografia.xlsx","_fig_05","datos de figura",5,2
"De la Paz","02_Demografia","demografia.xlsx","_mapa02_densidad","datos de figura",5,4
"De la Paz","03_Ordenamiento","ordenamiento.xlsx","deficit_vivienda","tabla",8,6
"De la Paz","03_Ordenamiento","ordenamiento.xlsx","servicios_publicos","tabla",8,16
"De la Paz","03_Ordenamiento","ordenamiento.xlsx","vias_area","tabla",6,7
"De la Paz","03_Ordenamiento","ordenamiento.xlsx","vias_habitantes","tabla",6,7
"De la Paz","03_Ordenamiento","ordenamiento.xlsx","catastro","tabla",6,11
"De la Paz","03_Ordenamiento","ordenamiento.xlsx","imca","tabla",7,16
"De la Paz","03_Ordenamiento","ordenamiento.xlsx","gobierno_digital","tabla",7,16
"De la Paz","03_Ordenamiento","ordenamiento.xlsx","tti_edsup","tabla",6,5
"De la Paz","03_Ordenamiento","ordenamiento.xlsx","internet_2025","tabla",6,8
"De la Paz","03_Ordenamiento","ordenamiento.xlsx","uso_suelo_rural","tabla",5,5
"De la Paz","03_Ordenamiento","ordenamiento.xlsx","_fig_01","datos de figura",4,2
"De la Paz","03_Ordenamiento","ordenamiento.xlsx","_fig_02","datos de figura",5,2
"De la Paz","03_Ordenamiento","ordenamiento.xlsx","_fig_03","datos de figura",15,3
"De la Paz","03_Ordenamiento","ordenamiento.xlsx","_fig_04","datos de figura",15,3
"De la Paz","03_Ordenamiento","ordenamiento.xlsx","_fig_05","datos de figura",5,2
"De la Paz","03_Ordenamiento","ordenamiento.xlsx","_fig_06","datos de figura",5,2
"De la Paz","03_Ordenamiento","ordenamiento.xlsx","_fig_07","datos de figura",12,3
"De la Paz","03_Ordenamiento","ordenamiento.xlsx","_fig_08","datos de figura",22,3
"De la Paz","03_Ordenamiento","ordenamiento.xlsx","_fig_09","datos de figura",5,2
"De la Paz","03_Ordenamiento","ordenamiento.xlsx","_fig_10","datos de figura",5,2
"De la Paz","03_Ordenamiento","ordenamiento.xlsx","_fig_11","datos de figura",9,2
"De la Paz","03_Ordenamiento","ordenamiento.xlsx","_fig_12","datos de figura",5,2
"De la Paz","03_Ordenamiento","ordenamiento.xlsx","_fig_13","datos de figura",5,2
"De la Paz","03_Ordenamiento","ordenamiento.xlsx","_fig_14","datos de figura",5,2
"De la Paz","03_Ordenamiento","ordenamiento.xlsx","_mapa03_deficit_vivienda","datos de figura",5,4
"De la Paz","04_Gobernabilidad","gobernabilidad.xlsx","mdm","tabla",45,8
"De la Paz","04_Gobernabilidad","gobernabilidad.xlsx","idf","tabla",5,9
"De la Paz","04_Gobernabilidad","gobernabilidad.xlsx","ley617","tabla",55,9
"De la Paz","04_Gobernabilidad","gobernabilidad.xlsx","icm","tabla",120,12
"De la Paz","04_Gobernabilidad","gobernabilidad.xlsx","_fig_01","datos de figura",5,4
"De la Paz","04_Gobernabilidad","gobernabilidad.xlsx","_fig_02","datos de figura",5,5
"De la Paz","04_Gobernabilidad","gobernabilidad.xlsx","_fig_03","datos de figura",5,5
"De la Paz","04_Gobernabilidad","gobernabilidad.xlsx","_fig_04","datos de figura",5,8
"De la Paz","04_Gobernabilidad","gobernabilidad.xlsx","_fig_05","datos de figura",18,3
"De la Paz","05_Economia","economia.xlsx","extranjeros_municipio","tabla",88,7
"De la Paz","05_Economia","economia.xlsx","comparativo_pap_antioquia","tabla",12,5
"De la Paz","05_Economia","economia.xlsx","ecv_pobreza","tabla",8,10
"De la Paz","05_Economia","economia.xlsx","ecv_ipm","tabla",8,8
"De la Paz","05_Economia","economia.xlsx","ecv_gini","tabla",8,16
"De la Paz","05_Economia","economia.xlsx","ecv_ocupacion_informal","tabla",8,16
"De la Paz","05_Economia","economia.xlsx","ecv_desocupacion_nini","tabla",8,10
"De la Paz","05_Economia","economia.xlsx","turismo_instrumentos","tabla",5,8
"De la Paz","05_Economia","economia.xlsx","dependencia_economica","tabla",8,5
"De la Paz","05_Economia","economia.xlsx","densidad_empresarial","tabla",6,5
"De la Paz","05_Economia","economia.xlsx","valor_agregado","tabla",60,15
"De la Paz","05_Economia","economia.xlsx","va_actividades","tabla",60,17
"De la Paz","05_Economia","economia.xlsx","energia_tecnologia","tabla",5,3
"De la Paz","05_Economia","economia.xlsx","energia_centrales","tabla",4,11
"De la Paz","05_Economia","economia.xlsx","energia_participacion","tabla",3,4
"De la Paz","05_Economia","economia.xlsx","titulos_mineros","tabla",43,3
"De la Paz","05_Economia","economia.xlsx","_fig_01","datos de figura",5,2
"De la Paz","05_Economia","economia.xlsx","_fig_02","datos de figura",5,2
"De la Paz","05_Economia","economia.xlsx","_fig_03","datos de figura",5,3
"De la Paz","05_Economia","economia.xlsx","_fig_04","datos de figura",5,3
"De la Paz","05_Economia","economia.xlsx","_fig_05","datos de figura",5,3
"De la Paz","05_Economia","economia.xlsx","_fig_06","datos de figura",5,2
"De la Paz","05_Economia","economia.xlsx","_fig_07","datos de figura",5,2
"De la Paz","05_Economia","economia.xlsx","_fig_08","datos de figura",5,2
"De la Paz","05_Economia","economia.xlsx","_fig_09","datos de figura",5,5
"De la Paz","05_Economia","economia.xlsx","_fig_10","datos de figura",5,4
"De la Paz","05_Economia","economia.xlsx","_fig_11","datos de figura",5,5
"De la Paz","05_Economia","economia.xlsx","_fig_12","datos de figura",12,2
"De la Paz","05_Economia","economia.xlsx","_fig_13","datos de figura",11,2
"De la Paz","05_Economia","economia.xlsx","_fig_14","datos de figura",33,3
"De la Paz","05_Economia","economia.xlsx","_fig_15","datos de figura",7,4
"De la Paz","05_Economia","economia.xlsx","_mapa05_va_percapita","datos de figura",5,4
"De la Paz","06_Desarrollo_Rural","desarrollo_rural.xlsx","inventario_pecuario","tabla",56,12
"De la Paz","06_Desarrollo_Rural","desarrollo_rural.xlsx","participacion_municipal","tabla",35,7
"De la Paz","06_Desarrollo_Rural","desarrollo_rural.xlsx","composicion_especies","tabla",35,11
"De la Paz","06_Desarrollo_Rural","desarrollo_rural.xlsx","area_km2","tabla",6,5
"De la Paz","06_Desarrollo_Rural","desarrollo_rural.xlsx","principales_cultivos","tabla",35,6
"De la Paz","06_Desarrollo_Rural","desarrollo_rural.xlsx","composicion_agricola","tabla",42,12
"De la Paz","06_Desarrollo_Rural","desarrollo_rural.xlsx","rendimiento","tabla",42,8
"De la Paz","06_Desarrollo_Rural","desarrollo_rural.xlsx","_fig_01","datos de figura",5,4
"De la Paz","06_Desarrollo_Rural","desarrollo_rural.xlsx","_fig_02","datos de figura",20,3
"De la Paz","06_Desarrollo_Rural","desarrollo_rural.xlsx","_fig_03","datos de figura",10,4
"De la Paz","06_Desarrollo_Rural","desarrollo_rural.xlsx","_fig_04","datos de figura",5,6
"De la Paz","06_Desarrollo_Rural","desarrollo_rural.xlsx","_fig_05","datos de figura",5,5
"De la Paz","07_Ambiental","ambiental.xlsx","detalle","tabla",22,8
"De la Paz","07_Ambiental","ambiental.xlsx","irca","tabla",108,11
"De la Paz","07_Ambiental","ambiental.xlsx","eventos_tipo","tabla",42,6
"De la Paz","07_Ambiental","ambiental.xlsx","eventos_año","tabla",30,6
"De la Paz","07_Ambiental","ambiental.xlsx","desastres_selectos","tabla",7,10
"De la Paz","07_Ambiental","ambiental.xlsx","imrc","tabla",7,6
"De la Paz","07_Ambiental","ambiental.xlsx","perdida_cobertura","tabla",8,5
"De la Paz","07_Ambiental","ambiental.xlsx","_fig_01","datos de figura",5,3
"De la Paz","07_Ambiental","ambiental.xlsx","_fig_02","datos de figura",5,4
"De la Paz","07_Ambiental","ambiental.xlsx","_fig_03","datos de figura",18,3
"De la Paz","07_Ambiental","ambiental.xlsx","_fig_04","datos de figura",5,2
"De la Paz","07_Ambiental","ambiental.xlsx","_fig_05","datos de figura",15,2
"De la Paz","07_Ambiental","ambiental.xlsx","_fig_06","datos de figura",6,2
"De la Paz","07_Ambiental","ambiental.xlsx","_fig_07","datos de figura",5,3
"De la Paz","07_Ambiental","ambiental.xlsx","_mapa07_perdida_cobertura","datos de figura",5,3
"De la Paz","08_Educacion","educacion.xlsx","educacion","tabla",112,8
"De la Paz","08_Educacion","educacion.xlsx","_fig_01","datos de figura",5,3
"De la Paz","08_Educacion","educacion.xlsx","_fig_02","datos de figura",5,3
"De la Paz","08_Educacion","educacion.xlsx","_fig_03","datos de figura",5,3
"De la Paz","08_Educacion","educacion.xlsx","_mapa08_cobertura_neta","datos de figura",5,4
"De la Paz","09_Salud","salud.xlsx","bajo_peso","tabla",8,5
"De la Paz","09_Salud","salud.xlsx","enfermedades_tropicales","tabla",6,7
"De la Paz","09_Salud","salud.xlsx","suicidios","tabla",8,6
"De la Paz","09_Salud","salud.xlsx","aseguramiento_sgsss","tabla",6,10
"De la Paz","09_Salud","salud.xlsx","mortalidad_infantil","tabla",40,6
"De la Paz","09_Salud","salud.xlsx","_fig_01","datos de figura",5,4
"De la Paz","09_Salud","salud.xlsx","_fig_02","datos de figura",5,2
"De la Paz","09_Salud","salud.xlsx","_fig_03","datos de figura",5,4
"De la Paz","09_Salud","salud.xlsx","_fig_04","datos de figura",5,3
"De la Paz","09_Salud","salud.xlsx","_mapa09_mortalidad_infantil","datos de figura",5,4
"De la Paz","10_Seguridad","seguridad.xlsx","coca","tabla",2,7
"De la Paz","10_Seguridad","seguridad.xlsx","evoa","tabla",14,9
"De la Paz","10_Seguridad","seguridad.xlsx","delitos","tabla",8,7
"De la Paz","10_Seguridad","seguridad.xlsx","total_victimas","tabla",6,9
"De la Paz","10_Seguridad","seguridad.xlsx","proporcion_hechos","tabla",17,3
"De la Paz","10_Seguridad","seguridad.xlsx","srtdaf","tabla",8,7
"De la Paz","10_Seguridad","seguridad.xlsx","tasas","tabla",8,7
"De la Paz","10_Seguridad","seguridad.xlsx","P1A_barrio","tabla",8,7
"De la Paz","10_Seguridad","seguridad.xlsx","P2_cambio_barrio","tabla",8,7
"De la Paz","10_Seguridad","seguridad.xlsx","P4A_municipio","tabla",8,7
"De la Paz","10_Seguridad","seguridad.xlsx","P6_cambio_municipio","tabla",8,7
"De la Paz","10_Seguridad","seguridad.xlsx","irv","tabla",5,6
"De la Paz","10_Seguridad","seguridad.xlsx","desaparecidos","tabla",6,6
"De la Paz","10_Seguridad","seguridad.xlsx","_fig_01","datos de figura",16,4
"De la Paz","10_Seguridad","seguridad.xlsx","_fig_02","datos de figura",5,4
"De la Paz","10_Seguridad","seguridad.xlsx","_fig_03","datos de figura",5,3
"De la Paz","10_Seguridad","seguridad.xlsx","_fig_04","datos de figura",5,2
"De la Paz","10_Seguridad","seguridad.xlsx","_fig_05","datos de figura",16,3
"De la Paz","10_Seguridad","seguridad.xlsx","_mapa10_homicidios","datos de figura",5,3
"De la Paz","10_Seguridad","seguridad.xlsx","_mapa10_homicidios_dpto","datos de figura",88,3
"San Juan","01_Generalidades","distribucion_territorial.xlsx","distribucion_territorial","tabla",9,6
"San Juan","01_Generalidades","distribucion_territorial.xlsx","_fig_01","datos de figura",6,3
"San Juan","01_Generalidades","distribucion_territorial.xlsx","_mapa00_localizacion","datos de figura",6,4
"San Juan","01_Generalidades","distribucion_territorial.xlsx","_mapa01_area","datos de figura",6,3
"San Juan","02_Demografia","demografia.xlsx","poblacion","tabla",9,13
"San Juan","02_Demografia","demografia.xlsx","estructura_edad","tabla",7,33
"San Juan","02_Demografia","demografia.xlsx","natalidad_mortalidad","tabla",9,7
"San Juan","02_Demografia","demografia.xlsx","migracion","tabla",9,7
"San Juan","02_Demografia","demografia.xlsx","_fig_01","datos de figura",6,3
"San Juan","02_Demografia","demografia.xlsx","_fig_02","datos de figura",6,5
"San Juan","02_Demografia","demografia.xlsx","_fig_03","datos de figura",6,3
"San Juan","02_Demografia","demografia.xlsx","_fig_04","datos de figura",18,3
"San Juan","02_Demografia","demografia.xlsx","_fig_05","datos de figura",6,2
"San Juan","02_Demografia","demografia.xlsx","_mapa02_densidad","datos de figura",6,4
"San Juan","03_Ordenamiento","ordenamiento.xlsx","deficit_vivienda","tabla",9,6
"San Juan","03_Ordenamiento","ordenamiento.xlsx","servicios_publicos","tabla",9,16
"San Juan","03_Ordenamiento","ordenamiento.xlsx","vias_area","tabla",7,7
"San Juan","03_Ordenamiento","ordenamiento.xlsx","vias_habitantes","tabla",7,7
"San Juan","03_Ordenamiento","ordenamiento.xlsx","catastro","tabla",7,11
"San Juan","03_Ordenamiento","ordenamiento.xlsx","imca","tabla",8,16
"San Juan","03_Ordenamiento","ordenamiento.xlsx","gobierno_digital","tabla",8,16
"San Juan","03_Ordenamiento","ordenamiento.xlsx","tti_edsup","tabla",7,5
"San Juan","03_Ordenamiento","ordenamiento.xlsx","internet_2025","tabla",7,8
"San Juan","03_Ordenamiento","ordenamiento.xlsx","uso_suelo_rural","tabla",6,5
"San Juan","03_Ordenamiento","ordenamiento.xlsx","_fig_01","datos de figura",4,2
"San Juan","03_Ordenamiento","ordenamiento.xlsx","_fig_02","datos de figura",6,2
"San Juan","03_Ordenamiento","ordenamiento.xlsx","_fig_03","datos de figura",18,3
"San Juan","03_Ordenamiento","ordenamiento.xlsx","_fig_04","datos de figura",18,3
"San Juan","03_Ordenamiento","ordenamiento.xlsx","_fig_05","datos de figura",6,2
"San Juan","03_Ordenamiento","ordenamiento.xlsx","_fig_06","datos de figura",6,2
"San Juan","03_Ordenamiento","ordenamiento.xlsx","_fig_07","datos de figura",12,3
"San Juan","03_Ordenamiento","ordenamiento.xlsx","_fig_08","datos de figura",22,3
"San Juan","03_Ordenamiento","ordenamiento.xlsx","_fig_09","datos de figura",6,2
"San Juan","03_Ordenamiento","ordenamiento.xlsx","_fig_10","datos de figura",6,2
"San Juan","03_Ordenamiento","ordenamiento.xlsx","_fig_11","datos de figura",10,2
"San Juan","03_Ordenamiento","ordenamiento.xlsx","_fig_12","datos de figura",6,2
"San Juan","03_Ordenamiento","ordenamiento.xlsx","_fig_13","datos de figura",6,2
"San Juan","03_Ordenamiento","ordenamiento.xlsx","_fig_14","datos de figura",6,2
"San Juan","03_Ordenamiento","ordenamiento.xlsx","_mapa03_deficit_vivienda","datos de figura",6,4
"San Juan","04_Gobernabilidad","gobernabilidad.xlsx","mdm","tabla",54,8
"San Juan","04_Gobernabilidad","gobernabilidad.xlsx","idf","tabla",6,9
"San Juan","04_Gobernabilidad","gobernabilidad.xlsx","ley617","tabla",66,9
"San Juan","04_Gobernabilidad","gobernabilidad.xlsx","icm","tabla",135,12
"San Juan","04_Gobernabilidad","gobernabilidad.xlsx","_fig_01","datos de figura",6,4
"San Juan","04_Gobernabilidad","gobernabilidad.xlsx","_fig_02","datos de figura",6,5
"San Juan","04_Gobernabilidad","gobernabilidad.xlsx","_fig_03","datos de figura",6,5
"San Juan","04_Gobernabilidad","gobernabilidad.xlsx","_fig_04","datos de figura",6,8
"San Juan","04_Gobernabilidad","gobernabilidad.xlsx","_fig_05","datos de figura",18,3
"San Juan","05_Economia","economia.xlsx","extranjeros_municipio","tabla",101,7
"San Juan","05_Economia","economia.xlsx","comparativo_pap_antioquia","tabla",12,5
"San Juan","05_Economia","economia.xlsx","ecv_pobreza","tabla",9,10
"San Juan","05_Economia","economia.xlsx","ecv_ipm","tabla",9,8
"San Juan","05_Economia","economia.xlsx","ecv_gini","tabla",9,16
"San Juan","05_Economia","economia.xlsx","ecv_ocupacion_informal","tabla",9,16
"San Juan","05_Economia","economia.xlsx","ecv_desocupacion_nini","tabla",9,10
"San Juan","05_Economia","economia.xlsx","turismo_instrumentos","tabla",6,8
"San Juan","05_Economia","economia.xlsx","dependencia_economica","tabla",9,5
"San Juan","05_Economia","economia.xlsx","densidad_empresarial","tabla",7,5
"San Juan","05_Economia","economia.xlsx","valor_agregado","tabla",70,15
"San Juan","05_Economia","economia.xlsx","va_actividades","tabla",70,17
"San Juan","05_Economia","economia.xlsx","energia_tecnologia","tabla",5,3
"San Juan","05_Economia","economia.xlsx","energia_centrales","tabla",4,11
"San Juan","05_Economia","economia.xlsx","energia_participacion","tabla",3,4
"San Juan","05_Economia","economia.xlsx","titulos_mineros","tabla",20,3
"San Juan","05_Economia","economia.xlsx","_fig_01","datos de figura",6,2
"San Juan","05_Economia","economia.xlsx","_fig_02","datos de figura",6,2
"San Juan","05_Economia","economia.xlsx","_fig_03","datos de figura",6,3
"San Juan","05_Economia","economia.xlsx","_fig_04","datos de figura",6,3
"San Juan","05_Economia","economia.xlsx","_fig_05","datos de figura",6,3
"San Juan","05_Economia","economia.xlsx","_fig_06","datos de figura",6,2
"San Juan","05_Economia","economia.xlsx","_fig_07","datos de figura",6,2
"San Juan","05_Economia","economia.xlsx","_fig_08","datos de figura",6,2
"San Juan","05_Economia","economia.xlsx","_fig_09","datos de figura",6,5
"San Juan","05_Economia","economia.xlsx","_fig_10","datos de figura",6,4
"San Juan","05_Economia","economia.xlsx","_fig_11","datos de figura",6,5
"San Juan","05_Economia","economia.xlsx","_fig_12","datos de figura",12,2
"San Juan","05_Economia","economia.xlsx","_fig_13","datos de figura",11,2
"San Juan","05_Economia","economia.xlsx","_fig_14","datos de figura",35,3
"San Juan","05_Economia","economia.xlsx","_fig_15","datos de figura",7,4
"San Juan","05_Economia","economia.xlsx","_mapa05_va_percapita","datos de figura",6,4
"San Juan","06_Desarrollo_Rural","desarrollo_rural.xlsx","inventario_pecuario","tabla",63,12
"San Juan","06_Desarrollo_Rural","desarrollo_rural.xlsx","participacion_municipal","tabla",42,7
"San Juan","06_Desarrollo_Rural","desarrollo_rural.xlsx","composicion_especies","tabla",42,11
"San Juan","06_Desarrollo_Rural","desarrollo_rural.xlsx","area_km2","tabla",7,5
"San Juan","06_Desarrollo_Rural","desarrollo_rural.xlsx","principales_cultivos","tabla",42,6
"San Juan","06_Desarrollo_Rural","desarrollo_rural.xlsx","composicion_agricola","tabla",49,12
"San Juan","06_Desarrollo_Rural","desarrollo_rural.xlsx","rendimiento","tabla",49,8
"San Juan","06_Desarrollo_Rural","desarrollo_rural.xlsx","_fig_01","datos de figura",6,4
"San Juan","06_Desarrollo_Rural","desarrollo_rural.xlsx","_fig_02","datos de figura",24,3
"San Juan","06_Desarrollo_Rural","desarrollo_rural.xlsx","_fig_03","datos de figura",12,4
"San Juan","06_Desarrollo_Rural","desarrollo_rural.xlsx","_fig_04","datos de figura",6,6
"San Juan","06_Desarrollo_Rural","desarrollo_rural.xlsx","_fig_05","datos de figura",6,5
"San Juan","07_Ambiental","ambiental.xlsx","detalle","tabla",18,8
"San Juan","07_Ambiental","ambiental.xlsx","irca","tabla",126,11
"San Juan","07_Ambiental","ambiental.xlsx","eventos_tipo","tabla",53,6
"San Juan","07_Ambiental","ambiental.xlsx","eventos_año","tabla",35,6
"San Juan","07_Ambiental","ambiental.xlsx","desastres_selectos","tabla",8,10
"San Juan","07_Ambiental","ambiental.xlsx","imrc","tabla",8,6
"San Juan","07_Ambiental","ambiental.xlsx","perdida_cobertura","tabla",9,5
"San Juan","07_Ambiental","ambiental.xlsx","_fig_01","datos de figura",6,3
"San Juan","07_Ambiental","ambiental.xlsx","_fig_02","datos de figura",6,4
"San Juan","07_Ambiental","ambiental.xlsx","_fig_03","datos de figura",18,3
"San Juan","07_Ambiental","ambiental.xlsx","_fig_04","datos de figura",6,2
"San Juan","07_Ambiental","ambiental.xlsx","_fig_05","datos de figura",13,2
"San Juan","07_Ambiental","ambiental.xlsx","_fig_06","datos de figura",6,2
"San Juan","07_Ambiental","ambiental.xlsx","_fig_07","datos de figura",6,3
"San Juan","07_Ambiental","ambiental.xlsx","_mapa07_perdida_cobertura","datos de figura",6,3
"San Juan","08_Educacion","educacion.xlsx","educacion","tabla",126,8
"San Juan","08_Educacion","educacion.xlsx","_fig_01","datos de figura",6,3
"San Juan","08_Educacion","educacion.xlsx","_fig_02","datos de figura",6,3
"San Juan","08_Educacion","educacion.xlsx","_fig_03","datos de figura",6,3
"San Juan","08_Educacion","educacion.xlsx","_mapa08_cobertura_neta","datos de figura",6,4
"San Juan","09_Salud","salud.xlsx","bajo_peso","tabla",9,5
"San Juan","09_Salud","salud.xlsx","enfermedades_tropicales","tabla",7,7
"San Juan","09_Salud","salud.xlsx","suicidios","tabla",9,6
"San Juan","09_Salud","salud.xlsx","aseguramiento_sgsss","tabla",7,10
"San Juan","09_Salud","salud.xlsx","mortalidad_infantil","tabla",45,6
"San Juan","09_Salud","salud.xlsx","_fig_01","datos de figura",6,4
"San Juan","09_Salud","salud.xlsx","_fig_02","datos de figura",6,2
"San Juan","09_Salud","salud.xlsx","_fig_03","datos de figura",6,4
"San Juan","09_Salud","salud.xlsx","_fig_04","datos de figura",6,3
"San Juan","09_Salud","salud.xlsx","_mapa09_mortalidad_infantil","datos de figura",6,4
"San Juan","10_Seguridad","seguridad.xlsx","coca","tabla",1,7
"San Juan","10_Seguridad","seguridad.xlsx","evoa","tabla",8,9
"San Juan","10_Seguridad","seguridad.xlsx","delitos","tabla",9,7
"San Juan","10_Seguridad","seguridad.xlsx","total_victimas","tabla",7,9
"San Juan","10_Seguridad","seguridad.xlsx","proporcion_hechos","tabla",17,3
"San Juan","10_Seguridad","seguridad.xlsx","srtdaf","tabla",9,7
"San Juan","10_Seguridad","seguridad.xlsx","tasas","tabla",9,7
"San Juan","10_Seguridad","seguridad.xlsx","P1A_barrio","tabla",8,7
"San Juan","10_Seguridad","seguridad.xlsx","P2_cambio_barrio","tabla",8,7
"San Juan","10_Seguridad","seguridad.xlsx","P4A_municipio","tabla",8,7
"San Juan","10_Seguridad","seguridad.xlsx","P6_cambio_municipio","tabla",8,7
"San Juan","10_Seguridad","seguridad.xlsx","irv","tabla",6,6
"San Juan","10_Seguridad","seguridad.xlsx","desaparecidos","tabla",7,6
"San Juan","10_Seguridad","seguridad.xlsx","_fig_01","datos de figura",16,4
"San Juan","10_Seguridad","seguridad.xlsx","_fig_02","datos de figura",6,4
"San Juan","10_Seguridad","seguridad.xlsx","_fig_03","datos de figura",6,3
"San Juan","10_Seguridad","seguridad.xlsx","_fig_04","datos de figura",6,2
"San Juan","10_Seguridad","seguridad.xlsx","_fig_05","datos de figura",16,3
"San Juan","10_Seguridad","seguridad.xlsx","_mapa10_homicidios","datos de figura",6,3
"San Juan","10_Seguridad","seguridad.xlsx","_mapa10_homicidios_dpto","datos de figura",88,3
"Minero Agroecológica","01_Generalidades","distribucion_territorial.xlsx","distribucion_territorial","tabla",8,6
"Minero Agroecológica","01_Generalidades","distribucion_territorial.xlsx","_fig_01","datos de figura",5,3
"Minero Agroecológica","01_Generalidades","distribucion_territorial.xlsx","_mapa00_localizacion","datos de figura",5,4
"Minero Agroecológica","01_Generalidades","distribucion_territorial.xlsx","_mapa01_area","datos de figura",5,3
"Minero Agroecológica","02_Demografia","demografia.xlsx","poblacion","tabla",8,13
"Minero Agroecológica","02_Demografia","demografia.xlsx","estructura_edad","tabla",6,33
"Minero Agroecológica","02_Demografia","demografia.xlsx","natalidad_mortalidad","tabla",8,7
"Minero Agroecológica","02_Demografia","demografia.xlsx","migracion","tabla",8,7
"Minero Agroecológica","02_Demografia","demografia.xlsx","_fig_01","datos de figura",5,3
"Minero Agroecológica","02_Demografia","demografia.xlsx","_fig_02","datos de figura",5,5
"Minero Agroecológica","02_Demografia","demografia.xlsx","_fig_03","datos de figura",5,3
"Minero Agroecológica","02_Demografia","demografia.xlsx","_fig_04","datos de figura",18,3
"Minero Agroecológica","02_Demografia","demografia.xlsx","_fig_05","datos de figura",5,2
"Minero Agroecológica","02_Demografia","demografia.xlsx","_mapa02_densidad","datos de figura",5,4
"Minero Agroecológica","03_Ordenamiento","ordenamiento.xlsx","deficit_vivienda","tabla",8,6
"Minero Agroecológica","03_Ordenamiento","ordenamiento.xlsx","servicios_publicos","tabla",8,16
"Minero Agroecológica","03_Ordenamiento","ordenamiento.xlsx","vias_area","tabla",6,7
"Minero Agroecológica","03_Ordenamiento","ordenamiento.xlsx","vias_habitantes","tabla",6,7
"Minero Agroecológica","03_Ordenamiento","ordenamiento.xlsx","catastro","tabla",6,11
"Minero Agroecológica","03_Ordenamiento","ordenamiento.xlsx","imca","tabla",7,16
"Minero Agroecológica","03_Ordenamiento","ordenamiento.xlsx","gobierno_digital","tabla",7,16
"Minero Agroecológica","03_Ordenamiento","ordenamiento.xlsx","tti_edsup","tabla",6,5
"Minero Agroecológica","03_Ordenamiento","ordenamiento.xlsx","internet_2025","tabla",6,8
"Minero Agroecológica","03_Ordenamiento","ordenamiento.xlsx","uso_suelo_rural","tabla",5,5
"Minero Agroecológica","03_Ordenamiento","ordenamiento.xlsx","_fig_01","datos de figura",2,2
"Minero Agroecológica","03_Ordenamiento","ordenamiento.xlsx","_fig_02","datos de figura",5,2
"Minero Agroecológica","03_Ordenamiento","ordenamiento.xlsx","_fig_03","datos de figura",15,3
"Minero Agroecológica","03_Ordenamiento","ordenamiento.xlsx","_fig_04","datos de figura",15,3
"Minero Agroecológica","03_Ordenamiento","ordenamiento.xlsx","_fig_05","datos de figura",5,2
"Minero Agroecológica","03_Ordenamiento","ordenamiento.xlsx","_fig_06","datos de figura",5,2
"Minero Agroecológica","03_Ordenamiento","ordenamiento.xlsx","_fig_07","datos de figura",12,3
"Minero Agroecológica","03_Ordenamiento","ordenamiento.xlsx","_fig_08","datos de figura",22,3
"Minero Agroecológica","03_Ordenamiento","ordenamiento.xlsx","_fig_09","datos de figura",5,2
"Minero Agroecológica","03_Ordenamiento","ordenamiento.xlsx","_fig_10","datos de figura",5,2
"Minero Agroecológica","03_Ordenamiento","ordenamiento.xlsx","_fig_11","datos de figura",10,2
"Minero Agroecológica","03_Ordenamiento","ordenamiento.xlsx","_fig_12","datos de figura",5,2
"Minero Agroecológica","03_Ordenamiento","ordenamiento.xlsx","_fig_13","datos de figura",5,2
"Minero Agroecológica","03_Ordenamiento","ordenamiento.xlsx","_fig_14","datos de figura",5,2
"Minero Agroecológica","03_Ordenamiento","ordenamiento.xlsx","_mapa03_deficit_vivienda","datos de figura",5,4
"Minero Agroecológica","04_Gobernabilidad","gobernabilidad.xlsx","mdm","tabla",45,8
"Minero Agroecológica","04_Gobernabilidad","gobernabilidad.xlsx","idf","tabla",5,9
"Minero Agroecológica","04_Gobernabilidad","gobernabilidad.xlsx","ley617","tabla",55,9
"Minero Agroecológica","04_Gobernabilidad","gobernabilidad.xlsx","icm","tabla",120,12
"Minero Agroecológica","04_Gobernabilidad","gobernabilidad.xlsx","_fig_01","datos de figura",5,4
"Minero Agroecológica","04_Gobernabilidad","gobernabilidad.xlsx","_fig_02","datos de figura",5,5
"Minero Agroecológica","04_Gobernabilidad","gobernabilidad.xlsx","_fig_03","datos de figura",4,5
"Minero Agroecológica","04_Gobernabilidad","gobernabilidad.xlsx","_fig_04","datos de figura",5,8
"Minero Agroecológica","04_Gobernabilidad","gobernabilidad.xlsx","_fig_05","datos de figura",18,3
"Minero Agroecológica","05_Economia","economia.xlsx","extranjeros_municipio","tabla",87,7
"Minero Agroecológica","05_Economia","economia.xlsx","comparativo_pap_antioquia","tabla",12,5
"Minero Agroecológica","05_Economia","economia.xlsx","ecv_pobreza","tabla",8,10
"Minero Agroecológica","05_Economia","economia.xlsx","ecv_ipm","tabla",8,8
"Minero Agroecológica","05_Economia","economia.xlsx","ecv_gini","tabla",8,16
"Minero Agroecológica","05_Economia","economia.xlsx","ecv_ocupacion_informal","tabla",8,16
"Minero Agroecológica","05_Economia","economia.xlsx","ecv_desocupacion_nini","tabla",8,10
"Minero Agroecológica","05_Economia","economia.xlsx","turismo_instrumentos","tabla",5,8
"Minero Agroecológica","05_Economia","economia.xlsx","dependencia_economica","tabla",8,5
"Minero Agroecológica","05_Economia","economia.xlsx","densidad_empresarial","tabla",6,5
"Minero Agroecológica","05_Economia","economia.xlsx","valor_agregado","tabla",60,15
"Minero Agroecológica","05_Economia","economia.xlsx","va_actividades","tabla",60,17
"Minero Agroecológica","05_Economia","economia.xlsx","energia_tecnologia","tabla",5,3
"Minero Agroecológica","05_Economia","economia.xlsx","energia_centrales","tabla",4,11
"Minero Agroecológica","05_Economia","economia.xlsx","energia_participacion","tabla",3,4
"Minero Agroecológica","05_Economia","economia.xlsx","titulos_mineros","tabla",48,3
"Minero Agroecológica","05_Economia","economia.xlsx","_fig_01","datos de figura",5,2
"Minero Agroecológica","05_Economia","economia.xlsx","_fig_02","datos de figura",5,2
"Minero Agroecológica","05_Economia","economia.xlsx","_fig_03","datos de figura",5,3
"Minero Agroecológica","05_Economia","economia.xlsx","_fig_04","datos de figura",5,3
"Minero Agroecológica","05_Economia","economia.xlsx","_fig_05","datos de figura",5,3
"Minero Agroecológica","05_Economia","economia.xlsx","_fig_06","datos de figura",5,2
"Minero Agroecológica","05_Economia","economia.xlsx","_fig_07","datos de figura",5,2
"Minero Agroecológica","05_Economia","economia.xlsx","_fig_08","datos de figura",5,2
"Minero Agroecológica","05_Economia","economia.xlsx","_fig_09","datos de figura",5,5
"Minero Agroecológica","05_Economia","economia.xlsx","_fig_10","datos de figura",5,4
"Minero Agroecológica","05_Economia","economia.xlsx","_fig_11","datos de figura",5,5
"Minero Agroecológica","05_Economia","economia.xlsx","_fig_12","datos de figura",12,2
"Minero Agroecológica","05_Economia","economia.xlsx","_fig_13","datos de figura",11,2
"Minero Agroecológica","05_Economia","economia.xlsx","_fig_14","datos de figura",33,3
"Minero Agroecológica","05_Economia","economia.xlsx","_fig_15","datos de figura",7,4
"Minero Agroecológica","05_Economia","economia.xlsx","_mapa05_va_percapita","datos de figura",5,4
"Minero Agroecológica","06_Desarrollo_Rural","desarrollo_rural.xlsx","inventario_pecuario","tabla",56,12
"Minero Agroecológica","06_Desarrollo_Rural","desarrollo_rural.xlsx","participacion_municipal","tabla",35,7
"Minero Agroecológica","06_Desarrollo_Rural","desarrollo_rural.xlsx","composicion_especies","tabla",35,11
"Minero Agroecológica","06_Desarrollo_Rural","desarrollo_rural.xlsx","area_km2","tabla",6,5
"Minero Agroecológica","06_Desarrollo_Rural","desarrollo_rural.xlsx","principales_cultivos","tabla",35,6
"Minero Agroecológica","06_Desarrollo_Rural","desarrollo_rural.xlsx","composicion_agricola","tabla",42,12
"Minero Agroecológica","06_Desarrollo_Rural","desarrollo_rural.xlsx","rendimiento","tabla",42,8
"Minero Agroecológica","06_Desarrollo_Rural","desarrollo_rural.xlsx","_fig_01","datos de figura",5,4
"Minero Agroecológica","06_Desarrollo_Rural","desarrollo_rural.xlsx","_fig_02","datos de figura",20,3
"Minero Agroecológica","06_Desarrollo_Rural","desarrollo_rural.xlsx","_fig_03","datos de figura",10,4
"Minero Agroecológica","06_Desarrollo_Rural","desarrollo_rural.xlsx","_fig_04","datos de figura",5,6
"Minero Agroecológica","06_Desarrollo_Rural","desarrollo_rural.xlsx","_fig_05","datos de figura",5,5
"Minero Agroecológica","07_Ambiental","ambiental.xlsx","detalle","tabla",3,8
"Minero Agroecológica","07_Ambiental","ambiental.xlsx","irca","tabla",107,11
"Minero Agroecológica","07_Ambiental","ambiental.xlsx","eventos_tipo","tabla",57,6
"Minero Agroecológica","07_Ambiental","ambiental.xlsx","eventos_año","tabla",32,6
"Minero Agroecológica","07_Ambiental","ambiental.xlsx","desastres_selectos","tabla",7,10
"Minero Agroecológica","07_Ambiental","ambiental.xlsx","imrc","tabla",7,6
"Minero Agroecológica","07_Ambiental","ambiental.xlsx","perdida_cobertura","tabla",8,5
"Minero Agroecológica","07_Ambiental","ambiental.xlsx","_fig_01","datos de figura",1,3
"Minero Agroecológica","07_Ambiental","ambiental.xlsx","_fig_02","datos de figura",5,4
"Minero Agroecológica","07_Ambiental","ambiental.xlsx","_fig_03","datos de figura",18,3
"Minero Agroecológica","07_Ambiental","ambiental.xlsx","_fig_04","datos de figura",5,2
"Minero Agroecológica","07_Ambiental","ambiental.xlsx","_fig_05","datos de figura",16,2
"Minero Agroecológica","07_Ambiental","ambiental.xlsx","_fig_06","datos de figura",6,2
"Minero Agroecológica","07_Ambiental","ambiental.xlsx","_fig_07","datos de figura",5,3
"Minero Agroecológica","07_Ambiental","ambiental.xlsx","_mapa07_perdida_cobertura","datos de figura",5,3
"Minero Agroecológica","08_Educacion","educacion.xlsx","educacion","tabla",112,8
"Minero Agroecológica","08_Educacion","educacion.xlsx","_fig_01","datos de figura",5,3
"Minero Agroecológica","08_Educacion","educacion.xlsx","_fig_02","datos de figura",5,3
"Minero Agroecológica","08_Educacion","educacion.xlsx","_fig_03","datos de figura",5,3
"Minero Agroecológica","08_Educacion","educacion.xlsx","_mapa08_cobertura_neta","datos de figura",5,4
"Minero Agroecológica","09_Salud","salud.xlsx","bajo_peso","tabla",8,5
"Minero Agroecológica","09_Salud","salud.xlsx","enfermedades_tropicales","tabla",6,7
"Minero Agroecológica","09_Salud","salud.xlsx","suicidios","tabla",8,6
"Minero Agroecológica","09_Salud","salud.xlsx","aseguramiento_sgsss","tabla",6,10
"Minero Agroecológica","09_Salud","salud.xlsx","mortalidad_infantil","tabla",40,6
"Minero Agroecológica","09_Salud","salud.xlsx","_fig_01","datos de figura",5,4
"Minero Agroecológica","09_Salud","salud.xlsx","_fig_02","datos de figura",5,2
"Minero Agroecológica","09_Salud","salud.xlsx","_fig_03","datos de figura",5,4
"Minero Agroecológica","09_Salud","salud.xlsx","_fig_04","datos de figura",5,3
"Minero Agroecológica","09_Salud","salud.xlsx","_mapa09_mortalidad_infantil","datos de figura",5,4
"Minero Agroecológica","10_Seguridad","seguridad.xlsx","coca","tabla",6,7
"Minero Agroecológica","10_Seguridad","seguridad.xlsx","evoa","tabla",21,9
"Minero Agroecológica","10_Seguridad","seguridad.xlsx","delitos","tabla",8,7
"Minero Agroecológica","10_Seguridad","seguridad.xlsx","total_victimas","tabla",6,9
"Minero Agroecológica","10_Seguridad","seguridad.xlsx","proporcion_hechos","tabla",17,3
"Minero Agroecológica","10_Seguridad","seguridad.xlsx","srtdaf","tabla",8,7
"Minero Agroecológica","10_Seguridad","seguridad.xlsx","tasas","tabla",8,7
"Minero Agroecológica","10_Seguridad","seguridad.xlsx","P1A_barrio","tabla",8,7
"Minero Agroecológica","10_Seguridad","seguridad.xlsx","P2_cambio_barrio","tabla",8,7
"Minero Agroecológica","10_Seguridad","seguridad.xlsx","P4A_municipio","tabla",8,7
"Minero Agroecológica","10_Seguridad","seguridad.xlsx","P6_cambio_municipio","tabla",8,7
"Minero Agroecológica","10_Seguridad","seguridad.xlsx","irv","tabla",5,6
"Minero Agroecológica","10_Seguridad","seguridad.xlsx","desaparecidos","tabla",6,6
"Minero Agroecológica","10_Seguridad","seguridad.xlsx","_fig_01","datos de figura",16,4
"Minero Agroecológica","10_Seguridad","seguridad.xlsx","_fig_02","datos de figura",5,4
"Minero Agroecológica","10_Seguridad","seguridad.xlsx","_fig_03","datos de figura",5,3
"Minero Agroecológica","10_Seguridad","seguridad.xlsx","_fig_04","datos de figura",5,2
"Minero Agroecológica","10_Seguridad","seguridad.xlsx","_fig_05","datos de figura",16,3
"Minero Agroecológica","10_Seguridad","seguridad.xlsx","_mapa10_homicidios","datos de figura",5,3
"Minero Agroecológica","10_Seguridad","seguridad.xlsx","_mapa10_homicidios_dpto","datos de figura",88,3
"Penderisco y Sinifana","01_Generalidades","distribucion_territorial.xlsx","distribucion_territorial","tabla",11,6
"Penderisco y Sinifana","01_Generalidades","distribucion_territorial.xlsx","_fig_01","datos de figura",8,3
"Penderisco y Sinifana","01_Generalidades","distribucion_territorial.xlsx","_mapa00_localizacion","datos de figura",8,4
"Penderisco y Sinifana","01_Generalidades","distribucion_territorial.xlsx","_mapa01_area","datos de figura",8,3
"Penderisco y Sinifana","02_Demografia","demografia.xlsx","poblacion","tabla",11,13
"Penderisco y Sinifana","02_Demografia","demografia.xlsx","estructura_edad","tabla",9,33
"Penderisco y Sinifana","02_Demografia","demografia.xlsx","natalidad_mortalidad","tabla",11,7
"Penderisco y Sinifana","02_Demografia","demografia.xlsx","migracion","tabla",11,7
"Penderisco y Sinifana","02_Demografia","demografia.xlsx","_fig_01","datos de figura",8,3
"Penderisco y Sinifana","02_Demografia","demografia.xlsx","_fig_02","datos de figura",8,5
"Penderisco y Sinifana","02_Demografia","demografia.xlsx","_fig_03","datos de figura",8,3
"Penderisco y Sinifana","02_Demografia","demografia.xlsx","_fig_04","datos de figura",18,3
"Penderisco y Sinifana","02_Demografia","demografia.xlsx","_fig_05","datos de figura",8,2
"Penderisco y Sinifana","02_Demografia","demografia.xlsx","_mapa02_densidad","datos de figura",8,4
"Penderisco y Sinifana","03_Ordenamiento","ordenamiento.xlsx","deficit_vivienda","tabla",11,6
"Penderisco y Sinifana","03_Ordenamiento","ordenamiento.xlsx","servicios_publicos","tabla",11,16
"Penderisco y Sinifana","03_Ordenamiento","ordenamiento.xlsx","vias_area","tabla",9,7
"Penderisco y Sinifana","03_Ordenamiento","ordenamiento.xlsx","vias_habitantes","tabla",9,7
"Penderisco y Sinifana","03_Ordenamiento","ordenamiento.xlsx","catastro","tabla",9,11
"Penderisco y Sinifana","03_Ordenamiento","ordenamiento.xlsx","imca","tabla",11,16
"Penderisco y Sinifana","03_Ordenamiento","ordenamiento.xlsx","gobierno_digital","tabla",11,16
"Penderisco y Sinifana","03_Ordenamiento","ordenamiento.xlsx","tti_edsup","tabla",9,5
"Penderisco y Sinifana","03_Ordenamiento","ordenamiento.xlsx","internet_2025","tabla",9,8
"Penderisco y Sinifana","03_Ordenamiento","ordenamiento.xlsx","uso_suelo_rural","tabla",8,5
"Penderisco y Sinifana","03_Ordenamiento","ordenamiento.xlsx","_fig_01","datos de figura",8,2
"Penderisco y Sinifana","03_Ordenamiento","ordenamiento.xlsx","_fig_02","datos de figura",8,2
"Penderisco y Sinifana","03_Ordenamiento","ordenamiento.xlsx","_fig_03","datos de figura",24,3
"Penderisco y Sinifana","03_Ordenamiento","ordenamiento.xlsx","_fig_04","datos de figura",24,3
"Penderisco y Sinifana","03_Ordenamiento","ordenamiento.xlsx","_fig_05","datos de figura",8,2
"Penderisco y Sinifana","03_Ordenamiento","ordenamiento.xlsx","_fig_06","datos de figura",8,2
"Penderisco y Sinifana","03_Ordenamiento","ordenamiento.xlsx","_fig_07","datos de figura",12,3
"Penderisco y Sinifana","03_Ordenamiento","ordenamiento.xlsx","_fig_08","datos de figura",22,3
"Penderisco y Sinifana","03_Ordenamiento","ordenamiento.xlsx","_fig_09","datos de figura",8,2
"Penderisco y Sinifana","03_Ordenamiento","ordenamiento.xlsx","_fig_10","datos de figura",8,2
"Penderisco y Sinifana","03_Ordenamiento","ordenamiento.xlsx","_fig_11","datos de figura",11,2
"Penderisco y Sinifana","03_Ordenamiento","ordenamiento.xlsx","_fig_12","datos de figura",8,2
"Penderisco y Sinifana","03_Ordenamiento","ordenamiento.xlsx","_fig_13","datos de figura",8,2
"Penderisco y Sinifana","03_Ordenamiento","ordenamiento.xlsx","_fig_14","datos de figura",8,2
"Penderisco y Sinifana","03_Ordenamiento","ordenamiento.xlsx","_mapa03_deficit_vivienda","datos de figura",8,4
"Penderisco y Sinifana","04_Gobernabilidad","gobernabilidad.xlsx","mdm","tabla",72,8
"Penderisco y Sinifana","04_Gobernabilidad","gobernabilidad.xlsx","idf","tabla",8,9
"Penderisco y Sinifana","04_Gobernabilidad","gobernabilidad.xlsx","ley617","tabla",88,9
"Penderisco y Sinifana","04_Gobernabilidad","gobernabilidad.xlsx","icm","tabla",165,12
"Penderisco y Sinifana","04_Gobernabilidad","gobernabilidad.xlsx","_fig_01","datos de figura",8,4
"Penderisco y Sinifana","04_Gobernabilidad","gobernabilidad.xlsx","_fig_02","datos de figura",8,5
"Penderisco y Sinifana","04_Gobernabilidad","gobernabilidad.xlsx","_fig_03","datos de figura",8,5
"Penderisco y Sinifana","04_Gobernabilidad","gobernabilidad.xlsx","_fig_04","datos de figura",8,8
"Penderisco y Sinifana","04_Gobernabilidad","gobernabilidad.xlsx","_fig_05","datos de figura",18,3
"Penderisco y Sinifana","05_Economia","economia.xlsx","extranjeros_municipio","tabla",122,7
"Penderisco y Sinifana","05_Economia","economia.xlsx","comparativo_pap_antioquia","tabla",12,5
"Penderisco y Sinifana","05_Economia","economia.xlsx","ecv_pobreza","tabla",11,10
"Penderisco y Sinifana","05_Economia","economia.xlsx","ecv_ipm","tabla",11,8
"Penderisco y Sinifana","05_Economia","economia.xlsx","ecv_gini","tabla",11,16
"Penderisco y Sinifana","05_Economia","economia.xlsx","ecv_ocupacion_informal","tabla",11,16
"Penderisco y Sinifana","05_Economia","economia.xlsx","ecv_desocupacion_nini","tabla",11,10
"Penderisco y Sinifana","05_Economia","economia.xlsx","turismo_instrumentos","tabla",8,8
"Penderisco y Sinifana","05_Economia","economia.xlsx","dependencia_economica","tabla",11,5
"Penderisco y Sinifana","05_Economia","economia.xlsx","densidad_empresarial","tabla",9,5
"Penderisco y Sinifana","05_Economia","economia.xlsx","valor_agregado","tabla",90,15
"Penderisco y Sinifana","05_Economia","economia.xlsx","va_actividades","tabla",90,17
"Penderisco y Sinifana","05_Economia","economia.xlsx","energia_tecnologia","tabla",5,3
"Penderisco y Sinifana","05_Economia","economia.xlsx","energia_centrales","tabla",3,11
"Penderisco y Sinifana","05_Economia","economia.xlsx","energia_participacion","tabla",3,4
"Penderisco y Sinifana","05_Economia","economia.xlsx","titulos_mineros","tabla",44,3
"Penderisco y Sinifana","05_Economia","economia.xlsx","_fig_01","datos de figura",8,2
"Penderisco y Sinifana","05_Economia","economia.xlsx","_fig_02","datos de figura",8,2
"Penderisco y Sinifana","05_Economia","economia.xlsx","_fig_03","datos de figura",8,3
"Penderisco y Sinifana","05_Economia","economia.xlsx","_fig_04","datos de figura",8,3
"Penderisco y Sinifana","05_Economia","economia.xlsx","_fig_05","datos de figura",8,3
"Penderisco y Sinifana","05_Economia","economia.xlsx","_fig_06","datos de figura",8,2
"Penderisco y Sinifana","05_Economia","economia.xlsx","_fig_07","datos de figura",8,2
"Penderisco y Sinifana","05_Economia","economia.xlsx","_fig_08","datos de figura",8,2
"Penderisco y Sinifana","05_Economia","economia.xlsx","_fig_09","datos de figura",8,5
"Penderisco y Sinifana","05_Economia","economia.xlsx","_fig_10","datos de figura",8,4
"Penderisco y Sinifana","05_Economia","economia.xlsx","_fig_11","datos de figura",8,5
"Penderisco y Sinifana","05_Economia","economia.xlsx","_fig_12","datos de figura",12,2
"Penderisco y Sinifana","05_Economia","economia.xlsx","_fig_13","datos de figura",11,2
"Penderisco y Sinifana","05_Economia","economia.xlsx","_fig_14","datos de figura",35,3
"Penderisco y Sinifana","05_Economia","economia.xlsx","_fig_15","datos de figura",7,4
"Penderisco y Sinifana","05_Economia","economia.xlsx","_mapa05_va_percapita","datos de figura",8,4
"Penderisco y Sinifana","06_Desarrollo_Rural","desarrollo_rural.xlsx","inventario_pecuario","tabla",77,12
"Penderisco y Sinifana","06_Desarrollo_Rural","desarrollo_rural.xlsx","participacion_municipal","tabla",56,7
"Penderisco y Sinifana","06_Desarrollo_Rural","desarrollo_rural.xlsx","composicion_especies","tabla",56,11
"Penderisco y Sinifana","06_Desarrollo_Rural","desarrollo_rural.xlsx","area_km2","tabla",9,5
"Penderisco y Sinifana","06_Desarrollo_Rural","desarrollo_rural.xlsx","principales_cultivos","tabla",56,6
"Penderisco y Sinifana","06_Desarrollo_Rural","desarrollo_rural.xlsx","composicion_agricola","tabla",63,12
"Penderisco y Sinifana","06_Desarrollo_Rural","desarrollo_rural.xlsx","rendimiento","tabla",63,8
"Penderisco y Sinifana","06_Desarrollo_Rural","desarrollo_rural.xlsx","_fig_01","datos de figura",8,4
"Penderisco y Sinifana","06_Desarrollo_Rural","desarrollo_rural.xlsx","_fig_02","datos de figura",32,3
"Penderisco y Sinifana","06_Desarrollo_Rural","desarrollo_rural.xlsx","_fig_03","datos de figura",16,4
"Penderisco y Sinifana","06_Desarrollo_Rural","desarrollo_rural.xlsx","_fig_04","datos de figura",8,6
"Penderisco y Sinifana","06_Desarrollo_Rural","desarrollo_rural.xlsx","_fig_05","datos de figura",8,5
"Penderisco y Sinifana","07_Ambiental","ambiental.xlsx","detalle","tabla",29,8
"Penderisco y Sinifana","07_Ambiental","ambiental.xlsx","irca","tabla",162,11
"Penderisco y Sinifana","07_Ambiental","ambiental.xlsx","eventos_tipo","tabla",86,6
"Penderisco y Sinifana","07_Ambiental","ambiental.xlsx","eventos_año","tabla",50,6
"Penderisco y Sinifana","07_Ambiental","ambiental.xlsx","desastres_selectos","tabla",10,10
"Penderisco y Sinifana","07_Ambiental","ambiental.xlsx","imrc","tabla",10,6
"Penderisco y Sinifana","07_Ambiental","ambiental.xlsx","perdida_cobertura","tabla",11,5
"Penderisco y Sinifana","07_Ambiental","ambiental.xlsx","_fig_01","datos de figura",7,3
"Penderisco y Sinifana","07_Ambiental","ambiental.xlsx","_fig_02","datos de figura",8,4
"Penderisco y Sinifana","07_Ambiental","ambiental.xlsx","_fig_03","datos de figura",18,3
"Penderisco y Sinifana","07_Ambiental","ambiental.xlsx","_fig_04","datos de figura",8,2
"Penderisco y Sinifana","07_Ambiental","ambiental.xlsx","_fig_05","datos de figura",19,2
"Penderisco y Sinifana","07_Ambiental","ambiental.xlsx","_fig_06","datos de figura",6,2
"Penderisco y Sinifana","07_Ambiental","ambiental.xlsx","_fig_07","datos de figura",8,3
"Penderisco y Sinifana","07_Ambiental","ambiental.xlsx","_mapa07_perdida_cobertura","datos de figura",8,3
"Penderisco y Sinifana","08_Educacion","educacion.xlsx","educacion","tabla",154,8
"Penderisco y Sinifana","08_Educacion","educacion.xlsx","_fig_01","datos de figura",8,3
"Penderisco y Sinifana","08_Educacion","educacion.xlsx","_fig_02","datos de figura",8,3
"Penderisco y Sinifana","08_Educacion","educacion.xlsx","_fig_03","datos de figura",8,3
"Penderisco y Sinifana","08_Educacion","educacion.xlsx","_mapa08_cobertura_neta","datos de figura",8,4
"Penderisco y Sinifana","09_Salud","salud.xlsx","bajo_peso","tabla",11,5
"Penderisco y Sinifana","09_Salud","salud.xlsx","enfermedades_tropicales","tabla",9,7
"Penderisco y Sinifana","09_Salud","salud.xlsx","suicidios","tabla",11,6
"Penderisco y Sinifana","09_Salud","salud.xlsx","aseguramiento_sgsss","tabla",9,10
"Penderisco y Sinifana","09_Salud","salud.xlsx","mortalidad_infantil","tabla",55,6
"Penderisco y Sinifana","09_Salud","salud.xlsx","_fig_01","datos de figura",8,4
"Penderisco y Sinifana","09_Salud","salud.xlsx","_fig_02","datos de figura",8,2
"Penderisco y Sinifana","09_Salud","salud.xlsx","_fig_03","datos de figura",8,4
"Penderisco y Sinifana","09_Salud","salud.xlsx","_fig_04","datos de figura",8,3
"Penderisco y Sinifana","09_Salud","salud.xlsx","_mapa09_mortalidad_infantil","datos de figura",8,4
"Penderisco y Sinifana","10_Seguridad","seguridad.xlsx","coca","tabla",1,7
"Penderisco y Sinifana","10_Seguridad","seguridad.xlsx","evoa","tabla",10,9
"Penderisco y Sinifana","10_Seguridad","seguridad.xlsx","delitos","tabla",11,7
"Penderisco y Sinifana","10_Seguridad","seguridad.xlsx","total_victimas","tabla",9,9
"Penderisco y Sinifana","10_Seguridad","seguridad.xlsx","proporcion_hechos","tabla",17,3
"Penderisco y Sinifana","10_Seguridad","seguridad.xlsx","srtdaf","tabla",11,7
"Penderisco y Sinifana","10_Seguridad","seguridad.xlsx","tasas","tabla",11,7
"Penderisco y Sinifana","10_Seguridad","seguridad.xlsx","P1A_barrio","tabla",8,7
"Penderisco y Sinifana","10_Seguridad","seguridad.xlsx","P2_cambio_barrio","tabla",8,7
"Penderisco y Sinifana","10_Seguridad","seguridad.xlsx","P4A_municipio","tabla",8,7
"Penderisco y Sinifana","10_Seguridad","seguridad.xlsx","P6_cambio_municipio","tabla",8,7
"Penderisco y Sinifana","10_Seguridad","seguridad.xlsx","irv","tabla",8,6
"Penderisco y Sinifana","10_Seguridad","seguridad.xlsx","desaparecidos","tabla",9,6
"Penderisco y Sinifana","10_Seguridad","seguridad.xlsx","_fig_01","datos de figura",16,4
"Penderisco y Sinifana","10_Seguridad","seguridad.xlsx","_fig_02","datos de figura",8,4
"Penderisco y Sinifana","10_Seguridad","seguridad.xlsx","_fig_03","datos de figura",8,3
"Penderisco y Sinifana","10_Seguridad","seguridad.xlsx","_fig_04","datos de figura",8,2
"Penderisco y Sinifana","10_Seguridad","seguridad.xlsx","_fig_05","datos de figura",16,3
"Penderisco y Sinifana","10_Seguridad","seguridad.xlsx","_mapa10_homicidios","datos de figura",8,3
"Penderisco y Sinifana","10_Seguridad","seguridad.xlsx","_mapa10_homicidios_dpto","datos de figura",88,3
"Área Metropolitana","01_Generalidades","distribucion_territorial.xlsx","distribucion_territorial","tabla",13,6
"Área Metropolitana","01_Generalidades","distribucion_territorial.xlsx","_fig_01","datos de figura",10,3
"Área Metropolitana","01_Generalidades","distribucion_territorial.xlsx","_mapa00_localizacion","datos de figura",10,4
"Área Metropolitana","01_Generalidades","distribucion_territorial.xlsx","_mapa01_area","datos de figura",10,3
"Área Metropolitana","02_Demografia","demografia.xlsx","poblacion","tabla",13,13
"Área Metropolitana","02_Demografia","demografia.xlsx","estructura_edad","tabla",11,33
"Área Metropolitana","02_Demografia","demografia.xlsx","natalidad_mortalidad","tabla",13,7
"Área Metropolitana","02_Demografia","demografia.xlsx","migracion","tabla",13,7
"Área Metropolitana","02_Demografia","demografia.xlsx","_fig_01","datos de figura",10,3
"Área Metropolitana","02_Demografia","demografia.xlsx","_fig_02","datos de figura",10,5
"Área Metropolitana","02_Demografia","demografia.xlsx","_fig_03","datos de figura",10,3
"Área Metropolitana","02_Demografia","demografia.xlsx","_fig_04","datos de figura",18,3
"Área Metropolitana","02_Demografia","demografia.xlsx","_fig_05","datos de figura",10,2
"Área Metropolitana","02_Demografia","demografia.xlsx","_mapa02_densidad","datos de figura",10,4
"Área Metropolitana","03_Ordenamiento","ordenamiento.xlsx","deficit_vivienda","tabla",13,6
"Área Metropolitana","03_Ordenamiento","ordenamiento.xlsx","servicios_publicos","tabla",13,16
"Área Metropolitana","03_Ordenamiento","ordenamiento.xlsx","vias_area","tabla",11,7
"Área Metropolitana","03_Ordenamiento","ordenamiento.xlsx","vias_habitantes","tabla",11,7
"Área Metropolitana","03_Ordenamiento","ordenamiento.xlsx","catastro","tabla",3,11
"Área Metropolitana","03_Ordenamiento","ordenamiento.xlsx","imca","tabla",12,16
"Área Metropolitana","03_Ordenamiento","ordenamiento.xlsx","gobierno_digital","tabla",12,16
"Área Metropolitana","03_Ordenamiento","ordenamiento.xlsx","tti_edsup","tabla",11,5
"Área Metropolitana","03_Ordenamiento","ordenamiento.xlsx","internet_2025","tabla",11,8
"Área Metropolitana","03_Ordenamiento","ordenamiento.xlsx","uso_suelo_rural","tabla",10,5
"Área Metropolitana","03_Ordenamiento","ordenamiento.xlsx","_fig_01","datos de figura",1,2
"Área Metropolitana","03_Ordenamiento","ordenamiento.xlsx","_fig_02","datos de figura",2,2
"Área Metropolitana","03_Ordenamiento","ordenamiento.xlsx","_fig_03","datos de figura",30,3
"Área Metropolitana","03_Ordenamiento","ordenamiento.xlsx","_fig_04","datos de figura",30,3
"Área Metropolitana","03_Ordenamiento","ordenamiento.xlsx","_fig_05","datos de figura",10,2
"Área Metropolitana","03_Ordenamiento","ordenamiento.xlsx","_fig_06","datos de figura",10,2
"Área Metropolitana","03_Ordenamiento","ordenamiento.xlsx","_fig_07","datos de figura",12,3
"Área Metropolitana","03_Ordenamiento","ordenamiento.xlsx","_fig_08","datos de figura",22,3
"Área Metropolitana","03_Ordenamiento","ordenamiento.xlsx","_fig_09","datos de figura",10,2
"Área Metropolitana","03_Ordenamiento","ordenamiento.xlsx","_fig_10","datos de figura",10,2
"Área Metropolitana","03_Ordenamiento","ordenamiento.xlsx","_fig_11","datos de figura",11,2
"Área Metropolitana","03_Ordenamiento","ordenamiento.xlsx","_fig_12","datos de figura",10,2
"Área Metropolitana","03_Ordenamiento","ordenamiento.xlsx","_fig_13","datos de figura",10,2
"Área Metropolitana","03_Ordenamiento","ordenamiento.xlsx","_fig_14","datos de figura",10,2
"Área Metropolitana","03_Ordenamiento","ordenamiento.xlsx","_mapa03_deficit_vivienda","datos de figura",10,4
"Área Metropolitana","04_Gobernabilidad","gobernabilidad.xlsx","mdm","tabla",90,8
"Área Metropolitana","04_Gobernabilidad","gobernabilidad.xlsx","idf","tabla",10,9
"Área Metropolitana","04_Gobernabilidad","gobernabilidad.xlsx","ley617","tabla",109,9
"Área Metropolitana","04_Gobernabilidad","gobernabilidad.xlsx","icm","tabla",195,12
"Área Metropolitana","04_Gobernabilidad","gobernabilidad.xlsx","_fig_01","datos de figura",10,4
"Área Metropolitana","04_Gobernabilidad","gobernabilidad.xlsx","_fig_02","datos de figura",10,5
"Área Metropolitana","04_Gobernabilidad","gobernabilidad.xlsx","_fig_03","datos de figura",10,5
"Área Metropolitana","04_Gobernabilidad","gobernabilidad.xlsx","_fig_04","datos de figura",10,8
"Área Metropolitana","04_Gobernabilidad","gobernabilidad.xlsx","_fig_05","datos de figura",18,3
"Área Metropolitana","05_Economia","economia.xlsx","extranjeros_municipio","tabla",156,7
"Área Metropolitana","05_Economia","economia.xlsx","comparativo_pap_antioquia","tabla",12,5
"Área Metropolitana","05_Economia","economia.xlsx","ecv_pobreza","tabla",13,10
"Área Metropolitana","05_Economia","economia.xlsx","ecv_ipm","tabla",13,8
"Área Metropolitana","05_Economia","economia.xlsx","ecv_gini","tabla",13,16
"Área Metropolitana","05_Economia","economia.xlsx","ecv_ocupacion_informal","tabla",13,16
"Área Metropolitana","05_Economia","economia.xlsx","ecv_desocupacion_nini","tabla",13,10
"Área Metropolitana","05_Economia","economia.xlsx","turismo_instrumentos","tabla",10,8
"Área Metropolitana","05_Economia","economia.xlsx","dependencia_economica","tabla",13,5
"Área Metropolitana","05_Economia","economia.xlsx","densidad_empresarial","tabla",11,5
"Área Metropolitana","05_Economia","economia.xlsx","valor_agregado","tabla",110,15
"Área Metropolitana","05_Economia","economia.xlsx","va_actividades","tabla",110,17
"Área Metropolitana","05_Economia","economia.xlsx","energia_tecnologia","tabla",5,3
"Área Metropolitana","05_Economia","economia.xlsx","energia_centrales","tabla",14,11
"Área Metropolitana","05_Economia","economia.xlsx","energia_participacion","tabla",3,4
"Área Metropolitana","05_Economia","economia.xlsx","titulos_mineros","tabla",32,3
"Área Metropolitana","05_Economia","economia.xlsx","_fig_01","datos de figura",10,2
"Área Metropolitana","05_Economia","economia.xlsx","_fig_02","datos de figura",10,2
"Área Metropolitana","05_Economia","economia.xlsx","_fig_03","datos de figura",10,3
"Área Metropolitana","05_Economia","economia.xlsx","_fig_04","datos de figura",10,3
"Área Metropolitana","05_Economia","economia.xlsx","_fig_05","datos de figura",10,3
"Área Metropolitana","05_Economia","economia.xlsx","_fig_06","datos de figura",10,2
"Área Metropolitana","05_Economia","economia.xlsx","_fig_07","datos de figura",10,2
"Área Metropolitana","05_Economia","economia.xlsx","_fig_08","datos de figura",10,2
"Área Metropolitana","05_Economia","economia.xlsx","_fig_09","datos de figura",10,5
"Área Metropolitana","05_Economia","economia.xlsx","_fig_10","datos de figura",10,4
"Área Metropolitana","05_Economia","economia.xlsx","_fig_11","datos de figura",10,5
"Área Metropolitana","05_Economia","economia.xlsx","_fig_12","datos de figura",12,2
"Área Metropolitana","05_Economia","economia.xlsx","_fig_13","datos de figura",11,2
"Área Metropolitana","05_Economia","economia.xlsx","_fig_14","datos de figura",35,3
"Área Metropolitana","05_Economia","economia.xlsx","_fig_15","datos de figura",7,4
"Área Metropolitana","05_Economia","economia.xlsx","_mapa05_va_percapita","datos de figura",10,4
"Área Metropolitana","06_Desarrollo_Rural","desarrollo_rural.xlsx","inventario_pecuario","tabla",91,12
"Área Metropolitana","06_Desarrollo_Rural","desarrollo_rural.xlsx","participacion_municipal","tabla",70,7
"Área Metropolitana","06_Desarrollo_Rural","desarrollo_rural.xlsx","composicion_especies","tabla",70,11
"Área Metropolitana","06_Desarrollo_Rural","desarrollo_rural.xlsx","area_km2","tabla",11,5
"Área Metropolitana","06_Desarrollo_Rural","desarrollo_rural.xlsx","principales_cultivos","tabla",70,6
"Área Metropolitana","06_Desarrollo_Rural","desarrollo_rural.xlsx","composicion_agricola","tabla",77,12
"Área Metropolitana","06_Desarrollo_Rural","desarrollo_rural.xlsx","rendimiento","tabla",77,8
"Área Metropolitana","06_Desarrollo_Rural","desarrollo_rural.xlsx","_fig_01","datos de figura",10,4
"Área Metropolitana","06_Desarrollo_Rural","desarrollo_rural.xlsx","_fig_02","datos de figura",40,3
"Área Metropolitana","06_Desarrollo_Rural","desarrollo_rural.xlsx","_fig_03","datos de figura",20,4
"Área Metropolitana","06_Desarrollo_Rural","desarrollo_rural.xlsx","_fig_04","datos de figura",10,6
"Área Metropolitana","06_Desarrollo_Rural","desarrollo_rural.xlsx","_fig_05","datos de figura",10,5
"Área Metropolitana","07_Ambiental","ambiental.xlsx","detalle","tabla",24,8
"Área Metropolitana","07_Ambiental","ambiental.xlsx","irca","tabla",195,11
"Área Metropolitana","07_Ambiental","ambiental.xlsx","eventos_tipo","tabla",108,6
"Área Metropolitana","07_Ambiental","ambiental.xlsx","eventos_año","tabla",62,6
"Área Metropolitana","07_Ambiental","ambiental.xlsx","desastres_selectos","tabla",12,10
"Área Metropolitana","07_Ambiental","ambiental.xlsx","imrc","tabla",12,6
"Área Metropolitana","07_Ambiental","ambiental.xlsx","perdida_cobertura","tabla",13,5
"Área Metropolitana","07_Ambiental","ambiental.xlsx","_fig_01","datos de figura",7,3
"Área Metropolitana","07_Ambiental","ambiental.xlsx","_fig_02","datos de figura",10,4
"Área Metropolitana","07_Ambiental","ambiental.xlsx","_fig_03","datos de figura",18,3
"Área Metropolitana","07_Ambiental","ambiental.xlsx","_fig_04","datos de figura",10,2
"Área Metropolitana","07_Ambiental","ambiental.xlsx","_fig_05","datos de figura",24,2
"Área Metropolitana","07_Ambiental","ambiental.xlsx","_fig_06","datos de figura",6,2
"Área Metropolitana","07_Ambiental","ambiental.xlsx","_fig_07","datos de figura",10,3
"Área Metropolitana","07_Ambiental","ambiental.xlsx","_mapa07_perdida_cobertura","datos de figura",10,3
"Área Metropolitana","08_Educacion","educacion.xlsx","educacion","tabla",182,8
"Área Metropolitana","08_Educacion","educacion.xlsx","_fig_01","datos de figura",10,3
"Área Metropolitana","08_Educacion","educacion.xlsx","_fig_02","datos de figura",10,3
"Área Metropolitana","08_Educacion","educacion.xlsx","_fig_03","datos de figura",10,3
"Área Metropolitana","08_Educacion","educacion.xlsx","_mapa08_cobertura_neta","datos de figura",10,4
"Área Metropolitana","09_Salud","salud.xlsx","bajo_peso","tabla",13,5
"Área Metropolitana","09_Salud","salud.xlsx","enfermedades_tropicales","tabla",11,7
"Área Metropolitana","09_Salud","salud.xlsx","suicidios","tabla",13,6
"Área Metropolitana","09_Salud","salud.xlsx","aseguramiento_sgsss","tabla",11,10
"Área Metropolitana","09_Salud","salud.xlsx","mortalidad_infantil","tabla",65,6
"Área Metropolitana","09_Salud","salud.xlsx","_fig_01","datos de figura",10,4
"Área Metropolitana","09_Salud","salud.xlsx","_fig_02","datos de figura",10,2
"Área Metropolitana","09_Salud","salud.xlsx","_fig_03","datos de figura",10,4
"Área Metropolitana","09_Salud","salud.xlsx","_fig_04","datos de figura",10,3
"Área Metropolitana","09_Salud","salud.xlsx","_mapa09_mortalidad_infantil","datos de figura",10,4
"Área Metropolitana","10_Seguridad","seguridad.xlsx","coca","tabla",1,7
"Área Metropolitana","10_Seguridad","seguridad.xlsx","evoa","tabla",6,9
"Área Metropolitana","10_Seguridad","seguridad.xlsx","delitos","tabla",13,7
"Área Metropolitana","10_Seguridad","seguridad.xlsx","total_victimas","tabla",11,9
"Área Metropolitana","10_Seguridad","seguridad.xlsx","proporcion_hechos","tabla",17,3
"Área Metropolitana","10_Seguridad","seguridad.xlsx","srtdaf","tabla",12,7
"Área Metropolitana","10_Seguridad","seguridad.xlsx","tasas","tabla",12,7
"Área Metropolitana","10_Seguridad","seguridad.xlsx","P1A_barrio","tabla",8,7
"Área Metropolitana","10_Seguridad","seguridad.xlsx","P2_cambio_barrio","tabla",8,7
"Área Metropolitana","10_Seguridad","seguridad.xlsx","P4A_municipio","tabla",8,7
"Área Metropolitana","10_Seguridad","seguridad.xlsx","P6_cambio_municipio","tabla",8,7
"Área Metropolitana","10_Seguridad","seguridad.xlsx","irv","tabla",10,6
"Área Metropolitana","10_Seguridad","seguridad.xlsx","desaparecidos","tabla",11,6
"Área Metropolitana","10_Seguridad","seguridad.xlsx","_fig_01","datos de figura",16,4
"Área Metropolitana","10_Seguridad","seguridad.xlsx","_fig_02","datos de figura",9,4
"Área Metropolitana","10_Seguridad","seguridad.xlsx","_fig_03","datos de figura",10,3
"Área Metropolitana","10_Seguridad","seguridad.xlsx","_fig_04","datos de figura",10,2
"Área Metropolitana","10_Seguridad","seguridad.xlsx","_fig_05","datos de figura",16,3
"Área Metropolitana","10_Seguridad","seguridad.xlsx","_mapa10_homicidios","datos de figura",10,3
"Área Metropolitana","10_Seguridad","seguridad.xlsx","_mapa10_homicidios_dpto","datos de figura",88,3
