"id";"fase";"fecha";"area";"archivo";"ubicacion";"categoria";"severidad";"titulo";"evidencia";"impacto";"propuesta";"esfuerzo";"estado"
"F-1-001";"1";"2026-08-17";"documentacion";"04_Docs/anexo_metodologico.tex";"§9 Los documentos generados, subsección Qué se genera";"CONSISTENCIA-DOC";"MEDIO";"La macro \cifraFiguras describe una provincia con el total de las once";"tablas/cifras.tex define \cifraFiguras=814, que es el total de figuras y mapas de las 11 provincias. En §1 se usa bien («archivos de figura entre las 11 provincias»), pero en §9 el mismo macro describe un solo diagnóstico provincial: renderiza «con sus 814 figuras y mapas repartidos». El conteo real por provincia es 74 (64 figuras + 10 mapas), verificado contando los archivos de 03_Outputs/Bioenergetica_Norte, y coincide con lo que declaran 04_Docs/README.md y plan_escritura_provincial.md. MECANISMO LOCALIZADO (2026-08-18, lote 2F): la macro se define como «macros$cifraFiguras <- .n(nrow(fig))» sobre F1_figuras.csv, que trae una fila por (provincia, figura), así que es el total de las once. El propio archivo demuestra que la distinción se conocía: la tabla T8, dos líneas antes, SÍ divide por el número de provincias —«figuras = sum(g$tipo == ""Figura"") / length(unique(g$provincia))»—. Y los dos usos del anexo son incompatibles: la línea 60 dice «\cifraFiguras{} archivos de figura ENTRE LAS \cifraProvincias{} provincias» (correcto) y la línea 775, dentro de la descripción de UN borrador provincial, dice «con sus \cifraFiguras{} figuras y mapas repartidos» (incorrecto: multiplica por once).";"El anexo metodológico publicado afirma que cada diagnóstico provincial lleva 814 figuras, once veces más de las que lleva. Es una cifra errónea en un documento cuyo principio declarado es que ninguna cifra se escribe a mano.";"Emitir dos macros distintas —\cifraFiguras (total del sistema) y \cifraFigurasProvincia (nrow(fig) / provincias presentes)— y usar cada una donde corresponda. El cálculo por provincia ya está escrito en T8.";"bajo";"abierto"
"F-1-002";"1";"2026-08-17";"documentacion";"04_Docs/anexo_metodologico.tex";"§6 Reglas de agregación, Indicadores que no se agregan, entrada «Uso adecuado del suelo rural»";"CONSISTENCIA-DOC";"MEDIO";"La macro \cifraMunicipios se usa para dos cantidades distintas";"\cifraMunicipios=88 es el número de municipios que cubre el sistema provincial. En §6 se usa para la cobertura de la fuente de uso del suelo rural: «La fuente cubre 88 de los 125 municipios». Son dos magnitudes sin relación; que coincidan sería casualidad. El valor correcto habría que leerlo de uso_del_suelo_pota.parquet.";"El anexo declara una cobertura de fuente que probablemente no es la real, y justifica con ella la decisión de no agregar el indicador. Si la cobertura real fuera muy distinta, la justificación cambia de fuerza.";"Generar un macro propio (\cifraMunicipiosUsoSuelo) contando municipios distintos en el derivado, y usarlo ahí. Verificar en fase 4 cuál es el valor real.";"bajo";"abierto"
"F-1-003";"1";"2026-08-17";"documentacion";"04_Docs/tablas/cifras.tex; README.md; 04_Docs/auditoria/RESUMEN.md";"\cifraCurados; «Huecos conocidos»; §A Procedencia";"CONSISTENCIA-DOC";"BAJO";"Tres conteos distintos de insumos curados: 22, 25 y 26";"Tres cifras para lo mismo: cifras.tex define \cifraCurados = 22; el README raíz dice «Veinticinco insumos»; RESUMEN.md dice 26. Resuelto contra los datos: A3_insumos_curados.csv tiene 26 filas, de las cuales 4 tienen n_lectores = 0 (20260504_SEGURIDAD_SALUD_DEFICT_VIVIENDA.xlsx, infraestructura_municipios_dicc.xlsx, poblacion_municipal_total_2025_dicc.xlsx, suicidios_e_intentos_medias_dicc.xlsx). El 22 del anexo es, por tanto, «curados que algún script lee», y en el disco hay 26. El 25 del README no corresponde a ninguna de las dos definiciones.";"El anexo usa \cifraCurados en dos frases donde la cantidad correcta es 26, no 22: «Son 22 archivos y constituyen el mayor riesgo de reproducibilidad del proyecto» y «Los 22 insumos curados no se regeneran con el flujo». Los cuatro que ningún script lee tampoco se regeneran y también hay que rehacerlos a mano si se pierden, así que el riesgo declarado se queda corto en un 15 %. Es la cifra con la que el proyecto mide su propia deuda de reproducibilidad.";"Generar dos macros distintos —curados en uso y curados totales— y usar el segundo en las dos frases sobre reproducibilidad. Alinear el README con la cifra generada en vez de escribirla a mano.";"trivial";"abierto"
"F-1-004";"1";"2026-08-17";"documentacion";"README.md";"«Huecos conocidos», «Documentación desactualizada»; «Historial de cambios» 2026-08-08";"CONSISTENCIA-DOC";"BAJO";"Los conteos de figuras del README no coinciden con la salida real";"El README dice que el código genera «56 figuras más 10 mapas por provincia» y que una corrida completa produce «704 figuras». En 03_Outputs/Bioenergetica_Norte hay 64 figuras y 10 mapas (74 archivos base, cada uno en PNG y PDF); RESUMEN.md reporta 814 figuras exportadas y 66 llamadas a guardar_fig() en el código. CERRADO CON LA CORRIDA COMPLETA (2026-08-18): las once provincias generadas de cero producen 814 .png y 814 .pdf, es decir 74 piezas por provincia (64 figuras + 10 mapas). La cifra coincide EXACTAMENTE con las «814 figuras exportadas» que reporta el RESUMEN.md del autor, y refuta la del README, que dice «56 figuras más 10 mapas por provincia» (66) y «704 figuras» en total. El README se queda corto en 8 figuras por provincia y 110 en total. También quedan confirmados los 110 .xlsx (11 x 10 secciones).";"Quien use el README para verificar que una corrida quedó completa contará de menos y dará por buena una corrida truncada.";"Generar los conteos del README desde F1_figuras.csv, como ya se hace con las macros del anexo, en vez de mantenerlos a mano. Y de paso corregir \cifraFiguras, que tiene el problema inverso (ver F-1-001).";"trivial";"cerrado"
"F-1-005";"1";"2026-08-17";"documentacion";"README.md; 01_Data/00_Inputs/README.md";"«Fuentes que no están en el repositorio»; «Fuentes ausentes del clon»";"CONSISTENCIA-DOC";"BAJO";"La lista de fuentes ausentes se contradice consigo misma y con la cifra de la auditoría";"El README raíz habla de cinco archivos que no viajan con el repositorio; 01_Data/00_Inputs/README.md dice «Cuatro archivos» y a continuación lista cinco; RESUMEN.md reporta 45 insumos citados, 43 presentes y 2 ausentes. CORRECCIÓN DE LA EVIDENCIA (2026-08-18): al registrarlo se afirmó que tres de los cinco archivos sí estaban en disco. ES FALSO: esa lectura venía del listado anterior a la restauración de la carpeta. Comprobado sobre el disco actual, los cinco están ausentes, y 04_probar_homogeneizacion.R confirma que cuatro de ellos detienen su script con «Falta el insumo». La lista del README es correcta. Lo que queda es la contradicción entre «cuatro» y los cinco que se enumeran, y el desajuste con el «2 ausentes» de la auditoría, que solo cuenta los insumos citados con entrada(""literal"") y deja fuera los que se componen con una variable.";"Menor, pero real: la cifra de la auditoría (2 ausentes) y la del README (cuatro o cinco) no son comparables y nadie lo advierte. Quien lea el RESUMEN concluirá que al repositorio le faltan dos fuentes cuando en la práctica le faltan cinco, y cuatro de ellas detienen un script de homogeneización completo.";"Hacer que el inventario cuente también las llamadas a entrada() con ruta compuesta —son ocho— y generar la lista del README desde ese inventario en vez de mantenerla a mano en dos sitios.";"bajo";"abierto"
"F-1-006";"1";"2026-08-17";"documento";"02_Code/06_comparativo/generar_comparativo.R; 02_Code/05_documento/generar_borrador.R";"escritura de las referencias de imagen del Markdown (salida: 04_Docs/comparativo/Comparativo_provincias.md)";"REPRODUCIBILIDAD";"ALTO";"Los doce documentos entregados llevan ~825 rutas absolutas de la máquina del autor, y el .docx sale sin ninguna figura reportándose como éxito";"Las once referencias de figura de 04_Docs/comparativo/Comparativo_provincias.md apuntan a /Users/jcmunoz/github_repositories/Proyecto-Provincias/03_Outputs/_Comparativo/figuras/... Es un artefacto generado, así que la ruta la escribe el script, no una edición manual. AMPLIACIÓN (2026-08-18, lote 2E). El alcance es mucho mayor de lo registrado y el mecanismo está localizado. (a) MAGNITUD: no son once referencias del comparativo; son 74 en un solo borrador provincial y 11 en el comparativo — unas 825 en los doce documentos entregados, todas apuntando a /Users/jcmunoz/github_repositories/Proyecto-Provincias/. El defecto no es del comparativo: es de .figura() en generar_borrador.R, que ambos comparten. (b) ORIGEN: la ruta NO está escrita en el código —sale de RUTAS$outputs, derivado de PROJ_ROOT autodetectado—, así que el código está limpio y lo que está contaminado es el entregable versionado. (c) POR QUÉ NO SE NOTA: generar_comparativo.R comenta que pasa «--resource-path» «por si el borrador se regenera desde otro directorio», pero --resource-path de pandoc solo se aplica a rutas RELATIVAS: con rutas absolutas es inerte. Pandoc no encuentra ninguna imagen, emite warnings en stderr y produce el .docx igual; y el script comprueba el éxito solo con file.exists(docx), así que un .docx sin ninguna figura pasa la prueba y se anuncia con su tamaño (ver F-2-050). CORRECCIÓN A ESTA FICHA (2026-08-20, medido con pandoc 3.1.3): la afirmación «pandoc no encuentra ninguna imagen, emite warnings y produce el .docx igual» es FALSA para rutas ABSOLUTAS. Pandoc aborta con estado 1 y no escribe nada («withBinaryFile: does not exist»). El efecto real no era doce documentos sin figuras sino doce documentos que no se pueden producir en ninguna máquina ajena, salvo que hubiera un .docx viejo en disco, que es F-2-050(b). Lo que sí sale con estado 0 y produce un .docx sin figuras es una ruta RELATIVA no encontrable, y por eso las correcciones 11 y 12 tienen que ir juntas. CONFIRMADO: --resource-path es inerte con rutas absolutas. CORREGIDO 2026-08-20 (correcciones 11 y 12 de CORRECCIONES.md): .figura() emite la ruta relativa a RUTAS$raiz mediante una función nueva .ruta_relativa(), envuelta en <>. Una sola función arregla los 825 casos porque generar_comparativo.R hereda .figura() por el source() que ya hacía. Verificado de extremo a extremo con las funciones reales del pipeline, pandoc real y desde un directorio de trabajo distinto. LÍMITE: el .md sigue sin mostrar figuras en GitHub, que resuelve las rutas desde la ubicación del archivo y no desde la raíz.";"El .md del comparativo no muestra ninguna figura en ninguna máquina que no sea la de quien lo generó, y la conversión a .docx fallará o saldrá sin imágenes. Reintroduce exactamente el problema que la migración de agosto eliminó (MIGRATION.md: «el bloque de rutas ya no existe») y contradice la regla 1 del README de código. AMPLIACIÓN: el efecto real no es que «fallará la conversión», sino que la conversión TERMINARÁ BIEN y producirá doce documentos sin una sola figura, en cualquier máquina que no sea la del autor. Y rompe la comparación entre corridas: dos ejecuciones del mismo commit sobre los mismos datos dan .md distintos byte a byte.";"Emitir la ruta relativa a RUTAS$raiz en .figura() —sub(paste0(RUTAS$raiz, ""/""), """", ruta, fixed = TRUE)— y envolverla en <> por si la raíz tiene espacios. Con eso el --resource-path que ya se pasa empieza a hacer su trabajo. Corregir en generar_borrador.R arregla los doce documentos de una vez.";"bajo";"corregido"
"F-1-007";"1";"2026-08-17";"documento";"02_Code/05_documento/generar_borrador.R";"paso de conversión a .docx (salida: 04_Docs/borradores/<Provincia>/)";"REPRODUCIBILIDAD";"MEDIO";"Los once borradores existen solo en .md; falta el .docx que la documentación promete";"04_Docs/borradores/ tiene los once <Provincia>_diagnostico.md y los once esqueleto.md, y ningún .docx. 04_Docs/README.md documenta <Provincia>_diagnostico.docx como el entregable, con sus estilos heredados del Anexo 1, y advierte que sin pandoc solo se genera el Markdown intermedio. RESUELTO EL MECANISMO (2026-08-18, lote 2E): la conversión se hace con system2(""pandoc"", ...), no con rmarkdown::render(), y la ausencia de pandoc se avisa solo con message(), de modo que el proceso termina con código de salida 0. Detalle completo y los otros dos modos de fallo del mismo bloque, en F-2-050.";"El entregable que el equipo pegaría en el documento maestro no existe. La degradación está prevista y documentada, pero no queda registrada en ninguna salida: hay que deducirla de la ausencia de archivos.";"Confirmar en el diagnóstico de entorno si falta pandoc. Que el script deje constancia explícita (un archivo o una línea en el log) cuando degrada a solo Markdown, en vez de terminar en silencio.";"bajo";"abierto"
"F-1-008";"1";"2026-08-17";"datos";"01_Data/00_Inputs/códigos_provincias.dta; 01_Data/00_Inputs/subreg_completo.dta";"01_Data/00_Inputs/";"MANTENIBILIDAD";"BAJO";"Dos derivados del pipeline anterior siguen en la carpeta de fuentes";"códigos_provincias.dta y subreg_completo.dta siguen en 01_Data/00_Inputs/, aunque 01_Data/00_Inputs/README.md declara «El pipeline anterior sí dejaba dos derivados en esta carpeta [...]; ya no» y MIGRATION.md los da por movidos a 01_Derived. Sus equivalentes vigentes existen como codigos_provincias.parquet y subreg_completo.parquet.";"Contradice la regla 2 (00_Inputs es solo lectura y no contiene derivados) y deja dos copias obsoletas del crosswalk territorial junto a las fuentes. Riesgo de que alguien lea la versión vieja.";"Verificar que ningún script vigente los lee y, si es así, moverlos a 99_Legacy/datos/ en la fase de corrección.";"trivial";"abierto"
"F-1-009";"1";"2026-08-17";"documentacion";"README.md";"sección «Cómo correr el pipeline», bloque «Desde RStudio»";"MANTENIBILIDAD";"NOTA";"RETIRADO — el .Rproj del repositorio es un artefacto local, no del proyecto";"HALLAZGO RETIRADO, 2026-08-17, tras dos correcciones sucesivas. (1) Se afirmó que el repositorio había perdido su .Rproj, con .Rproj.user/ como prueba. (2) Pablo aclaró que esa carpeta la generó él; se retractó y se escribió que el repositorio no versiona ningún .Rproj. (3) `git status` sobre el commit a475acf muestra 'D Proyecto-Provincias.Rproj': el archivo SÍ está en el commit y falta en la copia de trabajo. Pero el historial muestra que entró en los commits del 2026-08-15 13:15 y 14:32, hechos por Pablo después de crear el proyecto en RStudio y de correr renv::restore(): lo mismo vale para .Rprofile, renv/activate.R y renv/.gitignore, todos con estado 'D'. Son artefactos de esta copia local que quedaron comprometidos, no material entregado por el autor del pipeline.";"Ninguno. No hay nada que reportar al autor. Se conserva la fila, en vez de borrarla, como registro del método: tres lecturas sucesivas del mismo indicio dieron tres conclusiones distintas, y solo la consulta al historial de git zanjó el asunto.";"Ninguna. No incluir en el informe al autor salvo como nota metodológica.";"trivial";"retirado"
"F-1-010";"1";"2026-08-17";"figuras";"02_Code/R/03_mapas.R";"líneas 121-143, HAY_REPEL y .capa_etiquetas()";"ROBUSTEZ";"ALTO";"Sin ggrepel los mapas se degradan en silencio e incumplen DISENO.md";"ggrepel es dependencia opcional. Con ella, las etiquetas se separan y llevan halo del color de la superficie (bg.color). Sin ella, .capa_etiquetas() cae a ggplot2::geom_text() sin halo ni separación, y NO se emite ningún aviso. Contraste con sf, cuya ausencia sí se reporta como «OMITIDO — falta el paquete sf» en el resumen de run_provincia.R. Verificado sobre salida real: el diagnóstico de entorno del 2026-08-17 confirma ggrepel ausente en la máquina de Pablo, y en 03_Outputs/Bioenergetica_Norte/02_Demografia/figuras/mapa_02_densidad.png (generado 2026-08-15) se observan «Angostura» y «Guadalupe» superpuestas hasta ser ilegibles, «San Andrés de Cuerquía» y «San José de la Montaña» desbordando su polígono sobre municipios vecinos, y «Campamento» y «Yarumal» en texto oscuro sobre relleno azul muy oscuro, sin halo. AMPLIACIÓN (2026-08-18, lote 2D): además del halo ausente sin ggrepel, el color del texto es fijo (COLOR$tinta_1, casi negro) para toda la rampa, y el halo declarado tiene radio 0,12, insuficiente sobre los tonos más oscuros del Azul Zafre. DISENO.md promete que el nombre «se lea sobre cualquier tono de la rampa». El propio proyecto tiene la solución escrita en 04_figuras/06_desarrollo_rural.R (.luminancia / .color_legible), que elige el color del texto según el tono de fondo; no se usa en los mapas. CORREGIDO 2026-08-20 (corrección 13 de CORRECCIONES.md). DESCUBIERTO AL CORREGIR: el proyecto ya había decidido esto y lo escribió DOS VECES con las mismas palabras. DISENO.md línea 237: «sf y ggrepel son dependencias opcionales: sin ellas el pipeline genera todo lo demás y OMITE LOS MAPAS CON UN AVISO». R/00_config.R línea 162: «sin estos dos paquetes el pipeline (...) omite los mapas con un aviso», sobre PAQUETES_MAPAS <- c(""sf"", ""ggrepel""). 03_mapas.R aplicaba esa regla solo a sf. Además, el comentario de 00_config.R justifica la opcionalidad porque sf «necesita GDAL, GEOS y PROJ en el sistema», razón que no aplica a ggrepel, que es R puro. LA CORRECCIÓN: HAY_CARTOGRAFIA pasa a derivarse de PAQUETES_MAPAS —la lista deja de estar escrita a mano en el módulo— y el mensaje nombra el paquete que falta; .capa_etiquetas() PIERDE la rama geom_text(), que con el guarda nuevo es inalcanzable, de modo que la degradación desaparece por construcción; y el resumen de run_provincia.R nombra lo que falta en vez de decir siempre «falta el paquete sf». SEGUNDO SITIO NO REGISTRADO EN ESTA FICHA: 06_comparativo/figuras_comparativas.R:225 repite el patrón en los diagramas de dispersión del comparativo; no son mapas, así que se conserva la figura pero se añade warning(). LÍMITE: el color fijo del texto y el halo de radio 0,12 NO se tocaron, porque son un cambio visual que no se puede renderizar ni comprobar en el contenedor de la auditoría; se decide mirando los mapas ya regenerados con ggrepel. AVISO OPERATIVO: hay que instalar ggrepel antes de la próxima corrida o no se generará ningún mapa.";"Los 10 mapas por provincia —110 en total— se generan con etiquetas superpuestas, desbordadas e ilegibles, y el pipeline los da por buenos: el resumen de la corrida dice «OK». DISENO.md exige explícitamente separación con ggrepel y halo del color de superficie «para que el nombre se lea sobre cualquier tono de la rampa»; ambas condiciones se incumplen sin que nada lo advierta. Un mapa así puede llegar al informe publicado.";"Que la ausencia de ggrepel se reporte igual que la de sf: una línea en el resumen de la corrida y, si se quiere conservar la salida, una nota en el pie del mapa. Alternativamente, tratar ggrepel como dependencia obligatoria del bloque de mapas, dado que DISENO.md la exige. Decisión del autor: la degradación silenciosa es lo que hay que quitar, no necesariamente la degradación.";"bajo";"corregido"
"F-0-001";"0";"2026-08-17";"datos";"renv.lock";"(entorno de ejecución, no defecto del código)";"REPRODUCIBILIDAD";"NOTA";"La auditoría corre con versiones distintas de las declaradas en renv.lock";"El diagnóstico del 2026-08-17 muestra que R usa la biblioteca general (C:/Users/Lenovo/AppData/Local/R/win-library/4.6), no la de renv: renv no está activo. Versiones instaladas frente a renv.lock: arrow 25.0.0 vs 21.0.0.1, sf 1.1.2 vs 1.0.20, rlang 1.3.0 vs 1.2.0, stringi 1.8.9 vs 1.8.7, ragg 1.5.2 vs 1.5.0. R 4.6.1 frente a los 4.3.3 del lock. Los demás paquetes coinciden.";"No es un defecto del pipeline: es una limitación de la auditoría que hay que declarar en el informe. Lo que reproduzcamos no sale del entorno que el autor declaró. Afecta en particular a la comparación de derivados contra los archivos comprometidos: cuatro versiones mayores de arrow pueden cambiar metadatos y compresión del Parquet sin cambiar un solo dato, de modo que esa comparación debe hacerse por CONTENIDO —leer ambos y comparar columna a columna— y nunca por bytes.";"Declararlo en la portada del informe. Opcionalmente, correr una vez con renv::restore() activo para comprobar si alguna diferencia desaparece; no antes de tener la corrida limpia de referencia.";"trivial";"abierto"
"V-0-001";"0";"2026-08-17";"datos";"01_Data/00_Inputs/ (los 43 insumos presentes)";"—";"REPRODUCIBILIDAD";"NOTA";"VERIFICADO OK — los insumos de esta máquina son byte a byte los del autor";"03_huella_insumos.R comparó el MD5 de cada insumo contra 04_Docs/auditoria/B1_inventario_insumos.csv, que el autor generó en su máquina. Resultado: 43 de 43 comparables idénticos; los 2 restantes están ausentes en ambas (EMPAQUETAMIENTO_FIJO_3.csv e Indicadores_ECV2023.xlsx). Evidencia en evidencia/03_huella_insumos.csv.";"Positivo y doble. Primero: cualquier diferencia de resultados entre esta máquina y la del autor viene del código o del entorno, nunca del dato; eso elimina la mitad de las causas posibles antes de empezar. Segundo: valida el propio control B1 del proyecto, cuyos MD5 se reproducen exactamente.";"Ninguna. Va en la sección «qué se revisó y estaba bien» del informe.";"—";"cerrado"
"F-1-011";"1";"2026-08-17";"checks";"02_Code/99_checks/comparar_referencia.R";"líneas 149, 154, 359-365, 388-390, 399-402";"ROBUSTEZ";"ALTO";"El «43 de 43» tiene un denominador que solo cuenta lo que logró comparar";"El total que se imprime es nrow(resumen) (línea 401), y resultados solo recibe filas cuando la columna existe en la hoja generada: si no existe se imprime «COLUMNA NO ENCONTRADA» y se hace next sin registrar nada (388-390); si el .xlsx entero falta, next sin registrar (359-365). Lo mismo ocurre a nivel de municipio: comparar_columna descarta los valores generados que son NA (línea 149) y cruza con merge(), que es interno por omisión (154), de modo que un municipio que no aparece o que sale NA desaparece del conteo n_ok/n. En ningún punto se comprueba que n sea igual a los 13 municipios de la provincia.";"La métrica no puede bajar por pérdida de cobertura, solo por discrepancia en lo que sobrevivió. Dos escenarios concretos: (a) un renombre de columna hace que el pipeline deje de publicar «Población rural»; la salida dice «42 de 42 columnas reproducen el informe», sigue siendo 100 %. (b) una unión mal hecha deja NA en 10 de los 13 municipios; los 3 que quedan coinciden y se reporta COINCIDE (3/3), sumando +1 al total. Una pérdida de datos del 77 % se publica como éxito. Esta cifra es la base de credibilidad declarada del proyecto (README.md y anexo §11).";"Registrar en resultados también las columnas y archivos no encontrados, como fallo o como categoría propia, para que el denominador sea el de columnas declaradas. Y comprobar que el número de municipios comparados sea el de la provincia, avisando cuando no lo sea. Aparte: comunicar la cifra con su denominador informativo (43 columnas de los 330 indicadores publicados, en 1 de 11 provincias), que hoy no aparece en ninguna salida.";"medio";"abierto"
"F-1-012";"1";"2026-08-17";"checks";"02_Code/99_checks/comparar_referencia.R";"función comparar_columna(), líneas 152-181; y reportar(), 205-242";"ROBUSTEZ";"ALTO";"El comparador busca la columna y la escala que mejor cuadren, y no deja constancia de cuáles eligió";"comparar_columna recorre TODAS las columnas de la tabla publicada (for cl in setdiff(names(referencia), 'municipio_norm'), línea 152) y, dentro, seis factores de escala k = 1, 100, 1/100, 1/10, 1e-6, 1e-3 (línea 165), quedándose con la combinación de mayor proporción de coincidencia (líneas 170-171). No hay umbral mínimo ni verificación de que la columna elegida sea la pretendida. reportar() imprime el resultado pero nunca mejor$col ni mejor$escala. Que el mecanismo es portante, y no una red de seguridad, lo dice el propio código en el comentario de la línea ~280: «El informe publica los avalúos en millones de pesos y el pipeline en pesos, como el .do; lo absorbe el factor de escala del comparador».";"Dos errores reales quedarían tapados y sin rastro auditable. (a) Un filtro invertido que devuelva la población rural donde debía ir la urbana: como el informe publica total, urbana y rural en columnas contiguas, el buscador encuentra la que cuadra y reporta COINCIDE. (b) Un error de constante que calcule «por 10.000» en vez de «por 100.000»: el factor 1/10 de la lista lo absorbe exactamente. Ninguno de los dos dejaría huella en la salida, porque no se imprime contra qué columna ni con qué escala se comparó.";"Declarar en cada entrada de COMPARACIONES la columna de referencia esperada y la escala esperada, en vez de buscarlas. Como mínimo, imprimir siempre col y escala elegidas y avisar cuando la escala no sea 1 ni 100.";"medio";"abierto"
"F-1-013";"1";"2026-08-17";"checks";"02_Code/99_checks/comparar_referencia.R";"líneas 167-169";"ROBUSTEZ";"ALTO";"La tolerancia real no es 0,5 % sino medio dígito publicado";"El valor generado se redondea a los decimales con que se publicó la cifra ANTES de calcular la diferencia relativa: gen <- round(m$valor * k, dec) (168) y solo después dif <- abs(gen - ref)/pmax(abs(ref), 1e-9) contra tolerancia = 0,005 (169-171, valor por defecto en la línea 143). Para una cifra publicada como entero (dec = 0), cualquier valor del pipeline dentro de ±0,5 absoluto redondea al mismo entero y la diferencia sale exactamente 0.";"En las cifras publicadas con pocos dígitos —IRCA urbano, hectáreas de coca, tasas de deserción y repitencia— el margen efectivo llega al 15-25 %. Ejemplo concreto: IRCA urbano publicado como 2; el pipeline devuelve 2,49, un error del 25 %; round(2,49, 0) = 2 y la diferencia es 0, así que COINCIDE. La tolerancia anunciada del 0,5 % solo es cierta para cifras con muchos dígitos significativos.";"Aplicar la tolerancia relativa sobre el valor sin redondear, y usar el redondeo solo para presentar. Si se quiere seguir admitiendo el error de publicación, declararlo aparte como tolerancia absoluta de medio dígito y contarlo como una categoría distinta de COINCIDE.";"bajo";"abierto"
"F-1-014";"1";"2026-08-17";"checks";"02_Code/99_checks/comparar_referencia.R";"líneas 405-419 (cierre del script)";"ROBUSTEZ";"MEDIO";"El comparador termina con éxito aunque fallen todas las columnas";"comparar_todo() devuelve invisible(resumen) y el bloque de ejecución directa no llama a stop() ni a quit(). Rscript 02_Code/99_checks/comparar_referencia.R termina con estado 0 aunque las 43 columnas discrepen. check_pipeline.R sí lo hace bien: quit(status = 1) en su línea 138.";"El único control externo del proyecto no puede usarse como puerta automática: en un encadenamiento de comandos o en integración continua, una regresión total pasaría inadvertida. Hoy solo se detecta si alguien lee la salida.";"Terminar con quit(status = 1) cuando alguna columna no coincida, igual que check_pipeline.R.";"trivial";"abierto"
"F-1-015";"1";"2026-08-17";"checks";"02_Code/99_checks/check_pipeline.R";"líneas 112 y 114-126";"ROBUSTEZ";"MEDIO";"Dos comprobaciones de check_pipeline.R no pueden fallar nunca";"(a) La comprobación 4 imprime «OK — ninguna reapareció» en la línea 112, fuera de todo condicional: se imprime incluso cuando el bucle de las líneas 105-111 acaba de registrar errores. Además depende de `rastreados`, que sale de git ls-files con stderr suprimido: si git no está disponible —como ocurrió en esta máquina hasta el 2026-08-17— la lista queda vacía, no se comprueba nada y se imprime OK igual. (b) La comprobación 5 recorre las secciones y solo hace cat(): no hay ni una llamada a err() ni a avi() en todo el bloque, así que una sección que pase de «completa» a «pendiente» por un script borrado o renombrado se imprime como una línea más y el script termina con «Sin errores».";"Ausencia de evidencia se presenta como evidencia de ausencia. Si alguien borra 03_tablas/09_salud.R, check_pipeline.R lo lista como «pendiente» y devuelve estado 0; run_all.R también lo reporta como PENDIENTE en vez de fallar, así que ninguna de las dos puertas se cierra y la provincia se publica sin la sección de salud.";"Sacar el cat de la línea 112 del flujo incondicional y avisar cuando git no esté disponible en vez de dar por buena la comprobación. Para la comprobación 5, decidir cuál es el estado esperado —hoy son diez secciones completas— y emitir err() cuando alguna deje de estarlo.";"bajo";"abierto"
"F-1-016";"1";"2026-08-17";"checks";"02_Code/99_checks/comparar_referencia.R";"DIFERENCIAS_CONOCIDAS, líneas 187-202; uso en 219-234";"ROBUSTEZ";"BAJO";"Las erratas conocidas eximen por identidad, sin cota de magnitud";"Las tres excepciones están bien documentadas —cada una con su fuente y las cifras que la justifican— y acotadas a una clave «seccion|columna|municipio». Pero la clave no incluye el valor esperado, así que una vez exenta esa celda pasa con cualquier diferencia y de forma permanente.";"Si una regresión futura hiciera que Toledo saliera con 1.225 km² en vez de 122,578, seguiría clasificado como «errata conocida» y la columna seguiría contando como COINCIDE. Igual con el intercambio de filas de Angostura y Anorí: si el pipeline lo reprodujera por su cuenta, la exención lo taparía.";"Añadir a cada excepción el valor esperado del pipeline y una tolerancia, de modo que la exención cubra la errata conocida y no cualquier diferencia futura en esa celda.";"bajo";"abierto"
"F-1-017";"1";"2026-08-17";"checks";"02_Code/99_checks/auditoria_end_to_end.R";"líneas 709-710 (criterio), 322 y 460-461 (cómo se calcula el rango)";"ROBUSTEZ";"ALTO";"La bandera roja exige dos condiciones a la vez, así que solo detecta valores absurdos";"El criterio es una conjunción literal: rojas <- prov_rows[formula_que_lo_reproduce == 'OTRA' & !dentro_del_rango_municipal, ] (709-710). Para que una celda se marque tiene que ser a la vez inexplicable por fórmula Y caer fuera del rango de sus municipios. Y el segundo término es el más débil posible: 'dentro' se acumula con || sobre todas las opciones de agrupamiento (460-461) y la primera opción es siempre 'todas' (322), de modo que el rango efectivo es el mínimo-máximo de la columna en la hoja entera.";"Es un detector de valores imposibles, no de valores equivocados. Escenario concreto: la tasa de informalidad provincial debía ser 68,4 % ponderada por PEA y por un encadenamiento mal hecho sale 41,2 %, que es el valor de un municipio pequeño. No es suma, ni promedio, ni mediana, ni ponderado por población: cae en OTRA. Pero 41,2 está entre el mínimo y el máximo municipales, así que no se marca. Cero banderas rojas y la cifra va al informe. Los errores más frecuentes de un pipeline —peso equivocado, filtro mal puesto, unión que pierde filas, columna cruzada— producen números del orden de magnitud correcto y son invisibles por construcción. Las 4 banderas rojas actuales lo confirman: las cuatro son porcentajes de área geográficamente imposibles.";"Separar las dos condiciones en dos indicadores distintos: «no reproducible por fórmula conocida» y «fuera del rango municipal», y reportar ambos. Lo primero es lo que exige revisión humana; lo segundo es una alarma aparte, mucho más rara.";"bajo";"abierto"
"F-1-018";"1";"2026-08-17";"checks";"02_Code/99_checks/auditoria_end_to_end.R";"función .clasificar_agregado(), líneas 337-352; texto del resumen, 719-724";"ROBUSTEZ";"ALTO";"«OTRA» absorbe el 36,7 % de las celdas y el resumen las declara legítimas sin comprobarlo";".clasificar_agregado() prueba exactamente cuatro candidatos —suma, promedio, mediana y ponderado por población— y todo lo demás sale por el else 'OTRA' de la línea 351. El único ponderador cargado es poblacion_total_2025 (254-259). Ninguna línea posterior del archivo vuelve a examinar esas celdas: solo las OTRA que además caen fuera de rango llegan al resumen (709-710). Sin embargo RESUMEN.md afirma (719-724): «OTRA no significa error [...] El pipeline usa a propósito otros ponderadores —nacimientos, población escolar, área, matrícula— y esos casos caen aquí». El control nunca lee la fórmula del script que produjo la celda, así que esa afirmación no procede de ninguna comprobación. AMPLIACIÓN (2026-08-18, lote 2F): el sobrealcance no se queda en el CSV de la auditoría, llega al anexo publicado. generar_tablas_anexo.R traduce la categoría «OTRA» por «Otro ponderador declarado en el script» en la tabla T4, y la nota al pie enumera ponderadores concretos («nacimientos, población escolar, área o matrícula»). El anexo presenta así como decisiones metodológicas deliberadas el 36,7 % de celdas que ninguna de las cuatro fórmulas probadas logró reproducir. Registrado también como F-2-066(b).";"2.834 celdas provinciales publicadas —el 36,7 %— quedan sin verificar y presentadas como verificadas. Dentro de ese conjunto conviven, indistinguibles: ponderadores legítimos que la auditoría no sabe calcular, celdas correctas desplazadas por el redondeo de publicación (la tolerancia es 1e-6, línea 51, así que un round() en la celda basta para reclasificarla), y celdas mal calculadas. La regla 6 del anexo dice que cada indicador usa el ponderador de su denominador; comprobar eso es exactamente lo que haría falta y es justo lo que no se hace.";"Desglosar OTRA en el CSV y en el resumen por hoja y columna, para que sea una lista de revisión y no un porcentaje. Y declarar en cada script de tabla qué ponderador usa —hay cuatro o cinco en total—, de modo que la auditoría pueda probar el declarado en vez de adivinar entre cuatro.";"medio";"abierto"
"F-1-019";"1";"2026-08-17";"checks";"02_Code/99_checks/auditoria_end_to_end.R";"todo el archivo (787 líneas); saltos silenciosos en 249, 365-367, 378, 388-390, 422-423";"ROBUSTEZ";"MEDIO";"La auditoría no puede fallar y lo que se salta no deja rastro";"No hay una sola llamada a stop(), quit() ni warning() en las 787 líneas (comprobado por búsqueda). auditar_todo() escribe los CSV y RESUMEN.md y devuelve invisible: el proceso termina siempre con estado 0, incluso con las 14 columnas fuera de rango y las 4 banderas rojas que hay hoy. Y lo que se salta no queda registrado en ningún sitio: una provincia sin salidas se salta con message() y next (365-367); un libro ilegible se captura con tryCatch(..., NULL) (249); una hoja vacía se salta (378); una hoja cuya columna de código no se llame literalmente «Código DANE» queda fuera de las comprobaciones C y D (388-390, comparación literal, pese a que el proyecto tiene col() en 01_utils.R justamente para eso); una columna numérica leída como texto por una celda con «n.d.» se excluye del recálculo (422-423).";"Menos cobertura se lee igual que más salud. Escenario concreto: run_all.R falla en cuatro provincias; la auditoría audita siete, reporta menos hojas y menos celdas, y sigue diciendo «Bandera roja: 4». Nada compara las provincias procesadas con las solicitadas, ni las 726 hojas auditadas contra el total de hojas indexadas. Además el control no sirve como puerta automática: en un encadenamiento de comandos no detiene nada. check_pipeline.R sí termina con quit(status = 1).";"Registrar cada salto en un CSV propio (provincia, hoja, columna, motivo) y publicar en el resumen la cobertura efectiva: provincias auditadas de las solicitadas, hojas auditadas de las indexadas, columnas recomputadas de las numéricas. Y decidir qué condiciones deben devolver estado distinto de cero.";"medio";"abierto"
"F-1-020";"1";"2026-08-17";"checks";"02_Code/99_checks/auditoria_end_to_end.R";"líneas 562-564 (hoja de datos), 601-607 (nota y subtítulo), 379 y 416 (exclusión de las hojas _*)";"ROBUSTEZ";"MEDIO";"La trazabilidad de las figuras se comprueba por nombre de hoja y por expresión regular, nunca por contenido";"«Sin hoja de datos trazable: 0» sale de comprobar que exista una hoja llamada _fig_NN o _mapaNN en el índice (562-564); el índice solo guarda nombre, filas y columnas (381-386). Nunca se abre la figura ni se comparan sus valores con la hoja. «Sin nota de fuente: 0» y «Sin subtítulo: 0» salen de grepl('fuente\\s*=', ventana) y grepl('subtitulo\\s*=', ventana) sobre una ventana ciega de las 45 líneas anteriores del código (601-607). Y las hojas que empiezan por _ —las de datos de figura— están excluidas de la recomputación de agregados (379, 416): las cifras que efectivamente se dibujan nunca se recalculan.";"fuente = """" cuenta como nota de fuente; una variable de fuente sin definir también; y si dos figuras se generan en menos de 45 líneas, el fuente = de la primera valida a la segunda. Más grave es lo de la hoja: la propia salida del control tiene la evidencia sin reconciliar — E1_rangos.csv marca «Cobertura neta fuera de [0,1]» en la hoja educacion de 10 provincias pero en la hoja de mapa _mapa08_cobertura_neta solo de 4. O el mismo indicador está en dos escalas distintas según la hoja, o el mapa dibuja otro subconjunto. F1 reporta «Sin hoja de datos trazable: 0» sin advertirlo.";"Comprobar que la hoja de datos tenga las filas y columnas que la figura declara, y reconciliar E1 con F1 cuando el mismo indicador aparezca en una hoja de tabla y en una de figura. Para la nota de fuente, comprobar el argumento efectivo y no su presencia textual.";"medio";"abierto"
"F-1-021";"1";"2026-08-17";"checks";"02_Code/99_checks/auditoria_end_to_end.R";"bloque C, líneas 398-412; bloque D, 416-479; resumen, 684-689";"ROBUSTEZ";"MEDIO";"Nadie cruza las hojas con municipios faltantes contra los totales que suman sobre los presentes";"El bloque C detecta municipios faltantes por hoja (402) y el resumen declara 46 hojas con al menos uno. El bloque D recompone cada total sobre los municipios que sí están y nunca consulta la lista de esperados que C ya calculó (369, usada solo en 401-402). Las dos comprobaciones conviven en el mismo archivo y en el mismo resumen sin cruzarse.";"Un total puede ser la suma correcta de un conjunto incompleto y quedar certificado. Escenario: una unión pierde a Yarumal en la hoja de seguridad; C lo cuenta entre las 46 hojas sin nombrarlo en el resumen; D recalcula la suma sobre los municipios presentes, coincide exactamente con la celda publicada y la clasifica «suma». El total provincial de homicidios queda subestimado y las dos comprobaciones lo bendicen por separado. El resumen publica en la misma página «46 hojas con municipios faltantes» y «4.153 celdas reproducidas por suma» sin señalar la intersección.";"Marcar en D1_agregados.csv las celdas cuya hoja tenga municipios faltantes, y reportar en el resumen cuántas de las celdas «reproducidas» se calcularon sobre un conjunto incompleto.";"bajo";"abierto"
"F-1-022";"1";"2026-08-17";"checks";"02_Code/99_checks/auditoria_end_to_end.R";"líneas 265-273 (patrones), 496 (negativos), 500-509 (solo se escriben los fallos)";"ROBUSTEZ";"BAJO";"La comprobación de rangos no tiene denominador ni cota superior";"Solo se crea una fila cuando hay problema (500-509), así que una columna sin regla aplicable y una que pasó todas las reglas son indistinguibles en la salida: el «14» del resumen no tiene contra qué medirse. El chequeo de [0,1] se aplica exclusivamente a las columnas que casan con 18 patrones escritos a mano (265-273) y el de negatividad a un prefijo fijo (496). Ninguna columna tiene nunca una cota superior distinta de 1.";"Una población municipal de 40 millones, una tasa por 100.000 habitantes de 3.500 o un área de 900.000 km² no disparan nada. Y no hay forma de saber qué proporción de las columnas publicadas tiene alguna regla de rango: puede ser el 10 % o el 90 %.";"Escribir una fila por columna evaluada, con el resultado, para que el denominador exista. Y añadir cotas superiores por familia de indicador, que el anexo ya declara en su tabla de unidades y escalas.";"bajo";"abierto"
"V-1-001";"1";"2026-08-17";"checks";"02_Code/99_checks/auditoria_end_to_end.R";"líneas 85-88, 116-124, 308-312, 397-398, 426-429";"ROBUSTEZ";"NOTA";"VERIFICADO OK — cinco decisiones cuidadas de auditoria_end_to_end.R";"(1) Antes de buscar llamadas con expresiones regulares elimina los comentarios de línea completa, para no contar como insumo un archivo citado en un comentario (85-88). (2) Resuelve envoltorios propios como .guardar() y nombres de derivado guardados en constantes, en vez de darlos por huérfanos (116-136). (3) En las hojas apiladas por año restringe los municipios al mismo año antes de recomponer el total, evitando comparar el total de un año contra los municipios de otro (308-312). (4) Excluye las hojas _dpto de la comprobación de municipios ajenos, porque contienen municipios de fuera por diseño (397-398). (5) Declara explícitamente que las filas de subregión y departamento no son verificables con la hoja provincial, en vez de darlas por buenas (426-429).";"Positivo. Son las cinco cosas que un control descuidado se salta, y explican por qué las cifras que este control sí verifica —el 53,7 % reproducido por suma, los 0 municipios ajenos en 726 hojas— son creíbles. Los huecos registrados aparte no contradicen esto: acotan hasta dónde llega.";"Ninguna. Va en la sección «qué se revisó y estaba bien» del informe.";"—";"cerrado"
"F-1-023";"1";"2026-08-17";"checks";"02_Code/99_checks/auditoria_redaccion.R";"función control_negativo(), líneas 441-473 (en particular 445, 449, 455-456, 459-463, 467)";"ROBUSTEZ";"ALTO";"El «95,3 % de poder de detección» no mide el poder de detección de la auditoría";"control_negativo() no inyecta nada en ninguna parte. Regenera la prosa de UNA provincia —provincia(2), línea 445—, guarda el registro, toma los valores que el generador imprimió (base <- .registro$valores, 455), descarta los de valor absoluto ≤ 1 (456), muestrea 300, los multiplica por 1,037 y los formatea con su propia regla de decimales (459-462). Después hace detectadas <- sum(!(falsas %in% registradas)) (463). Nunca se altera la prosa, nunca se alteran los datos, y nunca se ejecuta auditar_redaccion(): las cadenas perturbadas no pasan por .cifras_de(), ni por .parrafos_de_texto(), ni por la puerta es_recuento. Hay además una asimetría que infla el resultado: el control compara contra el registro EN CRUDO (registradas <- cifras_registradas(), 449), mientras la auditoría real lo normaliza antes (372-374). Una entrada registrada como «61,3 %» nunca puede colisionar con la salida cruda de num_co, «61,3», así que esas cifras se cuentan como detectadas por un desajuste de formato y no por la perturbación.";"El anexo metodológico §9 publica esta cifra como prueba de que la auditoría discrimina, y razona sobre ella: «una comprobación que nunca falla no demuestra nada [...] inyecta cifras falsas y reporta qué proporción detecta». Lo que el código calcula es otra cosa: la proporción de 300 cadenas inventadas que no coinciden por azar con alguna de las que el generador imprimió en una provincia. Es una tasa de no-colisión entre cadenas. Como un valor perturbado está ausente del registro por construcción, el resultado solo podía ser alto. Y el fallo de fondo es que un error de cálculo real habría pasado por el mismo formateador y habría quedado registrado, así que la auditoría lo daría por bueno: el control no puede simular ese caso porque nunca toca los datos. Si el equipo considera el anexo un entregable publicado, esta es la corrección más urgente del registro.";"Que el control negativo perturbe el DATO de origen —una celda de una tabla publicada—, regenere la prosa y ejecute auditar_redaccion() completa, midiendo cuántas perturbaciones acaban señaladas. Eso sí mide poder de detección, y muy probablemente dé un número bajo: es la medida que hace falta. Mientras tanto, renombrar la cifra actual a lo que es («tasa de no-colisión del registro») y no presentarla como poder de detección. Y hacer que un poder por debajo del umbral devuelva estado distinto de cero, no un message() (467).";"medio";"abierto"
"F-1-024";"1";"2026-08-17";"checks";"02_Code/99_checks/auditoria_redaccion.R";"líneas 365-367 (el registro), 376-379 y 385-391 (la exención), 49 (ANIOS)";"ROBUSTEZ";"ALTO";"El «100 % de cifras con procedencia» es una propiedad de la arquitectura, y su denominador incluye cifras exentas";"Dos mecanismos distintos, una sola cifra publicada. (a) TAUTOLOGÍA: es la misma llamada la que produce el texto y la que llena el registro —registrar_cifras(TRUE); prosa <- markdown_provincia(prov); registrar_cifras(FALSE), 365-367—. Si un número lo imprime un formateador instrumentado, queda registrado por construcción, y la comprobación de la línea 392 no puede fallar para él. El registro guarda solo cadenas impresas, sin ningún vínculo con el dato de origen. (b) EXENCIÓN: la puerta es_recuento (388-391) exime a todo entero que esté en ANIOS —1990:2100, línea 49— o en `recuentos`, que incluye .valores_publicados(prov, n_mun) (379), es decir TODOS los valores numéricos de TODAS las hojas de la provincia, sin acotar por sección. Y el contador se incrementa antes de la exención (total <- total + 1, línea 385): esas cifras entran en el denominador de 3.391 sin haberse comprobado contra el registro. El propio archivo advierte en sus líneas 101-103 que sin acotar por sección «casi cualquier número coincide por azar»; el acotamiento está implementado y el único camino vivo lo llama con secciones = NULL.";"«100,00 % con procedencia» significa «el 100 % de los números del texto los escribió el generador», que es cierto y no es un hallazgo. No dice nada sobre si son correctos. Y para los enteros —que en esta prosa son la mayoría: poblaciones, áreas, conteos— la comprobación efectiva no es el registro sino la pertenencia a un conjunto de miles de valores, que es justo el test que el proyecto había descartado por débil. La cifra publicada mezcla dos pruebas de fuerza muy distinta bajo una sola etiqueta.";"Separar en el CSV y en el resumen las cifras verificadas contra el registro de las exentas por es_recuento, y publicar las dos proporciones. Reactivar el acotamiento por sección, que ya está escrito. Y en el anexo, decir qué garantiza la regla 11: que ninguna cifra se teclea a mano, no que ninguna esté equivocada.";"medio";"abierto"
"F-1-025";"1";"2026-08-17";"checks";"02_Code/99_checks/auditoria_redaccion.R";"líneas 366-368 (regeneración y captura del error), 477-480 (invocación)";"ROBUSTEZ";"MEDIO";"Se audita la prosa regenerada, no el documento entregado, y una provincia que falle desaparece del cálculo";"La auditoría regenera la prosa en memoria (366) en vez de leer el .md o el .docx publicado. Es una decisión defendible —audita lo que el generador produce ahora, no una copia vieja—, pero deja sin vigilar precisamente lo que la regla 10 del anexo prohíbe: editar el documento entregado. Una cifra corregida a mano en el .docx es invisible para este control. Además, si markdown_provincia() falla para una provincia, el tryCatch devuelve NULL, se emite un message y se hace next (366-368): sus cifras no entran en el total y nada queda registrado en R2_resumen_redaccion.csv. Si tres de los once documentos no se generan, el CSV sigue diciendo «100,00 %» sobre los ocho restantes.";"El «3.391 cifras auditadas en los once documentos» puede corresponder a menos de once documentos sin que nada lo indique, igual que ocurre en auditoria_end_to_end.R (F-1-019). Y el entregable que llega al equipo —el .docx— no lo audita nadie.";"Registrar en R2 cuántas provincias se auditaron de las solicitadas. Y añadir una comprobación que lea el documento publicado y compare sus cifras con las de la prosa regenerada: eso sí vigila la regla 10.";"bajo";"abierto"
"F-1-026";"1";"2026-08-17";"checks";"02_Code/99_checks/diccionario_indicadores.R";"líneas 91-95 (agregado), 155-163 (emparejamiento); norm_txt en 02_Code/R/01_utils.R:16-21 frente a col():33";"CONSISTENCIA-DOC";"MEDIO";"«330 indicadores publicados, 12 con ficha»: el numerador y el denominador están mal medidos, en direcciones opuestas";"(a) El denominador no son indicadores distintos. El aggregate de las líneas 92-93 agrupa por la terna (seccion, hoja, indicador), así que el mismo indicador publicado en tres hojas cuenta tres veces; el mensaje de la línea 151 lo llama «indicadores distintos». (b) El numerador subestima: la clave de emparejamiento sale de norm_txt (01_utils.R:16-21), que solo hace Latin-ASCII, compactado de espacios y minúsculas, y NO elimina guiones bajos ni puntos. Las claves publicadas vienen de encabezados de columna y las de ficha de nombres de archivo .docx, dos universos con convenciones distintas: una ficha llamada «Tasa_de_desercion_escolar.docx» nunca casará con la columna «Tasa de deserción escolar». El mismo repositorio tiene el normalizador adecuado —compacto() dentro de col(), 01_utils.R:33, que elimina [ _.\-]— y este script no lo usa. Señal de que el cruce se parchea caso por caso: la línea 58 contiene un alias cosido a mano para un único indicador. (c) tiene_ficha (163) solo comprueba que exista un archivo con nombre coincidente; la ficha no se abre nunca, así que nada garantiza que documente ese indicador.";"La cobertura documental publicada —«330 indicadores, 12 con ficha», anexo §7 y cifras.tex— tiene el denominador inflado y el numerador deprimido. Es la cifra sobre la que el anexo apoya su recomendación de completar el inventario, y probablemente exagera el tamaño del problema. No cambia la conclusión de fondo (la cobertura es baja), pero sí su magnitud.";"Contar indicadores distintos por su clave, no por terna, y publicar ambas cifras. Usar compacto() en vez de norm_txt para el cruce. Y declarar que tiene_ficha significa «existe un archivo con ese nombre», no «el indicador está documentado».";"bajo";"abierto"
"V-1-002";"1";"2026-08-17";"checks";"02_Code/99_checks/auditoria_redaccion.R";"líneas 15-18 y 238-247 (razonamiento del formato), 372-374 y 382 (normalización simétrica), 392, 424-433";"ROBUSTEZ";"NOTA";"VERIFICADO OK — la comprobación de las cifras con decimales está bien construida";"Para las cifras con decimales la comprobación no es trivial y está bien resuelta: se compara la CADENA escrita, no el número (392), con los dos lados normalizados por la misma función (372-374 para el registro, 382 para el texto). El razonamiento que lo justifica es correcto y está escrito: usar formatC y no round, porque 122,55 se imprime «122,5» mientras round() daría 122,6 (15-18, 238-247). Comparar cadenas evita ese falso positivo. Y .parrafos_de_texto() (424-433) descarta encabezados, YAML, imágenes, notas de fuente y filas de tabla, de modo que se audita prosa y no tablas.";"Positivo, y acota el alcance de F-1-023 y F-1-024: para las cifras con decimales que pasan por un formateador, la trazabilidad hasta el generador es real. Lo que no está probado es que el generador calculara bien, ni nada sobre los enteros.";"Ninguna. Va en la sección «qué se revisó y estaba bien» del informe.";"—";"cerrado"
"F-1-027";"1";"2026-08-17";"tablas";"02_Code/03_tablas/03_ordenamiento.R";"línea 660, hoja «internet_2025» (salida: 03_Outputs/<Provincia>/03_Ordenamiento/ordenamiento.xlsx)";"CALCULO";"ALTO";"La fila provincial de internet fijo publica el PROMEDIO de los conteos municipales: la provincia declara 3.889 líneas cuando tiene 50.556";"La llamada usa como = ""promedio"" para las cuatro columnas de la hoja, entre ellas dos que son conteos: «Líneas de acceso a internet fijo» y «Líneas de acceso a internet fijo por fibra óptica». Verificado sobre la salida real de la provincia Bioenergética del Norte (03_Outputs/Bioenergetica_Norte/03_Ordenamiento/ordenamiento.xlsx, hoja internet_2025, corrida del 2026-08-15): la fila provincial publica 3.888,9 líneas cuando la suma de los 13 municipios es 50.556, y 2.608,8 líneas de fibra cuando la suma es 33.914. En las dos columnas de razón la diferencia también es material: la proporción sobre fibra se publica como 52,4 % y la agregada (33.914/50.556) es 67,1 %, o sea 14,7 puntos porcentuales; las líneas por 1.000 habitantes se publican como 274,2 y la agregada es 288,1 (+5,1 %). La regla 6 del anexo dice literalmente «Un conteo se suma. Una razón entre dos conteos se recalcula sobre las sumas, no se promedia». REIMPLEMENTADO EN CUATRO PROVINCIAS (fase 4, 2026-08-18), y el resultado es aritméticamente inequívoco. Publicado frente a la suma real de los municipios: Agroindustrial del Occidente 4.792,3 frente a 28.754; Agua Bosques y Turismo 13.492,2 frente a 161.907; Área Metropolitana 142.045,5 frente a 1.420.455; Bioenergética del Norte 3.888,9 frente a 50.556. Las razones publicado/suma son 0,167 · 0,083 · 0,100 · 0,077, que son EXACTAMENTE 1/6, 1/12, 1/10 y 1/13: el número de municipios de cada provincia. No hay ambigüedad posible sobre el mecanismo: la fila provincial de un CONTEO se calcula como promedio simple. AMPLIADO A LAS ONCE PROVINCIAS (2026-08-18, con el insumo ya disponible): la razón entre lo publicado y la suma real de los municipios es EXACTAMENTE 1/n en las once, donde n es el número de municipios de la provincia. Las cifras correctas, provincia por provincia, están en V-4-004. La peor en términos absolutos es el Área Metropolitana: publica 142.046 líneas y tiene 1.420.455. CORREGIDO 2026-08-18 (corrección 3 de CORRECCIONES.md): en .hoja_internet() los dos conteos pasan a agregarse con «suma» y las dos razones se recalculan sobre las sumas después de agregar, siguiendo el patrón que el propio archivo ya usa en .hoja_deficit_vivienda(). Se corrigió también el comentario de cabecera y la etiqueta de la fila agregada, que decía «PROMEDIO SIMPLE PROVINCIA». DECIDIDO CON PABLO tras contrastar las tres agregaciones posibles: ponderar los conteos por población daría una cifra intermedia (15.344,8 en Río Grande) que no es el total ni el promedio y que el lector no puede reconstruir desde la tabla; las dos tasas, ponderadas correctamente, coinciden exactamente con recalcular sobre las sumas. EFECTO MEDIDO EN EL COMPARATIVO: con la cifra corregida, OCHO DE LAS ONCE provincias cambian de puesto en el ranking de acceso a internet —De la Paz sube tres posiciones, Agroindustrial dos—, porque el promedio simple comparaba «el municipio promedio» de cada provincia en vez de las provincias.";"La cifra de líneas de internet fijo de cada provincia está dividida por su número de municipios —entre 5 y 13 veces por debajo de la real—, y se publica con formato de conteo y sin ninguna marca. El decimal delator («3.888,9 líneas») es la única pista de que algo va mal, y pasa por un redondeo. Afecta a las once provincias y a la columna que sostiene cualquier afirmación sobre conectividad en la sección 03. La fila de la misma hoja rotulada «PROMEDIO SIMPLE PROVINCIA» advierte del método pero no de que se esté aplicando a un conteo, donde no tiene sentido.";"Sumar los conteos (líneas totales y líneas de fibra) y recalcular la proporción y la tasa por 1.000 habitantes sobre las sumas, que es lo que manda la regla 6 del anexo: «un conteo se suma; una razón entre dos conteos se recalcula sobre las sumas, no se promedia».";"bajo";"corregido"
"F-1-028";"1";"2026-08-17";"infra";"02_Code/R/01_utils.R";"función agregar_totales(), rama suma = sum(x, na.rm = TRUE)";"CALCULO";"MEDIO";"Una columna sin ningún dato se agrega como cero, no como vacío";"La rama de suma es sum(x, na.rm = TRUE). En R, sum(c(NA, NA), na.rm = TRUE) devuelve 0, no NA. escribir_hoja() escribe los NA como celda vacía (na.strings = """"), pero un cero calculado se escribe como 0. La rama de promedio tiene el problema simétrico: mean(c(NA, NA), na.rm = TRUE) devuelve NaN, que no es una celda vacía. Solo promedio_ponderado lo trata bien: comprueba if (any(ok)) y devuelve NA_real_ en caso contrario.";"Contradice la regla 5 del anexo —«Un municipio sin dato queda vacío, no en cero [...] Confundirlos convierte la ausencia de medición en una afirmación sobre el territorio»— dentro de la función que produce todas las filas agregadas del proyecto. El escenario está documentado en el propio anexo: «el catastro no cubre el Área Metropolitana». Si una columna de catastro es NA en todos los municipios de esa provincia y se agrega con suma, la fila provincial publicará 0 en vez de quedar vacía, y se leerá como «avalúo catastral cero». NO VERIFICADO EMPÍRICAMENTE: las salidas del Área Metropolitana no existen en esta copia. Es lo primero que hay que comprobar en la fase 4, cuando exista la corrida completa.";"Devolver NA cuando no haya ningún valor no ausente, en las tres ramas, como ya hace promedio_ponderado.";"trivial";"abierto"
"F-1-029";"1";"2026-08-17";"infra";"02_Code/R/01_utils.R";"subregion_dominante() y su uso dentro de agregar_totales()";"CALCULO";"MEDIO";"La fila de subregión usa solo la subregión mayoritaria y se calcula sobre municipios ajenos a la provincia";"subregion_dominante() cuenta los municipios de la provincia por subregión y devuelve la primera, la más frecuente. agregar_totales() filtra después el universo departamental por esa subregión, de modo que la fila agrega TODOS los municipios de Antioquia que el DANE asigna a ella. Verificado en la salida real: en la provincia Bioenergética la fila «PROMEDIO SIMPLE SUBREGIÓN NORTE» de pérdida de cobertura vale 0,0701, calculada sobre los 17 municipios del Norte —no sobre los 12 de la provincia que están en Norte—, y Anorí, que pertenece a la provincia pero a la subregión Nordeste, no está representado en ninguna fila de subregión.";"La fila etiquetada «SUBREGIÓN» compara la provincia contra un territorio distinto del que el lector supone, y una provincia repartida entre dos subregiones solo ve una. El anexo declara la primera mitad del problema —que la subregión son los municipios que el DANE le asigna— pero no la segunda: que se elige una sola subregión, la mayoritaria, y que los municipios de la provincia que están en otra quedan fuera de la comparación. El plan de escritura pide explícitamente «comparación contra subregión y departamento» en cada sección, así que la prosa de los once informes descansa en esta fila.";"Documentar el criterio en el anexo, y decidir si conviene emitir una fila por cada subregión en la que la provincia tenga municipios, o etiquetar la fila de forma que quede claro qué territorio agrega.";"medio";"abierto"
"F-1-030";"1";"2026-08-17";"documentacion";"README.md; 04_Docs/anexo_metodologico.tex §6";"«Dos decisiones metodológicas cambian resultados frente al informe»; regla 6 y el párrafo que la sigue";"CONSISTENCIA-DOC";"MEDIO";"La corrección que el proyecto declara sobre el promedio de tasas no es general";"Los dos documentos lo enuncian como política: «Donde el Anexo promedió tasas municipales, el pipeline calcula la tasa agregada (ponderada por población o por nacimientos, según el indicador), que es lo correcto». Revisadas las 47 llamadas a agregar_totales() de los diez scripts de tablas, la política se aplica en demografía, gobernabilidad, educación, salud, economía y vías, pero NO en al menos cinco indicadores que siguen con promedio simple: IRCA (07_ambiental.R:260), IMRC (452), pérdida de cobertura arbórea (493), tránsito inmediato a educación superior (03_ordenamiento.R:599) e internet fijo (660). En el caso de la pérdida de cobertura el propio código explica por qué: «El Anexo 1 sí publica provincia, subregión y departamento, y lo hace con el PROMEDIO SIMPLE entre municipios (verificado: 7,83 % / 7,01 % / 9,30 %)». Es decir, se reprodujo deliberadamente el informe. Ponderada por área municipal esa cifra sería 6,97 % en vez de 7,83 % (calculado sobre la salida real de Bioenergética).";"Dos reglas declaradas apuntan en direcciones opuestas y el código elige una sin dejar constancia en la documentación: la regla 0 dice «el dato manda sobre el informe» y aquí manda el informe. No es que la decisión sea indefendible —reproducir la cifra publicada tiene su lógica— sino que la documentación afirma lo contrario de lo que el código hace en esos cinco indicadores, y quien defienda una cifra ante la Gobernación citará el anexo.";"Enumerar en el anexo qué indicadores se agregan con promedio simple y por qué, en vez de enunciar una política general. Y decidir de forma explícita, para cada uno, si prevalece la regla 0 o la fidelidad al Anexo 1.";"bajo";"abierto"
"V-1-003";"1";"2026-08-17";"tablas";"02_Code/03_tablas/ (las 47 llamadas a agregar_totales)";"09_salud.R:185 y 400; 08_educacion.R:85; 02_demografia.R:304 y 358; 03_ordenamiento.R:221, 477, 557";"CALCULO";"NOTA";"VERIFICADO OK — los ponderadores de salud, educación y demografía son los que pide la regla 6";"Revisadas una a una las 47 llamadas a agregar_totales() de los diez scripts de tablas. Donde el indicador tiene un denominador claro, el ponderador es el correcto: bajo peso al nacer se pondera por nacimientos del año (09_salud.R:185, pesos = nac2024), la mortalidad infantil por nacimientos (400, pesos = nac), la cobertura educativa por población en edad escolar (08_educacion.R:85, pesos = poblacion_5_16), y las tasas demográficas y de vivienda por habitantes (02_demografia.R:304 y 358; 03_ordenamiento.R:221, 477, 557). Además, las filas agregadas van etiquetadas con el método que las produjo —«PROMEDIO SIMPLE PROVINCIA …», «PROMEDIO PONDERADO PROVINCIA …»—, de modo que la hoja declara cómo se calculó cada total.";"Positivo, y acota F-1-027 y F-1-030: la regla 6 no está mal implementada en general, está implementada de forma desigual. Etiquetar la fila con su método es una buena práctica que conviene conservar y extender.";"Ninguna. Va en la sección «qué se revisó y estaba bien» del informe.";"—";"cerrado"
"F-1-031";"1";"2026-08-17";"documentacion";"02_Code/01_homogeneizacion/externos/README.md; 01_Data/00_Inputs/curados/README.md";"«El paso manual que falta»; «Por qué conviene ir migrándolos»";"CONSISTENCIA-DOC";"BAJO";"Los dos README de procedencia manual citan archivos y conteos que no coinciden con el disco";"El README de externos enumera seis derivados con sufijo _dicc —IRCA_dicc, i_datalake_ges_pub_dicc, infraestructura_municipios_dicc, mortalidad_iam_dicc, poblacion_municipal_total_2023_dicc, suicidios_e_intentos_medias_dicc— y en 01_Data/00_Inputs/curados/ solo existen tres: infraestructura_municipios_dicc, poblacion_municipal_total_2025_dicc (2025, no 2023) y suicidios_e_intentos_medias_dicc. El README de curados dice que 02_Code/01_homogeneizacion/ «tiene nueve ejemplos del patrón» y hay once scripts (sin contar externos/), que es el número que usa el anexo en su diagrama de arquitectura.";"Son los dos documentos a los que acude quien intenta rastrear el origen de un indicador que no tiene código detrás, que es exactamente el punto débil declarado del proyecto. Buscar IRCA_dicc para entender de dónde sale el IRCA lleva a un archivo que no existe.";"Regenerar la lista de archivos _dicc leyendo la carpeta, o corregirla a mano y fechar el README. Actualizar el conteo de scripts de homogeneización.";"trivial";"abierto"
"V-1-004";"1";"2026-08-17";"infra";"02_Code/ (comprobación transversal de las reglas del anexo)";"reglas 1, 4 y 9 del anexo metodológico";"ROBUSTEZ";"NOTA";"VERIFICADO OK — tres reglas del anexo se cumplen en el código";"Regla 1 («la figura no recalcula»): ningún script de 02_Code/04_figuras/ llama a leer_derivado() ni a entrada(); las figuras trabajan sobre la tabla que la sección acaba de producir, tal como declara el anexo. Regla 9 («el derivado no redondea»): no hay una sola llamada a round() en los once scripts de 02_Code/01_homogeneizacion/. Regla 4 («la encuesta de percepción no es provincial»): 03_tablas/10_seguridad.R filtra la encuesta por el código de subregión y rotula el bloque por subregión, además de omitirlo con un aviso cuando la encuesta no trae registros de esa subregión. Se revisó también es_fila_total(), que devuelve FALSE para todas las filas si no encuentra la columna de código: su único uso es poner en negrita las filas de total al escribir la hoja, así que el fallo posible es estético y no de cálculo — no se registra como hallazgo.";"Positivo. Tres de las once reglas se cumplen sin excepción, y una sospecha de robustez se descartó al comprobar dónde se usa la función. De las restantes, las que no se cumplen ya están registradas: la 5 en F-1-028, la 6 en F-1-027 y F-1-030, y las 10 y 11 en F-1-023 a F-1-025.";"Ninguna. Va en la sección «qué se revisó y estaba bien» del informe.";"—";"cerrado"
"F-2-001";"2";"2026-08-18";"infra";"02_Code/R/01_utils.R";"función a_numero(), regla 3 del separador decimal";"CALCULO";"ALTO";"a_numero() multiplica por 1.000 los decimales anglosajones que empiezan por cero";"La regla 3 dice: «un punto solo es de miles cuando va seguido de exactamente tres dígitos (7.550 son siete mil quinientos cincuenta, no 7,55)». Se implementa como decimal_es_punto <- n_punto == 1 & !decimal_es_coma & (n_coma > 0 | !str_detect(z, ""\\.\\d{3}$"")). La condición no distingue el caso en que la parte entera es 0, donde no puede haber separador de miles. VERIFICADO ejecutando la función real extraída del archivo, con stringr instalado: a_numero(""0.478"") devuelve 478; ""0.055"" devuelve 55; ""-0.750"" devuelve -750; ""0.478 %"" devuelve 478. Los demás casos funcionan: ""0,478"" da 0,478; ""7.550"" da 7.550; ""13.89"" da 13,89; ""1.234,5"" y ""1,234.5"" dan 1.234,5; la notación científica pasa intacta. De 19 casos probados fallan 5, todos de la misma forma. AMPLIACIÓN (2026-08-18, lote 2C-2): el sitio más expuesto de la capa de tablas es .leer_hoja_cruda() de 09_salud.R, que fuerza col_types = ""text"" en NATALIDAD, MORTALIDAD_INFANTIL y ASEGURAMIENTO —por un buen motivo, ver V-2-004— y pasa todo por a_numero(). HOY NO SE DISPARA: los máximos publicados en salud.xlsx son plausibles (mortalidad infantil 38,46 por mil; suicidio consumado 38,60; leishmaniasis 1.167,87 sobre población rural), así que ninguna celda pasó por la rama defectuosa. Es el sitio a vigilar cuando cambie el insumo.";"a_numero() es la única función de conversión numérica del proyecto y la usan las diez secciones. Un valor entre 0 y 1 con tres decimales en formato anglosajón —la forma exacta de una proporción, un ponderador de encuesta o una tasa— se publica multiplicado por mil, sin ningún aviso. NO ESTÁ DISPARADO HOY: se revisaron los quince derivados en Parquet y cinco insumos (IMRC, EVOA, AREAPROTEGIDA, ESTADO_CATASTRO y Pérdida de cobertura árborea) y ninguna columna llega como texto con esa forma. El riesgo es de actualización: basta que una fuente se reexporte desde un sistema en inglés, o que una celda con «n.d.» convierta la columna entera en texto, para que readxl la entregue como carácter y la conversión se dispare. SITIOS CONCRETOS DE RIESGO, localizados en el lote 2B: ecv_oficial_agregados.R y ecv.R aplican a_numero() a las columnas de Gini de hogar y laboral, que el propio código declara índices en escala 0-1 y por eso excluye de la división por 100 — un «0.478» como texto se publicaría como un Gini de 478; uso_suelo.R lo aplica a la proporción de uso adecuado, que se compara contra 0,60 y 0,80 para clasificar predios; deyc.R lo aplica a la columna de valor de un datalake en formato largo, que alimenta la participación del valor agregado primario, la tasa de natalidad empresarial y los pilares del IMCA. La precisión importa: el error solo se dispara con EXACTAMENTE tres decimales tras un punto único —«0.5» y «0.05» se convierten bien—, que es justo la precisión con la que se publican los índices 0-1.";"Añadir a la condición que la parte entera no sea un cero solo: un número escrito «0.478» o «-0.750» no puede llevar separador de miles. Conviene además emitir un aviso cuando la regla 3 se aplique, porque «7.550» seguirá siendo genuinamente ambiguo.";"bajo";"abierto"
"F-2-002";"2";"2026-08-18";"infra";"02_Code/R/01_utils.R";"con_territorio() y filtrar_provincia(); efecto visible en 02_Code/03_tablas/01_generalidades.R:39-43";"ROBUSTEZ";"ALTO";"El universo de municipios lo define la fuente, no el crosswalk: un municipio ausente desaparece en vez de quedar vacío";"con_territorio() hace datos |> left_join(crosswalk_provincias()) |> left_join(crosswalk_subregiones()): el crosswalk se pega SOBRE los datos, de modo que un municipio que la fuente no traiga no genera fila. filtrar_provincia() solo aborta si el resultado tiene cero filas; una provincia de trece municipios con once presentes pasa sin ruido. Y el efecto se amplifica donde la tabla calcula participaciones: en 01_generalidades.R:42, participacion_area_prov_pct = area_km2 / sum(area_km2, na.rm = TRUE) renormaliza sobre los municipios presentes.";"Contradice la regla 5 en su forma más difícil de detectar: el municipio no queda vacío, no queda en cero, no aparece. Escenario: AREA_ORIGINAL.xlsx pierde dos de los trece municipios de una provincia. La tabla sale con once filas, las participaciones suman 100 % —así que nada se ve raro—, y agregar_totales() rotula la suma parcial como «TOTAL PROVINCIA». El área provincial publicada es menor que la real y es internamente coherente. La auditoría del proyecto sí detecta municipios faltantes por hoja (C1_cobertura_municipal.csv, 46 hojas hoy), pero es un informe posterior que no bloquea nada, y no distingue el faltante informativo del faltante por pérdida (F-1-021).";"Partir del crosswalk y pegarle los datos —right_join o un join desde el crosswalk— para que el municipio sin dato exista como fila con NA. Como mínimo, que filtrar_provincia() avise cuando el número de municipios no sea el de la provincia.";"medio";"abierto"
"F-2-003";"2";"2026-08-18";"infra";"02_Code/01_homogeneizacion/crosswalk_territorial.R";"construcción de subreg_completo, frente a las verificaciones del crosswalk de provincias";"ROBUSTEZ";"MEDIO";"La mitad del crosswalk territorial no tiene ninguna verificación";"El crosswalk de provincias se valida con tres comprobaciones: nrow == 88 con la lista de municipios perdidos en el mensaje de error, !any(duplicated(ind_mpio)) y setequal(id_provincia, PROVINCIAS$id). subreg_completo, en cambio, se construye con un mutate + select + arrange y se escribe sin comprobar nada: ni que tenga 125 filas, ni que ind_mpio sea único, ni que no haya NA. con_territorio() le hace un left_join, y dplyr multiplica filas en silencio en una relación uno a muchos. VERIFICADO SOBRE EL DERIVADO ACTUAL: subreg_completo.parquet tiene hoy 125 filas, 125 ind_mpio únicos, ningún NA, nueve subregiones, y cubre los 88 municipios del crosswalk. El defecto es la ausencia de la verificación, no un dato roto.";"Si MUNICIPIOS_SUBREG_PROV.xlsx llegara con un municipio repetido —dos filas de esquema asociativo, un corregimiento— ese municipio se duplicaría en toda tabla que pase por con_territorio(), y su área, su población y sus conteos se sumarían dos veces en los totales de provincia y de departamento. Nada lo detectaría: el anexo declara el crosswalk «fuente de verdad» y la mitad de esa fuente no se comprueba.";"Añadir a subreg_completo las mismas tres verificaciones que ya tiene el crosswalk de provincias. Son tres líneas y el patrón ya está escrito al lado.";"trivial";"abierto"
"F-2-004";"2";"2026-08-18";"infra";"02_Code/R/01_utils.R";"función col(), tercera estrategia de búsqueda (por prefijo)";"ROBUSTEZ";"MEDIO";"col() resuelve por prefijo, devuelve la primera columna del archivo y no avisa de la ambigüedad";"Tras la coincidencia exacta y la compactada, col() prueba which(startsWith(compacto(reales), compacto(a))) y devuelve reales[i[1]]: si varias columnas empiezan igual, gana la que esté primero en el Excel. Además el prefijo de la alternativa k se prueba antes que la coincidencia exacta de la alternativa k+1, así que un respaldo posterior puede no consultarse nunca. VERIFICADO ejecutando la función real: con los encabezados «MunicipioCodigo, Municipio, Anio, IRCAurbano, Nivel de riesgo urbano, IRCArural, IRCA total», col(d, ""IRCA"") devuelve «IRCAurbano»; y con «Codigo Departamento, ind_mpio, valor», col(d, ""Codigo"", ""ind_mpio"") devuelve «Codigo Departamento» y nunca llega a ind_mpio.";"col() es el mecanismo con el que las diez secciones localizan todas sus columnas, y su propósito declarado es tolerar que una fuente cambie de escritura. Justamente en ese caso —el encabezado «IRCA» se reexporta como «IRCA total» o «IRCA (%)»— la búsqueda cae al prefijo y devuelve el IRCA urbano, que va antes en la hoja. La sección publicaría el índice urbano rotulado como total, sin un mensaje. No está disparado hoy: mientras exista la coincidencia exacta, gana la exacta.";"Avisar cuando la resolución por prefijo encuentre más de una candidata, y agotar todas las alternativas por coincidencia exacta antes de pasar a la búsqueda por prefijo.";"bajo";"abierto"
"F-2-005";"2";"2026-08-18";"infra";"02_Code/R/01_utils.R";"agregar_totales(), conversión de los valores y de los pesos";"CALCULO";"MEDIO";"agregar_totales() convierte con as.numeric() en vez de a_numero(), y silencia el aviso";"x <- suppressWarnings(as.numeric(d[[cl]])) y w <- suppressWarnings(as.numeric(d[[pesos]])). El proyecto tiene a_numero() en el mismo archivo justamente para leer números en convención colombiana, y aquí no se usa; suppressWarnings elimina además la única señal de que la coerción falló. Combinado con sum(x, na.rm = TRUE) (F-1-028), una columna de texto no da error ni NA: da 0.";"Si un derivado llegara con una columna numérica como texto —leer_derivado() admite el camino heredado .xlsx con solo un warning—, «12.345» habitantes se convertiría en 12,345 y el total provincial saldría en centenas en vez de en decenas de miles; y si el texto llevara coma decimal, as.numeric daría NA en todos los municipios y el total publicado sería 0. Es la misma familia que F-1-028 pero por otra vía, y la corrección es distinta.";"Usar a_numero() y no suprimir el aviso; o comprobar que la columna sea numérica y abortar con un mensaje que la nombre.";"trivial";"abierto"
"F-2-006";"2";"2026-08-18";"figuras";"02_Code/R/02_tema.R";"pct_co(x, dec = 1, ya_en_pct = TRUE) y etiqueta_pct(dec = 0)";"ROBUSTEZ";"MEDIO";"El formateador de porcentajes tiene por defecto lo contrario de lo que el pipeline produce";"pct_co() tiene ya_en_pct = TRUE por defecto, de modo que si el llamador pasa una proporción sin poner ya_en_pct = FALSE, el resultado sale cien veces menor: pct_co(0.153) devuelve «0,2 %». Pero el pipeline guarda las tasas como fracción —08_educacion.R divide entre 100 al leer, el déficit de vivienda se guarda como fracción, el anexo declara «Proporciones y coberturas: fracción en [0,1] en el archivo»—, así que el valor por defecto está calibrado al revés de lo que circula. Que las llamadas actuales lo compensen a mano con pct_co(x * 100, dec = 0) confirma que el defecto no sirve. etiqueta_pct() hereda el problema y ni siquiera expone el argumento.";"Un valor por defecto que no falla y cambia el resultado. La primera figura que use etiqueta_pct() sobre una columna guardada como fracción etiquetará «0,9 %» donde debería decir «91,2 %», y la hoja de respaldo guardará 0,912, así que la trazabilidad no delata la contradicción. Es infraestructura destinada a las diez secciones.";"Invertir el defecto a ya_en_pct = FALSE, que es lo que produce el pipeline, o quitar el defecto para que la llamada tenga que declararlo. Y exponer el argumento en etiqueta_pct().";"bajo";"abierto"
"F-2-007";"2";"2026-08-18";"infra";"02_Code/R/01_utils.R";"normalizar_municipio(), tabla de equivalencias";"CALCULO";"BAJO";"«SAN PEDRO» se resuelve a un municipio concreto habiendo dos en Antioquia";"La equivalencia ""SAN PEDRO"" = ""SAN PEDRO DE LOS MILAGROS"" se aplica sin condición. Antioquia tiene San Pedro de los Milagros (05664) y San Pedro de Urabá (05665). Las demás entradas de la tabla son inequívocas. Importa porque hay dos cruces reales por nombre y no por código DANE —las plantas de generación y el catastro minero, en 05_economia.R—, que son las únicas excepciones a la regla del proyecto de cruzar siempre por código.";"Si una de esas dos fuentes escribe «San Pedro» sin apellido, el registro se asigna a San Pedro de los Milagros, que pertenece a la Provincia del Río Grande, y su capacidad instalada o su título minero se suma al total de una provincia que no le corresponde. El anexo ya declara que estos dos cruces se hacen por nombre normalizado; lo que no declara es que una de las equivalencias resuelve una ambigüedad real.";"No corregir un nombre ambiguo: dejar que no cruce y que el aviso lo señale, o exigir el nombre completo en esas dos fuentes.";"trivial";"abierto"
"F-2-008";"2";"2026-08-18";"figuras";"02_Code/R/03_mapas.R";"cartografia_base() y cartografia_provincia()";"ROBUSTEZ";"BAJO";"La cartografía puede perder municipios sin que nada lo advierta";"capa$ind_mpio <- as.integer(capa$MPIO_CCDGO), después un merge con all.x = TRUE contra el crosswalk, y el filtro de la provincia se queda con las filas cuyo id_provincia coincide. Ninguna línea comprueba cuántos municipios encontró. Un desajuste total de códigos sí falla ruidosamente —cero filas y el mapa devuelve NULL—, pero uno parcial no: el municipio no se dibuja y el mapa queda con la forma equivocada.";"No cambia una cifra, pero produce una afirmación cartográfica falsa que ninguna comprobación cubre: la tabla de la sección tendría trece municipios y el mapa doce, y el mapa de localización pintaría el que falta como «Resto de Antioquia». Es un caso plausible porque el Marco Geoestadístico cambia de versión y algunos entregan MPIO_CCDGO con tres dígitos y otros con cinco.";"Comprobar que el número de polígonos de la provincia sea el de municipios del crosswalk, y abortar el mapa con un mensaje cuando no lo sea.";"trivial";"abierto"
"V-2-001";"2";"2026-08-18";"infra";"02_Code/R/ (lote 2A completo)";"01_utils.R: filtrar_provincia(), rama promedio_ponderado, escritura de NA; 02_tema.R: .series(); 03_mapas.R: puntos de etiqueta; crosswalk_territorial.R: verificaciones";"ROBUSTEZ";"NOTA";"VERIFICADO OK — seis decisiones sólidas de la capa de infraestructura";"(1) filtrar_provincia() extrae el id antes del filtro y usa .env$id, con el motivo escrito: varias fuentes traen una columna llamada prov que dentro de dplyr::filter() enmascararía el argumento. Es una trampa real de dplyr, identificada y resuelta. (2) La rama promedio_ponderado de agregar_totales() comprueba if (any(ok)) y devuelve NA_real_: es la única de las cuatro que no inventa un número cuando no hay nada que agregar, y es el patrón que habría que extender. (3) La convención «vacío no es cero» está implementada en los dos extremos de la publicación: la escritura del Excel pone celda vacía para NA y los mapas pintan en gris el municipio sin dato en vez de en el extremo bajo de la rampa. (4) El crosswalk de provincias se valida con tres comprobaciones y su mensaje de error enumera los municipios perdidos. (5) .series() aborta cuando se piden más series que colores en vez de reciclar la paleta en silencio. (6) Los puntos de etiqueta de los mapas usan st_point_on_surface y no el centroide, con la razón escrita: en un municipio en herradura el centroide cae sobre el vecino.";"Positivo. Son seis sitios donde el autor anticipó un fallo silencioso y lo cerró, incluidas dos trampas que casi nadie ve venir. Acota el tono de los hallazgos de este lote: no es código descuidado, es código cuidadoso con huecos concretos.";"Ninguna. Va en la sección «qué se revisó y estaba bien» del informe.";"—";"cerrado"
"F-2-009";"2";"2026-08-18";"homogeneizacion";"02_Code/01_homogeneizacion/percepcion_seguridad.R";"línea 91, unlink(archivo_xlsx)";"CALCULO";"ALTO";"CONFIRMADO EN EJECUCIÓN — una línea con una variable inexistente impide regenerar el derivado de percepción, y el insumo ya está";"Entre construir la tabla y escribir_derivado() hay un unlink(archivo_xlsx), y archivo_xlsx no se define en ninguna parte: ni en ese script, ni en 00_config.R, ni en 01_utils.R, ni en ninguno de los seis scripts de homogeneización que corren antes. Es un resto de cuando el script también escribía un .xlsx de respaldo, como sigue anunciando su cabecera. CORRECCIÓN DE LA EVIDENCIA (2026-08-18): al registrarlo se afirmó que esta línea explicaba por qué percepcion_seguridad.parquet no se había regenerado en la corrida del 2026-08-15. ES FALSO. 04_probar_homogeneizacion.R demostró que el script aborta mucho antes, en entrada(), porque falta «Data anonimizada encuesta percepcion 2018-2025.xlsx». La línea 91 nunca se alcanzó. El defecto es real y está sin ejecutar. Dato que conviene tener presente: el derivado existe en el repositorio, así que en la máquina del autor el script sí llegó a escribir; o la línea se añadió después, o él tenía archivo_xlsx definido en su sesión. CONFIRMADO POR EJECUCIÓN (2026-08-18, 00:09). Pablo puso «Data anonimizada encuesta percepcion 2018-2025.xlsx» en 01_Data/00_Inputs y el script se corrió en una sesión limpia. Leyó los 100 MB del microdato y murió con este mensaje, cuya cadena de llamadas termina literalmente en unlink: «Error in eval(ei, envir) : object 'archivo_xlsx' not found. Calls: source -> withVisible -> eval -> eval -> unlink. Execution halted». 18 segundos. Con esto el hallazgo deja de ser latente. Nótese el recorrido de la evidencia: se registró como ALTO con una evidencia que resultó FALSA (S-11), se rebajó a MEDIO por honestidad, y ahora vuelve a ALTO con la única evidencia que valía: la ejecución. CORREGIDO Y VERIFICADO (2026-08-18): borrada la línea 91 en la copia local; el cambio está registrado como C-001 en 04_Docs/revision/CAMBIOS_APLICADOS.md con el antes, el después y cómo deshacerlo. Tras el cambio el script corre completo y escribe el derivado, que reproduce el del autor en las ocho columnas (V-3-004). La corrección sigue pendiente de aplicarse en el repositorio del autor: aquí solo se tocó la copia de trabajo, para desbloquear la prueba.";"El derivado percepcion_seguridad NO SE PUEDE REGENERAR mientras la línea esté. La sección 10 seguirá publicando la percepción de la entrega anterior con el rótulo del año nuevo, y el insumo nuevo —que ya está en la carpeta— no llega al informe. Es visible como [FALLO] en el resumen de run_all.R, así que no es silencioso, pero bloquea. Riesgo latente que no cambia: run_all.R hace source() en el entorno global, así que el día que otro script defina un objeto llamado archivo_xlsx, esta línea dejará de fallar y borrará ese archivo.";"Borrar la línea 91. Es un resto de cuando el script también escribía un .xlsx de respaldo, como sigue anunciando su cabecera. Es el primer arreglo a hacer: desbloquea el único insumo nuevo que hoy no se puede procesar.";"bajo";"corregido"
"F-2-010";"2";"2026-08-18";"homogeneizacion";"02_Code/01_homogeneizacion/seguridad_policia.R";"lectura por letra de columna (CUADROS) y su único guarda";"ROBUSTEZ";"ALTO";"Los ocho cuadros de la Policía se leen por letra de columna, y lo único que se comprueba es que la columna exista";"Cada delito se define por letras de Excel —total_2025 = «AH», arma_fuego_2025 = «AI», y así hasta «IP»— que se traducen a índices y se leen con antioquia[[indices[i]]]. El único guarda es de rango: se aborta si algún índice supera el número de columnas. Verifica que la columna exista, no que sea la correcta. Y hay un mecanismo de desfase reconocido por el propio proyecto: salud_seguridad.R documenta que «readxl recorta las columnas vacías de la izquierda». Contraste dentro del mismo repositorio: salud_seguridad.R localiza su columna de códigos por el CONTENIDO (la más poblada que casa con ^05\d{3}$), lo que la hace inmune a ese recorte; seguridad_policia.R no tiene nada equivalente.";"La fuente es de entrega periódica —el cuadro histórico va de 2020 a 2025—, así que el desfase llegará. Una columna insertada o recortada hace que total_2025 de homicidios lea la columna de arma de fuego: un municipio con 12 homicidios de los cuales 7 con arma de fuego publicaría 7, y su tasa por 100.000 habitantes bajaría un 42 %. Todos los guardas pasan y el conteo de municipios por hoja sigue idéntico. Afecta a los ocho delitos de la sección 10 y a los mapas de homicidios.";"Localizar las columnas por su encabezado —aunque sea el de dos pisos, combinando año y variable— o al menos validar el contenido de cada una: que la de un conteo sea entera y no negativa, y que total_2025 sea mayor o igual que la suma de sus modalidades, que es una comprobación gratuita y decisiva.";"medio";"abierto"
"F-2-011";"2";"2026-08-18";"homogeneizacion";"02_Code/01_homogeneizacion/salud_seguridad.R";"función .leer_tasa() y sus dos llamadas (desplazamientos 37 y 41)";"ROBUSTEZ";"ALTO";"El guarda del acceso posicional busca la palabra «tasa», que en un cuadro por años aparece una vez por año";"La natalidad se lee 37 columnas a la derecha del código y la mortalidad 41, y después se valida que el encabezado contenga «tasa». Medir el desplazamiento desde la columna de códigos es un buen diseño y protege contra columnas añadidas antes. Pero la fuente es un cuadro con el año arriba y «Total»/«Tasa» debajo, de modo que hay una columna llamada «Tasa» por cada año: insertar el año nuevo entre el código y la tasa vigente mueve el objetivo a otra columna que también se llama «Tasa», y la validación pasa.";"El script publicaría la tasa de un año anterior creyendo que es la del corte declarado, y crec_vegetativo = tasa_natalidad − tasa_mortalidad heredaría el error. Alimenta tres columnas del tablero que consumen las secciones 02 y 09. El mensaje que imprime el script muestra el encabezado leído, pero como en el encabezado corto solo dice «Tasa», tampoco delata el año.";"Validar el año además de la palabra: leer la fila de encabezado superior y comprobar que la columna elegida pertenece al año declarado. Si el encabezado combinado lo impide, dejar el año como parámetro explícito y comprobar el rango plausible del valor leído.";"medio";"abierto"
"F-2-012";"2";"2026-08-18";"homogeneizacion";"02_Code/01_homogeneizacion/salud_seguridad.R";"cálculo de crec_vegetativo";"DATO-FUENTE";"MEDIO";"El crecimiento vegetativo resta dos años distintos, y solo lo dice un comentario del código";"crec_vegetativo = tasa_natalidad − tasa_mortalidad, con la natalidad de 2023 y la mortalidad de 2024. El script lo declara sin ambigüedad en un comentario: «OJO: la natalidad es de 2023 y la mortalidad de 2024, así que el crecimiento vegetativo mezcla dos años. Es lo que hace el .do original; se conserva para no cambiar las cifras publicadas». La decisión es consciente y está razonada. Lo que no ocurre es que salga del código: el anexo no lo menciona.";"La regla 7 del anexo dice que cada indicador se cita con su año y que «dos indicadores de secciones distintas pueden referirse a años distintos y el lector tiene que poder saberlo». Aquí las dos mitades de un mismo indicador son de años distintos, y ni la hoja publicada ni el anexo lo dicen. Quien lea el crecimiento vegetativo de una provincia no puede saber que no corresponde a ningún año.";"Declararlo en el anexo y en la nota de la tabla, o alinear los dos cortes. Es una decisión del equipo, no un error de código.";"trivial";"abierto"
"F-2-013";"2";"2026-08-18";"homogeneizacion";"02_Code/01_homogeneizacion/ecv_oficial_agregados.R";"construcción de la clave territorial y el aviso de niveles faltantes";"ROBUSTEZ";"MEDIO";"Los territorios que no casan con la clave literal se descartan en silencio";"La clave se arma con un case_when sobre diccionarios de cadenas largas y literales —«provincia minero agroecologica en el departamento de antioquia»— y lo que no casa queda NA y se elimina con filter(!is.na(key)). El único aviso posterior comprueba qué NIVELES se hallaron (departamento, provincia, subregión), así que si desaparecen ocho de las nueve subregiones el nivel sigue presente y no se imprime nada. norm_txt() absorbe tildes y espacios, pero no una reformulación del rótulo.";"Si la salida oficial de la ECV rotulara el Valle de Aburrá de otra forma, esa subregión se perdería y la fila «TOTAL SUBREGIÓN» del informe del Área Metropolitana saldría vacía o caería a un agregado que la propia cabecera del script advierte que no es aditivo. Contraste dentro del mismo repositorio: ecv.R y educacion.R sí abortan cuando falta un indicador; aquí falta el equivalente.";"Comprobar el número de territorios de cada nivel —9 subregiones, 11 provincias, 1 departamento— y abortar nombrando los que no cruzaron.";"bajo";"abierto"
"F-2-014";"2";"2026-08-18";"homogeneizacion";"02_Code/01_homogeneizacion/poblacion_municipal.R";"sumas por filas de los grupos de edad y las tres divisiones que las usan como denominador";"CALCULO";"MEDIO";"Las sumas de grupos de edad devuelven cero cuando no hay datos, y después se usan como denominador sin protección";"Los grupos de edad se construyen con rowSums(..., na.rm = TRUE), que devuelve 0 cuando toda la fila es NA. Después, tres indicadores dividen por esas sumas sin comprobar el denominador: la dependencia económica, el índice de envejecimiento y el peso de cada área sobre el total. Además .peso_sobre_total() empareja con match() sin verificar que el municipio exista en el área «Total», lo que da denominador NA en silencio. En toda la capa de homogeneización solo hay un denominador protegido explícitamente (uso_suelo.R comprueba que el área total exista y sea mayor que cero).";"Un municipio cuyas columnas de edad lleguen vacías produce 0 y no NA, y ese 0 se convierte en denominador: el indicador sale Inf o NaN y se guarda tal cual en el parquet, porque el script no tiene ninguna comprobación de rango. Aguas abajo, agregar_totales() con método promedio convierte el total provincial entero en Inf o NaN a partir de una sola celda.";"Devolver NA cuando la fila no tenga ningún valor, y proteger las tres divisiones. Es el mismo arreglo que F-1-028, en otra capa.";"bajo";"abierto"
"F-2-015";"2";"2026-08-18";"datos";"01_Data/00_Inputs/curados/poblacion_municipal_total_2025_dicc.dta; 02_Code/01_homogeneizacion/poblacion_municipal.R; 02_Code/03_tablas/02_demografia.R";"hoja «natalidad_mortalidad», columna «Índice de Envejecimiento»; nota de migración 4 del script";"CALCULO";"ALTO";"El índice de envejecimiento que se publica no lo calcula el pipeline, y difiere del que sí calcula en los 125 municipios";"Hay DOS índices de envejecimiento en el proyecto y no coinciden. (a) El que se publica: 02_demografia.R lo lee de curados/poblacion_municipal_total_2025_dicc.dta, un insumo armado a mano cuya fórmula no está en ningún sitio del repositorio (viene de 01_homogeneizacion/externos/, que no se ejecuta, más un paso manual sin documentar). (b) El que el pipeline calcula: poblacion_municipal.R produce su propio I_enve_T en poblacion_municipal_total_2025.parquet, y la propia auditoría del proyecto registra ese derivado con CERO consumidores (A2_derivados.csv). COMPARADOS LOS DOS sobre los 125 municipios: no coincide ni uno. Diferencia media +1,42 puntos, mediana +1,86, rango de −4,86 a +3,11. Ejemplos verificados contra la hoja publicada de Bioenergética: Angostura publica 27,962 (curado) frente a 25,199 (derivado); Anorí 19,580 frente a 17,743. El valor de la hoja coincide con el curado hasta el último decimal. Y sobre la versión que NO se publica, la nota de migración 4 del script declara: «Jov_*_0_14 se copia de Dep_*_0_14_60_85 [...] de modo que el índice de envejecimiento se calcula contra la población dependiente, no contra la de 0 a 14 años. Es una rareza de la fuente publicada; se conserva para no alterar el derivado». DESBLOQUEADO Y CORREGIDO 2026-08-20 (corrección 16 de CORRECCIONES.md). No hizo falta la respuesta del equipo: al medir se vio que la pregunta no era cuál es la fórmula correcta, porque EL INFORME YA LA DECLARABA EN TRES SITIOS. Título de la figura 5: «adultos mayores por cada 100 menores de 15 años»; subtítulo: «población de 65 años o más por cada 100 menores de 15»; y la prosa de secciones.R: «adultos mayores por cada cien menores de quince años». Los tres describen 65+/0-14 y el número publicado no era eso: era un rótulo demostrablemente falso, como el del mapa de cobertura arbórea. DIAGNÓSTICO NUEVO: la diferencia entre el curado y el derivado NO es de fórmula sino de estructura de edad. Comparadas todas las columnas, la población total coincide 125 de 125 pero ninguno de los cuatro grupos etarios coincide, y como son porcentajes que suman 100 en los dos archivos, reparten la misma población en edades distintas: el curado describe una población sistemáticamente más envejecida (Angostura 16,4 % de mayores de 60 frente a 14,8 %). Probablemente otra vigencia de la proyección del DANE. Y los dos usan el MISMO denominador no estándar —población dependiente—: estimados desde poblacion_edad_2025, el curado da mediana 30,5, el derivado ~28,6 y el estándar 65+/0-14 da 49,9. QUÉ SE HIZO, respetando la regla que fijó Pablo de no leer nunca el original desde una tabla: se AMPLIÓ el derivado poblacion_edad_2025 —el que creamos en la corrección 7, que ya sale del PPED por homogeneización— con los grupos edad_0_14 y edad_65_mas, que el script ya calculaba internamente y no publicaba; 02_demografia.R deja de leer el curado y calcula el índice desde ese derivado con la fórmula estándar; y el agregado provincial deja de ser un promedio ponderado por población total para pasar a ser la razón entre las sumas (regla 6), porque la población total no es el denominador de ninguna de las dos puntas. EFECTO: el índice sube ~67 % en los 125 municipios; es el cambio de cifra más grande de la fase y hay que declararlo al autor. PENDIENTE MENOR: curados/poblacion_municipal_total_2025_dicc.dta se queda sin lector; no se borra —regla 2— pero conviene anotarlo en el README de curados y preguntar al equipo de qué vigencia salió.";"Tres consecuencias, en orden de gravedad. Primera: el indicador publicado NO TIENE FÓRMULA VERIFICABLE en el repositorio; es uno de los cuatro que el propio anexo señala como no reproducibles, y la magnitud del problema no se había medido. Segunda: la única documentación del cálculo —la nota de migración 4— describe la versión que nadie lee, de modo que quien lea el código creerá saber cómo se calcula el número publicado y estará mirando otro. Tercera: si alguien decidiera algún día usar el derivado en vez del curado, las cifras del informe cambiarían en los 125 municipios sin que ningún control lo señale, porque comparar_referencia.R no valida este indicador y el rango 0-100 no dispara ninguna alarma. Sobre si el índice publicado es metodológicamente correcto NO SE PUEDE CONCLUIR: su fórmula no está. La razón entre las dos versiones (~1,11) es menor que la que produciría cambiar el denominador de «0 a 14» a «dependientes», así que probablemente difieren por otra causa —el corte de edad, 60+ frente a 65+, o la vigencia de la proyección—.";"Lo primero es determinar la fórmula del curado, que hoy nadie puede citar: es el único indicador de esta familia que llega al informe. Después, decidir si se publica el derivado —que sí tiene código y cuyo denominador está documentado como no estándar— o se rehace el curado con la fórmula estándar (65 y más sobre 0 a 14), declarando el cambio de cifra. Mientras tanto, corregir la nota de migración 4 para que diga que describe el derivado y no lo publicado.";"medio";"corregido"
"F-2-016";"2";"2026-08-18";"homogeneizacion";"02_Code/01_homogeneizacion/uso_suelo.R";"recorrido de las carpetas GRUPO y verificación final; construcción del código de municipio";"ROBUSTEZ";"MEDIO";"El uso del suelo se escribe con los municipios que haya, y los archivos mal nombrados comparten el código «NA»";"El script recorre ocho carpetas con unos 88 archivos sueltos y solo aborta si el resultado tiene cero filas: no hay una comprobación del número esperado, a diferencia de ecv.R y educacion.R, que sí verifican los 125 municipios. Además .resumen_municipio() devuelve fila igual cuando la hoja RURAL no es legible, con solo un mensaje. Y el código de municipio sale de un patrón sobre el nombre del archivo; si no casa, se asigna la cadena «NA», de modo que dos archivos mal nombrados producen dos filas con el mismo código.";"Es la fuente con más riesgo de material incompleto —88 archivos en ocho carpetas, sincronizados a mano— y la única sin conteo esperado. Si una carpeta no se sincroniza, el derivado se escribe con menos municipios, el mensaje final lo dice entre cincuenta líneas de log, y la tabla de uso del suelo de esa provincia sale con celdas vacías o con el total calculado sobre los que quedaron. El anexo ya declara que este indicador no se agrega porque «la fuente cubre solo una parte de los municipios y la ausencia no es aleatoria»: sin conteo esperado no hay forma de saber si la cobertura de hoy es la de la fuente o la de una sincronización a medias.";"Comprobar el número de municipios esperado y abortar nombrando los que faltan, como hacen los otros dos scripts. Y tratar el nombre de archivo que no casa como error, no como código «NA».";"bajo";"abierto"
"F-2-017";"2";"2026-08-18";"homogeneizacion";"02_Code/01_homogeneizacion/deyc.R; 02_Code/01_homogeneizacion/educacion.R";"filtro del año más reciente por municipio e indicador, y el paso a formato ancho";"CALCULO";"MEDIO";"«El año más reciente» se resuelve municipio a municipio y el año no queda en el derivado";"Los dos scripts agrupan por municipio e indicador y se quedan con el máximo año disponible; después el paso a formato ancho conserva el municipio, la etiqueta y el valor, y descarta el año. El derivado mezcla años entre municipios sin dejar rastro. La cabecera de deyc.R advierte que el año difiere entre indicadores, pero no que también difiere entre municipios del mismo indicador. Aparte, en deyc.R el max() del año va sin na.rm: un solo registro con el año vacío hace que el grupo entero se descarte y el indicador quede vacío para ese municipio.";"No produce una cifra falsa: produce una comparación falsa, que es lo que el informe publica. Si un municipio tiene densidad empresarial hasta 2024 y otro solo hasta 2021, la tabla los pone en la misma columna, la figura los ordena de mayor a menor y la prosa escribe «el municipio con menor densidad empresarial de la provincia» comparando 2021 contra 2024. Ni la hoja ni la figura pueden declarar el año porque el derivado ya no lo tiene.";"Conservar el año en el derivado y llevarlo hasta la hoja publicada, aunque sea como columna aparte; y añadir na.rm al máximo. Si el año varía entre municipios de un mismo indicador, la nota de la tabla debería decirlo.";"medio";"abierto"
"V-2-002";"2";"2026-08-18";"homogeneizacion";"02_Code/01_homogeneizacion/(lote 2B completo)";"crosswalk_territorial.R; ecv.R y deyc.R antes del pivot; salud_seguridad.R; uso_suelo.R; seguridad_policia.R; educacion.R";"ROBUSTEZ";"NOTA";"VERIFICADO OK — seis defensas bien puestas en la capa de homogeneización";"(1) El inner_join del crosswalk sí puede perder municipios, pero está respaldado por una comprobación de 88 filas que además calcula y enumera los perdidos en el mensaje de error: es el patrón correcto para un inner_join, permitirlo y cuantificarlo. (2) ecv.R y deyc.R comprueban que la llave municipio-indicador no esté repetida ANTES de pasar a formato ancho, y abortan con un ejemplo concreto: es la defensa exacta que evita que un reshape duplique registros en silencio. (3) salud_seguridad.R separa el tablero curado de su derivado, lo que rompe el ciclo del .do original de leer y reescribir el mismo archivo acumulando transformaciones en cada corrida; es la corrección estructural más valiosa de la capa. (4) El mismo script localiza la columna de códigos por su contenido —la más poblada que casa con ^05\d{3}$— en vez de por su letra, lo que la hace inmune al recorte de columnas vacías de readxl. (5) uso_suelo.R protege su único denominador comprobando que el área total exista y sea mayor que cero. (6) seguridad_policia.R calcula las ocho tablas en memoria y comprueba que todas traigan el mismo número de municipios antes de tocar el derivado, con el razonamiento escrito: si una hoja falla, el archivo anterior queda intacto. (7) educacion.R aborta si un código municipal llega con dos etiquetas distintas y lista los códigos que hay que añadir a la tabla de correcciones.";"Positivo. Tres de estas defensas —la del inner_join cuantificado, la de la llave antes del pivot y la de la columna localizada por contenido— son exactamente las que faltan en los sitios que sí quedaron registrados como hallazgo. El autor conoce el patrón correcto y lo aplicó de forma desigual, que es la misma conclusión del punto 1.3 sobre los ponderadores.";"Ninguna. Va en la sección «qué se revisó y estaba bien» del informe, y sirve de argumento para las propuestas: la corrección ya existe escrita en el propio repositorio.";"—";"cerrado"
"F-2-018";"2";"2026-08-18";"tablas";"02_Code/03_tablas/02_demografia.R; 02_Code/03_tablas/03_ordenamiento.R; 02_Code/03_tablas/04_gobernabilidad.R; 02_Code/03_tablas/05_economia.R; 02_Code/03_tablas/09_salud.R";"hojas «poblacion» y «estructura_edad» del mismo libro; y los ponderadores de las secciones 03, 04 y 05";"CALCULO";"ALTO";"Dos series de población conviven en el informe y el mismo municipio se publica con dos cifras distintas en el mismo libro";"La hoja «poblacion» usa el derivado PPED (poblacion_total_2025) y la hoja «estructura_edad» del MISMO archivo usa POBLACION MUNICIPAL.xlsx. Verificado sobre 03_Outputs/Bioenergetica_Norte/02_Demografia/demografia.xlsx: Yarumal aparece con 41.884 habitantes en «poblacion» y con 21.758 + 23.012 = 44.770 en «estructura_edad» (+6,9 %); el total provincial es 175.488 en una hoja y 92.281 + 85.481 = 177.762 en la otra. Lo notable es que el autor CONOCE la discrepancia y la documenta con estas mismas cifras en la cabecera de 02_demografia.R: «con POBLACION MUNICIPAL.xlsx las cifras difieren entre −3 % y +10 % por municipio (Yarumal 44.770 vs 41.884 publicados). Se usa la serie publicada, porque el pipeline debe poder rehacer el informe». La decisión es correcta y está bien razonada; lo que no ocurre es que se aplique fuera de esa hoja: la estructura de edad, y los ponderadores de las secciones 03 (coberturas ECV, vías por habitante, IMCA, gobierno digital), 04 (ICM) y 05 (valor agregado per cápita, densidad empresarial, tasas laborales) siguen usando la serie que el propio comentario declara descartada. AMPLIACIÓN (2026-08-18, lote 2C-2): la sección 09 es el cuarto sitio, y el más claro, porque las dos series conviven entre secciones del MISMO informe. .pesos_poblacion() de 09_salud.R lee POBLACION MUNICIPAL.xlsx —la serie que 02_demografia.R declara descartada— y con ella pondera dengue, malaria, leishmaniasis y los suicidios; comprobado reproduciendo la fila provincial de leishmaniasis, que solo cuadra con esa serie (Yarumal 44.770). En cambio 10_seguridad.R usa .poblacion_2025(), la serie publicada, y su hoja «tasas» de restitución imprime 41.884 para Yarumal. Mismo informe, misma provincia, dos poblaciones. CORREGIDO PARCIALMENTE 2026-08-18 (corrección 7 de CORRECCIONES.md): se cierra la contradicción visible —la hoja estructura_edad pasa a construirse desde la serie PPED, igual que la hoja poblacion del mismo libro— creando el derivado poblacion_edad_2025 en poblacion_municipal.R. QUEDAN ABIERTOS LOS PONDERADORES de las secciones 03, 04, 05 y 09, que siguen usando POBLACION MUNICIPAL.xlsx. Medido el efecto de ese segundo bloque: cambiar el ponderador mueve las tasas agregadas entre −6,2 % y +5,0 % (dengue −3,4/+5,0; malaria −6,2/+3,7; leishmaniasis −3,9/+2,0; natalidad −0,5/+0,8; mortalidad −0,1/+1,1), muy por debajo del 15,4 % de discrepancia por municipio entre las dos series, porque un ponderador solo mueve pesos relativos. La sección 03 además usa ponderadores de 2022 y 2024, años que el derivado PPED no cubre: cerrarlos exige extender poblacion_municipal.R a otros años. SEGUNDA MITAD CORREGIDA 2026-08-20 (corrección 7b de CORRECCIONES.md). Se cierra el bloque de ponderadores de las secciones 03 y 09: derivado nuevo poblacion_anual —Antioquia, todos los años del PPED, por área geográfica, producido por poblacion_municipal.R sin filtrar el año—; .poblacion_peso() de 03_ordenamiento.R lo lee y gana un guarda que aborta si el año pedido no está, porque antes cero filas dejaban todos los pesos en NA sin que nada fallara; y .pesos_poblacion() de 09_salud.R pasa a leer poblacion_total_2025, que ya publica las tres áreas de 2025. poblacion_total_2025 NO se toca. EFECTO MEDIDO sobre las salidas del 20-ago: leishmaniasis provincial 1,586 -> 1,641 en Río Grande y 93,993 -> 95,728 en Turística; en la sección 03 el efecto es mínimo (acueducto +0,06 pp, alcantarillado +0,02 pp, energía sin cambio), de modo que las cifras de la corrección 5 no se mueven a un decimal. QUEDAN ABIERTAS LAS SECCIONES 04 Y 05 POR UNA RAZÓN DE DATOS, NO DE CÓDIGO: el PPED cubre 2018-2042 y el ICM se publica desde 2010 y el valor agregado desde 2015, así que repuntarlas dejaría esos años sin población y sin indicador. Tres salidas posibles: añadir la retroproyección del DANE 1985-2017 como segundo insumo de poblacion_municipal.R (la limpia), aceptar una mezcla declarada en la hoja, o recortar las series a 2018. Ninguna es de código. Y un quinto sitio que NO es ponderador queda fuera del hallazgo: .hoja_dependencia_economica() de 05_economia.R lee la hoja Rangos_Quintenios para el índice de dependencia, que necesita grupos quinquenales que el derivado no publica.";"Un lector que sume la estructura por edad no obtiene la población de la tabla anterior del mismo libro, y la diferencia llega al 6,9 % en un municipio. Más allá de la contradicción visible, la serie descartada es el denominador de todos los indicadores per cápita y el ponderador de casi todos los agregados de tres secciones: cualquier cifra por habitante del informe está calculada sobre una población que el proyecto declaró que no es la publicada.";"Extender la decisión ya tomada: usar la serie PPED como población y como ponderador en todo el flujo, y dejar POBLACION MUNICIPAL.xlsx solo para lo que el PPED no cubra —si es que hay algo—, declarándolo en la hoja. El razonamiento ya está escrito en el propio repositorio.";"medio";"abierto"
"F-2-019";"2";"2026-08-18";"tablas";"02_Code/03_tablas/03_ordenamiento.R";"lectura de CATASTRO.xlsx por posición (columnas 3, 13, 22, 23)";"ROBUSTEZ";"ALTO";"El avalúo catastral se lee por posición de un archivo con encabezados por vigencia, sin ningún guarda de contenido y sin declarar el año";"Se leen las columnas 3, 13, 22 y 23 de la hoja «Consolidado Urb + Rural» y el único guarda es que la columna 3 siga siendo numérica. El motivo declarado del acceso por posición es precisamente que el encabezado se repite por vigencia, es decir que la fuente añade bloques de columnas al actualizarse. Hay además una identidad gratuita que el código no comprueba y que se cumple exactamente en la salida publicada: avalúo urbano + rural = total (Yarumal 1.348.173.138.033 + 629.311.671.215 = 1.977.484.809.248). Y la columna se publica como «Avalúo catastral total ($)», sin año. NO SE DISPARA HOY, comprobado (fase 4, 2026-08-18): se verificó la identidad gratuita que el código no comprueba —avalúo urbano + avalúo rural = avalúo total— en las filas municipales y agregadas de las cuatro provincias, 35 filas en total. SE CUMPLE EN TODAS. La lectura por posición está hoy alineada; el hallazgo es que nada lo garantiza, no que esté desalineada.";"Si el IGAC entrega el consolidado con la vigencia nueva insertada antes de la columna 13, los avalúos publicados pasan a ser los de otra vigencia: siguen siendo enteros de doce cifras, las proporciones urbano/rural siguen sumando 1 y el total provincial cambia en cientos de miles de millones de pesos sin que nada falle ni avise. Es una cifra monetaria de titular sobre una fuente que cambia de estructura en cada actualización.";"Añadir la comprobación de la identidad urbano + rural = total, que es gratuita y detecta el desplazamiento de forma inmediata; y publicar la vigencia del avalúo en el encabezado de la columna.";"bajo";"abierto"
"F-2-020";"2";"2026-08-18";"tablas";"02_Code/03_tablas/05_economia.R";"agregado provincial del valor agregado y cálculo de va_pc y de las proporciones";"CALCULO";"ALTO";"El valor agregado per cápita provincial suma el VA de todos los municipios y lo divide por la población de solo los que cruzaron";"El agregado hace summarise(across(c(va_total, sectores, ramas, poblacion), ~ sum(.x, na.rm = TRUE))) y después va_pc = va_total * 1e9 / poblacion. La población entra por un left_join contra la serie municipal por año, así que el na.rm = TRUE se aplica por separado a los dos lados de la razón: un municipio sin población para ese año aporta su valor agregado al numerador y cero al denominador. En la misma cadena, las cinco proporciones (participación provincial, departamental y por sector) dividen sin proteger el denominador. NO SE DISPARA HOY, comprobado (fase 4, 2026-08-18): se recalculó el valor agregado per cápita provincial como Σ VA / Σ población del mismo año, en las cuatro provincias, y REPRODUCE EL VALOR PUBLICADO EXACTAMENTE, a cero decimales de diferencia (11.466.397 · 19.988.351 · 20.541.873 · 12.537.930). El defecto del na.rm asimétrico es real en el código pero hoy no cambia ninguna cifra, porque todos los municipios tienen población en la fuente y los dos na.rm operan sobre el mismo conjunto.";"El modo de fallo total es visible —si falta la población de todos los municipios de un año, va_pc sale Inf—, pero el parcial es invisible y es el probable: si falta la población de un solo municipio grande, el valor agregado per cápita provincial de ese año se publica sobreestimado en la proporción que ese municipio pesa. En la provincia 2, con Yarumal al 24 %, serían unos 31 puntos porcentuales de sobreestimación, con formato de miles y sin ninguna marca. La serie va de 2015 a 2024 y las proyecciones municipales del DANE no siempre cubren los primeros años. ACOTADO: es un riesgo latente, no un error publicado. Se dispararía el día que a un municipio le falte la población, y entonces el fallo sería parcial y silencioso —el total, que da Inf, sí se vería—.";"Calcular el per cápita solo sobre los municipios con las dos cifras, y publicar cuántos entraron; o dejar la celda vacía cuando falte alguna población, que es lo que dice la regla 5.";"bajo";"abierto"
"F-2-021";"2";"2026-08-18";"tablas";"02_Code/03_tablas/05_economia.R; 02_Code/01_homogeneizacion/deyc.R";"hoja de densidad empresarial; derivado estructura_productiva";"MANTENIBILIDAD";"MEDIO";"La sección relee el crudo por posición aunque la homogeneización ya produjo el derivado, que nadie consume";"deyc.R extrae siete indicadores priorizados de DATALAKE DEyC.xlsx —entre ellos la densidad empresarial y el valor agregado per cápita—, los deja en el derivado estructura_productiva y valida que tenga 135 filas. A2_derivados.csv registra ese derivado con CERO consumidores. Mientras tanto 05_economia.R vuelve a abrir el mismo archivo y la misma hoja, la lee por posición de columna (A, B, F, G, H) y fija el año a mano en 2023, cuando deyc.R toma «el año más reciente por indicador y unidad geográfica». Es el segundo caso del mismo patrón, después del índice de envejecimiento (F-2-015).";"Hay dos tratamientos divergentes del mismo indicador desde la misma fuente y el que se publica es el que no pasó por la capa de homogeneización: año fijo en vez del más reciente, acceso por posición en vez de por nombre, y sin las validaciones del derivado. El trabajo de la homogeneización está hecho y no se usa. Y la justificación del acceso por posición no se sostiene: deyc.R lee ese mismo archivo por nombre de columna sin dificultad.";"Consumir estructura_productiva desde la sección, o retirar el derivado si se decide que la sección es la dueña del indicador. Lo que no conviene es mantener las dos rutas.";"bajo";"abierto"
"F-2-022";"2";"2026-08-18";"tablas";"02_Code/03_tablas/03_ordenamiento.R";"hoja «tti_edsup», agregación con como = «promedio»";"CALCULO";"MEDIO";"El tránsito a educación superior se agrega como promedio simple: hasta 4,3 puntos de diferencia, y en las dos direcciones";"La hoja agrega con como = «promedio» y rotula la fila «PROMEDIO SIMPLE PROVINCIA». Verificado sobre la salida publicada de Bioenergética: la fila provincial es 0,3192 (31,9 %); ponderando por la población municipal de 2025 de la propia hoja «poblacion» del informe da 0,2809 (28,1 %). Son 3,8 puntos porcentuales, un 13,6 % de sobreestimación. El sesgo es estructural y no accidental: los tres valores más altos —Gómez Plata 54,4 %, Guadalupe 49,0 %, Carolina del Príncipe 47,4 %— son los de los tres municipios más pequeños, mientras Yarumal e Ituango, que concentran el 41 % de la población, están en 27,2 % y 21,5 %. Con el ponderador que pide la regla 6 para un indicador escolar —los graduados de media— el sesgo sería aún mayor. REIMPLEMENTADO EN CUATRO PROVINCIAS (fase 4): publicado frente a ponderado por población — Agroindustrial del Occidente 38,2 % frente a 33,8 % (+4,3 pp); Agua Bosques y Turismo 31,1 % frente a 34,3 % (−3,3 pp); Área Metropolitana 49,6 % frente a 50,2 % (−0,6 pp); Bioenergética del Norte 31,9 % frente a 28,1 % (+3,8 pp). MATIZ IMPORTANTE que la primera medición no permitía ver: el sesgo NO tiene un signo fijo. Va en las dos direcciones según si los municipios grandes están por encima o por debajo de los pequeños, con un margen de hasta 4,3 puntos porcentuales. No se puede descontar mentalmente ni describir como «sobreestima».";"Es la cifra que la prosa lee como «una de cada tres personas transita inmediatamente a la educación superior», y con el ponderador correcto es poco más de una de cada cuatro. Es el caso cuantificado de la política general que ya recoge F-1-030.";"Cambiar «como = ""promedio""» por el promedio ponderado por la población en edad de cursarla, que es el denominador del indicador (regla 6). CORRECCIÓN DEL TÍTULO (2026-08-18): la ficha decía «sobreestima en 3,8 puntos» a partir de una sola provincia; medido en cuatro, el sesgo va de −3,3 a +4,3 puntos y no tiene signo fijo.";"bajo";"abierto"
"F-2-023";"2";"2026-08-18";"tablas";"02_Code/03_tablas/03_ordenamiento.R";"lectura de curados/ESTADO_CATASTRO.xlsx por posición (columnas 2, 4, 6)";"ROBUSTEZ";"MEDIO";"El estado del catastro se lee por posición aunque su encabezado es perfectamente legible, y el fallo se disfraza de dato ausente";"Se leen las columnas 2, 4 y 6 sin ningún guarda de contenido. El archivo tiene encabezado limpio en su primera fila —Subregión, Cód. DANE, Municipio, Estado del catastro rural, Fuente estado rural, Estado del catastro urbano, Fuente estado urbano—, de modo que col_req() funcionaría sin tocar nada. Y es un insumo curado: el propio script advierte que se arma a mano en Excel, que es justo el escenario en que alguien inserta una columna.";"Si se añade una columna antes de la del código, la columna 2 pasa a contener texto, a_numero da NA, el filtro vacía la tabla y el left_join posterior conserva las filas de municipio con las dos columnas de estado en blanco. Y según la regla 5 del propio anexo, una celda vacía significa «no medido»: el lector concluiría que el estado del catastro de esos municipios nunca se levantó, cuando está en el archivo.";"Leer por nombre de columna. No hay razón para la posición en este archivo.";"trivial";"abierto"
"F-2-024";"2";"2026-08-18";"tablas";"02_Code/03_tablas/03_ordenamiento.R; 02_Code/03_tablas/05_economia.R";"coberturas de servicios públicos; IPM de hogares; tasas de ocupación, informalidad y desocupación";"CALCULO";"MEDIO";"Indicadores cuyo denominador son viviendas, hogares o la fuerza laboral se ponderan por personas";"Las seis coberturas de servicios públicos son, según la propia definición del derivado de la ECV, «Porcentaje de VIVIENDAS con…», y se agregan ponderando por población. Lo mismo con el IPM, que es de hogares, y con las tasas de ocupación, informalidad y desocupación, que se ponderan por población total en vez de por la población en edad de trabajar o la PEA; la desocupación de jóvenes de 15 a 28 se pondera por la población total del municipio. El código reconoce el problema para el IPM y afirma que queda «anotado en la propia etiqueta de la fila», pero la etiqueta que se escribe dice «promedio ponderado; sin ECV oficial» y no menciona ni hogares ni el ponderador.";"Doce columnas publicadas en dos secciones con un ponderador que no es el de su denominador. El sesgo no es siquiera consistente entre columnas de la misma fila: donde el indicador correlaciona con el tamaño del hogar el signo es uno y donde correlaciona con lo urbano es el contrario, así que no puede corregirse leyendo la cifra.";"Usar el número de viviendas para las coberturas, el de hogares para el IPM y la PEA o la población en edad de trabajar para las tasas laborales. La ECV publica esos denominadores.";"medio";"abierto"
"F-2-025";"2";"2026-08-18";"tablas";"02_Code/03_tablas/05_economia.R";"función .leer_por_posicion() y sus cuatro usos";"ROBUSTEZ";"MEDIO";"La lectura por posición de la sección económica no tiene ningún guarda y tres de sus cuatro usos no están declarados";"La función renombra las columnas con letras y no comprueba nada: ni el número de columnas, ni que la primera del data.frame corresponda a la A del Excel, ni el contenido de ninguna columna clave; con más de 26 columnas los nombres pasan a ser NA sin aviso. El anexo declara acceso por posición para catastro, valor agregado, aseguramiento, natalidad y mortalidad infantil; en esta sección hay además DATALAKE DEyC.xlsx, Energia_NorteAntioquia.xlsx en dos hojas e instrumentos_planificacion_turistica en tres, ninguno declarado. En la hoja de plantas de generación las posiciones saltan una columna, lo que delata que se fijaron a ojo sobre una entrega concreta.";"Es la superficie de fallo silencioso más grande de la capa. El caso de la supresión de columnas falla ruidosamente; el de la inserción, no: en el valor agregado, una columna intercalada haría que el VA total leyera el VA terciario, con lo que la participación terciaria se publicaría como 100 %, las otras dos se inflarían y el per cápita caería a la mitad, todo dentro de rangos plausibles. En las hojas de turismo el contenido es texto categórico y ni siquiera hay un rango numérico que lo delate.";"Filtrar por contenido allí donde se pueda —como ya hace la hoja de densidad empresarial, que exige el nombre exacto del indicador— y declarar en el anexo los accesos por posición que hoy no figuran.";"medio";"abierto"
"F-2-026";"2";"2026-08-18";"tablas";"02_Code/03_tablas/02_demografia.R";"hoja «natalidad_mortalidad», agregación de I_enve_T";"CALCULO";"MEDIO";"El índice de envejecimiento se agrega ponderando por población total, siendo una razón entre dos conteos";"Las tres columnas de la hoja —natalidad, mortalidad e índice de envejecimiento— se agregan con promedio ponderado por población total. Para las dos tasas por habitante el método es correcto. El índice de envejecimiento es una razón entre dos conteos (mayores sobre menores), y la regla 6 pide recalcularla sobre las sumas, lo que equivale a ponderar por la población menor de 15, no por la total. El propio repositorio lo hace bien en los dos indicadores análogos: el índice de dependencia económica de la sección 05 suma los tres grupos de edad y recalcula, y el déficit de vivienda de la sección 03 suma los conteos y recalcula la razón.";"La fila provincial publicada de Bioenergética es 25,80 y reponderando por el grupo infantil que publica la propia hoja de estructura de edad da 25,29: medio punto de sobreestimación sistemática, porque los municipios más envejecidos son los que tienen menor proporción de menores. La distorsión crece en la fila departamental —32,05 publicado—, donde el Valle de Aburrá pesa por población mucho más de lo que pesa por población infantil.";"Recalcular sobre las sumas, como ya se hace con la dependencia económica y el déficit de vivienda.";"bajo";"abierto"
"V-2-003";"2";"2026-08-18";"tablas";"02_Code/03_tablas/(lote 2C, secciones 01 a 05)";"déficit de vivienda; índice de dependencia económica; hojas de vías; Gini; uso del suelo POTA; IMCA y gobierno digital; MDM, IDF y Ley 617";"CALCULO";"NOTA";"VERIFICADO OK — siete decisiones correctas de la capa de tablas, tres de ellas la solución a hallazgos registrados";"(1) El déficit de vivienda suma los cuatro conteos y recalcula la razón al final, de modo que la fila del municipio y la del agregado salen de la misma fórmula. (2) El índice de dependencia económica suma los tres grupos de edad y recalcula, en vez de promediar los índices municipales. Las dos son la implementación correcta de la regla 6 y son exactamente lo que le falta al índice de envejecimiento (F-2-026). (3) Cada hoja de vías se pondera por su propio denominador: el índice por área se pondera por área y el de por habitante por población. (4) El Gini no se promedia entre municipios y las filas sin valor oficial se dejan vacías, con el rótulo diciéndolo. (5) El uso del suelo POTA parte del crosswalk y no de la fuente, así que los municipios sin dato salen vacíos en vez de desaparecer —que es justo lo contrario de lo que hace con_territorio() en F-2-002— y no se publica agregado sobre una cobertura parcial. (6) IMCA y gobierno digital emiten una fila por CADA subregión presente en la provincia, no solo por la dominante: es la solución al defecto registrado en F-1-029, aplicada aquí y no en las demás hojas. (7) MDM, IDF y Ley 617 se publican sin fila de agregado, con la razón escrita donde se toma la decisión.";"Positivo, y triplemente útil para el informe: tres de estas siete son la corrección exacta de hallazgos abiertos, escrita ya por el autor en su propio código. La propuesta de remediación puede citarlas en vez de proponer nada nuevo.";"Ninguna. Va en la sección «qué se revisó y estaba bien» y sirve de referencia para F-1-029, F-2-002 y F-2-026.";"—";"cerrado"
"F-2-027";"2";"2026-08-18";"calculo";"02_Code/03_tablas/09_salud.R";".hoja_enfermedades_tropicales(), líneas 227-232 y 237-242";"agregacion";"ALTO";"La tasa provincial de leishmaniasis se pondera por población total cuando su denominador es la rural: el sesgo va de −14 % a +107 % según lo urbana que sea la provincia";"El mismo bloque de código dice las dos cosas. Al escribir la hoja rotula la columna «Tasa de leishmaniasis por 100 mil hab. RURALES», con este comentario: «El .do rotulaba la leishmaniasis ""por 100 mil hab."", pero el diccionario del insumo (y el Anexo 1) la miden sobre POBLACIÓN RURAL: se explicita». Cinco líneas antes agrega las tres tasas juntas con «# Ponderador = POBLACIÓN (son tasas por 100 mil habitantes)» y pesos = ""pob_peso"", que .pesos_poblacion() define como el «Total General» del área geográfica «Total». REPRODUCIDO SOBRE LA SALIDA PUBLICADA (Bioenergética del Norte, hoja enfermedades_tropicales): ponderando las 13 tasas municipales por población total sale 257,119, que es exactamente la cifra publicada hasta el último decimal; ponderando por la población rural de la misma fuente («Centros Poblados y Rural Disperso», 2025) sale 300,17. La cifra publicada está 14,3 % por debajo. El sesgo tiene dirección conocida: Yarumal aporta el 25 % de la población de la provincia y solo el 16 % de la rural, y su tasa es de las más bajas (45,7); Valdivia y Anorí, los dos focos (1.167,9 y 914,4), son 67 % y 52 % rurales. REIMPLEMENTADO DESDE LA FUENTE EN CUATRO PROVINCIAS (fase 4, 2026-08-18). Se recalculó la tasa provincial de dos maneras a partir de las tasas municipales publicadas y de POBLACION MUNICIPAL.xlsx: ponderando por población total (lo que hace el pipeline) y por población rural («Centros Poblados y Rural Disperso», que es el denominador que el propio rótulo declara). En las CUATRO provincias el valor publicado coincide exactamente con la primera, lo que confirma el mecanismo sin lugar a dudas. Y la magnitud del sesgo resulta ser mucho mayor y más variable de lo que sugería el primer caso: Agroindustrial del Occidente 49,310 publicado frente a 47,378 (+4,1 %); Agua, Bosques y Turismo 80,704 frente a 81,956 (−1,5 %); Bioenergética del Norte 257,119 frente a 300,170 (−14,3 %); y ÁREA METROPOLITANA 15,880 frente a 7,675: la cifra publicada es MÁS DEL DOBLE de la correcta (+106,9 %). CORREGIDO 2026-08-18 (corrección 4 de CORRECCIONES.md): la leishmaniasis pasa a ponderarse por población rural y dengue y malaria siguen ponderándose por población total. Para poder hacerlo se extendió agregar_totales() en 01_utils.R: el argumento «pesos» admite ahora una lista columna -> peso, igual que «como» ya admitía una lista columna -> método. El cambio es compatible hacia atrás y así se comprobó en R: con «pesos» como texto —los otros diez usos del proyecto— el resultado es idéntico al anterior. MEDIDO EN LAS ONCE PROVINCIAS con el ponderador corregido: Área Metropolitana 15,880 -> 7,675 (el publicado doblaba al correcto); Minero Agroecológica 354,943 -> 258,374; Turística y Agroecológica 113,618 -> 93,993; Bioenergética del Norte 257,119 -> 300,170; Del Río Grande 1,613 -> 1,586. El sesgo va de -14,3 % a +106,9 % y su signo sigue al peso de la población rural de cada provincia.";"La cifra provincial de leishmaniasis del informe está subestimada en un 14 % y el error crece con lo urbana que sea la provincia: en las de cabecera grande será mayor. Dengue y malaria comparten la función pero no el problema —su denominador sí es la población total—, así que la corrección afecta a una sola columna. Lo que agrava el hallazgo es que el proyecto YA tiene la regla y YA la aplicó: la regla 6 del anexo dice «el denominador del indicador manda cuál es el ponderador», y la cabecera de este mismo archivo registra que el bajo peso y la mortalidad infantil se corrigieron el 2026-08-06 por exactamente este motivo («antes se ponderaba por poblacion»). La leishmaniasis quedó fuera de esa corrección aunque el autor había descubierto y documentado que su denominador era otro. Ningún control lo detecta: comparar_referencia.R no valida esta columna y la cifra cae dentro de cualquier rango plausible. MEDIDO EN CUATRO PROVINCIAS: el sesgo no es una constante que se pueda descontar mentalmente. Va de −14 % a +107 %, y su signo y tamaño dependen de la proporción urbana de la provincia — que es justamente la variable con la que el lector interpretaría el número. El caso extremo es el Área Metropolitana, la más urbana del sistema: al ponderar una tasa de denominador rural por la población total, el peso se lo llevan municipios con mucha gente y poca población rural, y la tasa publicada dobla la real. Cualquier comparación entre provincias sobre esta columna está contaminada, y la comparación entre provincias es justamente para lo que existe el documento comparativo.";"Separar la leishmaniasis de las otras dos en agregar_totales() y ponderarla por población rural. El insumo ya está en la máquina: POBLACION MUNICIPAL.xlsx trae el área geográfica «Centros Poblados y Rural Disperso» para los 125 municipios, así que basta con una segunda columna de peso en .pesos_poblacion(). Conviene revisar de paso si dengue y malaria comparten el diccionario del insumo.";"bajo";"corregido"
"F-2-028";"2";"2026-08-18";"datos";"02_Code/03_tablas/06_desarrollo_rural.R";".universo_pecuario(), líneas 122-130";"valor_faltante";"ALTO";"El inventario pecuario convierte la ausencia de registro en un cero: la provincia publica CERO porcinos en 2019 y 84.867 en 2020";"Las cuatro hojas del archivo pecuario se unen con full_join por (ind_mpio, anio) y después «coalesce(x, 0)» sobre las seis especies, más «for (v in faltantes) d[[v]] <- 0» para las columnas que no aparecieron. El comentario declara la intención: «Una especie sin registro en un municipio-año queda en 0, como en el .do». MEDIDO SOBRE EL INSUMO (curados/PECUARIO_PROVINCIAS.xlsx, esta máquina): la cobertura por hoja y año no es la misma. InvBovino trae los 125 municipios los siete años; InvPorcino trae 24 en 2019 y 125 en 2020; InvBufalino oscila entre 61 y 82; InvCaprinoOvinoEquino trae 125 en 2019-2021 y 124 después. Los 101 municipios que faltan en el porcino de 2019 no son municipios sin cerdos: en 2020 declaran entre 85 y 118.604 cabezas, mediana 2.858, y suman 1.018.941. El código los publicará con 0. Y la sección publica TODOS los años —anios_pec <- sort(unique(detalle_pec$anio))—, no solo el último, así que 2019 sale en la hoja. NO VERIFICABLE EN SALIDA: la sección 06 no se ha corrido todavía; esto se predice del insumo y del código, no se observa en un .xlsx. El otro modo de fallo que abre la misma línea —que una especie cambie de nombre en la fuente y desaparezca por el filtro «especie %in% names(ESPECIES_PECUARIAS)»— HOY NO SE DISPARA: los tres valores del archivo son «Caprinos», «Ovinos» y «Equinos» y normalizan exactamente a las claves esperadas. CONFIRMADO EN LA SALIDA PUBLICADA (2026-08-18): la corrida de la fase 3 generó por primera vez la sección 06, y la hoja «inventario_pecuario» de desarrollo_rural.xlsx lo muestra sin ninguna ambigüedad. Los TRECE municipios de Bioenergética del Norte publican «Porcinos = 0» en 2019, y el «Total especies pecuarias» de cada fila los suma como ceros reales (Angostura: 13.727 + 0 + 19 + 43 + 700 + 0 = 14.489). La fila de provincia publica 0 porcinos en 2019 y 84.867 en 2020, y el total pecuario provincial salta de 262.300 a 372.905 —un +42 % que es puro cambio de cobertura de la fuente—. Nótese además que en la MISMA hoja y el MISMO año la fila «TOTAL SUBREGIÓN NORTE» publica 99.695 porcinos: doce de los trece municipios de la provincia pertenecen a esa subregión y aportan cero. Deja de ser una predicción a partir del insumo y pasa a ser una cifra publicada. CORREGIDO 2026-08-18 (corrección 6 de CORRECCIONES.md): el «coalesce(x, 0)» global se sustituye por una regla de cobertura. Para cada especie se compara su cobertura de cada año contra SU PROPIO MÁXIMO; si baja del 50 %, ese año se deja vacío en vez de cero, y la corrida lo dice en el log. COBERTURA MEDIDA EN EL INSUMO: bovinos 125 los siete años; búfalos 61·65·74·66·82·75·76; caprinos/ovinos/equinos 125·125·125·124·124·124·124; porcinos 24·125·125·123·123·123·123. El umbral separa los dos casos con un margen enorme: el peor caso legítimo es el búfalo con el 74 % de su máximo, y el defectuoso es el porcino de 2019 con el 19 %. Probado en R sobre esas coberturas reales: solo se marca el porcino de 2019, solo se vacían los 101 municipios sin registro, y los búfalos siguen en cero en 376 filas pese a cubrir 61-82 municipios. ALCANCE COMPROBADO ANTES DE APLICAR: ninguna figura, ninguna prosa y ningún ranking cambian, porque los cuatro consumidores del inventario se quedan con el último año de la serie —«anio_pec <- max(anio)» en las dos figuras, «ultimo_anio()» en la prosa y en el comparativo, y el año del título en comparar_referencia.R—, y ese año es 2025, con cobertura normal. El cambio afecta únicamente a la hoja del Excel, que es la única pieza que publica la serie completa.";"El total pecuario de 2019 se publicará roto y con aspecto de dato: 606.143 porcinos departamentales frente a los 1.998.407 de 2020, un salto del 230 % que se leerá como crecimiento del hato y es un cambio de cobertura de la fuente. total_especies suma esos ceros, así que arrastra el error a la composición por especie y a cualquier participación que use ese total. Es además una infracción directa de la regla 5 del propio anexo —«cero ≠ vacío»—, en el único sitio del pipeline donde el vacío se convierte en cero de forma masiva y silenciosa. El comentario «como en el .do» explica de dónde viene, no que sea correcto: el .do heredó el problema.";"Distinguir los dos casos, que hoy se tratan igual. Si la hoja de la especie cubre el municipio-año y no hay registro, cero es correcto. Si la hoja no cubre ese año —24 de 125 municipios—, el valor es NA. Una regla operativa barata: calcular la cobertura por (hoja, año) y dejar NA cuando sea inferior a un umbral (p. ej. el 90 % de los municipios que cubre la hoja de bovinos, que sí está completa), avisando en el mensaje. Alternativa mínima si se prefiere no tocar la lógica: recortar la serie pecuaria a los años con cobertura completa y decirlo en la hoja.";"bajo";"corregido"
"F-2-029";"2";"2026-08-18";"calculo";"02_Code/03_tablas/10_seguridad.R";".hojas_srtdaf(), construcción de `universo` y hoja «tasas»";"denominador";"MEDIO";"En restitución de tierras el universo lo define el archivo de solicitudes, así que la «Población (2025)» publicada puede ser la de una parte de la provincia";"`universo` arranca del propio SRDAFT_PROVINCIAS.xlsx y solo después cruza la población: un municipio sin ninguna solicitud no está en el archivo, luego no está en el universo, luego su población no entra en la suma. La hoja «tasas» publica esa suma bajo el rótulo «Población (2025)» y la usa de denominador (Σ solicitudes / Σ población × 1.000). HOY NO SE DISPARA, y está comprobado: en Bioenergética del Norte los 13 municipios tienen registro, y la fila provincial publica 175.488 habitantes, que es exactamente el total provincial de la serie PPED (coincide con la hoja «poblacion» de la sección 02). El defecto es de robustez, no de la cifra actual. Dato colateral que sí conviene retener: esta sección usa .poblacion_2025() —la serie publicada, Yarumal 41.884— mientras la sección 09 pondera con POBLACION MUNICIPAL.xlsx —Yarumal 44.770—. Ver F-2-018.";"El día que una provincia tenga un municipio sin solicitudes, dos cosas fallan a la vez y en la misma dirección: la tasa provincial sale más alta de lo real y la columna «Población (2025)» publica una cifra que no es la de la provincia, junto a otras hojas del mismo informe donde sí lo es. No hay aviso: la fila se ve completa. Es el mismo patrón de F-2-002 —el universo lo define la fuente y no el crosswalk— aplicado a un denominador.";"Construir `universo` desde el crosswalk y traer las solicitudes con left_join, de modo que un municipio sin registro quede con 0 solicitudes y su población completa. Es lo que ya hace el uso del suelo POTA de la sección 03 (V-2-003), así que la corrección está escrita en el propio repositorio.";"bajo";"abierto"
"F-2-030";"2";"2026-08-18";"lectura";"02_Code/03_tablas/10_seguridad.R";".hoja_irv(), línea 636";"acceso_posicional";"MEDIO";"El IRV se lee por posición para evitar un problema de acentos que col() ya resuelve, y el guarda deja lo frágil por defecto";"`c_cod <- if (ncol(bruto) >= 7) names(bruto)[7] else col_req(bruto, ""Código Municipio"")`, con el comentario «""Código Municipio"" es la séptima columna; se toma por posición para no depender del acento del encabezado». El motivo declarado no existe: col() —y por tanto col_req()— normaliza con norm_txt(), que aplica stri_trans_general(""Latin-ASCII""), str_squish() y tolower(), y además compara ignorando espacios, guiones y puntos y por prefijo. «Código Municipio», «CODIGO MUNICIPIO» y «codigo_municipio» resuelven igual. La rama segura solo se toma si el archivo tiene MENOS de siete columnas, que es el único caso en que la posición no puede usarse: el guarda escoge la vía frágil siempre que puede. HOY NO SE DISPARA: los códigos de la hoja «irv» publicada son los 13 correctos. Y la lectura por posición de este archivo no está declarada en el anexo, a diferencia de las de la sección 05, donde el encabezado repetido por vigencia sí la justifica.";"Si IRV-2025.xlsx cambia de estructura entre entregas —o si readxl recorta una columna vacía inicial, que es el mecanismo que el propio proyecto documenta en salud_seguridad.R— la columna 7 pasa a ser otra cosa. Como after va as.integer(a_numero(...)) y luego filtrar_provincia(), el resultado no es una cifra falsa sino una hoja vacía o incompleta: menos grave que F-2-019, pero silencioso igual. El coste de la corrección es una línea y no tiene contrapartida, porque el motivo por el que se prefirió la posición no se sostiene.";"Sustituir por col_req(bruto, ""Código Municipio"", ""CodigoDANE"", ""cod_dane""). Si se quiere conservar la posición como respaldo, invertir el orden: intentar por nombre y caer a la columna 7 solo si col() devuelve NA.";"bajo";"abierto"
"F-2-031";"2";"2026-08-18";"datos";"02_Code/03_tablas/07_ambiental.R";".emergencias(), líneas 131-145; cabecera líneas 9-10";"ventana_temporal";"MEDIO";"La ventana 2019-2024 de emergencias se declara en la cabecera y no se aplica en ninguna parte del código";"La cabecera rotula dos hojas como «emergencias por municipio y tipo de evento, 2019-2024» y «emergencias por municipio y año, 2019-2024». .emergencias() lee la hoja «Data» completa y solo filtra «!is.na(ind_mpio), !is.na(emergencia)»: no hay ningún filtro por año, ni constante con el rango, ni comprobación de que lo leído caiga dentro. HOY NO SE DISPARA, comprobado sobre la salida: la hoja «eventos_año» de 03_Outputs/Bioenergetica_Norte/07_Ambiental/ambiental.xlsx contiene únicamente 2019 a 2024. El insumo actual coincide con la ventana declarada, por casualidad o porque se recortó al armarlo.";"La próxima actualización de EMERGENCIAS_PROVINCIAS.xlsx traerá 2025 y la hoja publicará una columna de año más bajo un rótulo que sigue diciendo 2019-2024, y con un año probablemente incompleto que se comparará de tú a tú con los cerrados. Es la regla 7 del anexo —«actualizar es cambiar de corte»— sin el mecanismo que la haga cumplir. Mismo patrón que F-2-017, donde «el año más reciente» se resuelve municipio a municipio y no queda registrado.";"Poner el rango en una constante del script (ANIOS_EMERGENCIAS <- 2019:2024), filtrar por ella y avisar cuando el insumo traiga años fuera del rango en vez de descartarlos en silencio. Que el rótulo de la hoja se componga de esa constante y no se escriba a mano.";"bajo";"abierto"
"F-2-032";"2";"2026-08-18";"datos";"02_Code/03_tablas/10_seguridad.R";".hoja_hechos_victimizantes(), líneas 356-374";"filas_agregadas";"MEDIO";"La hoja de hechos victimizantes es la única de la sección que no filtra las filas sin código DANE, y la fuente trae filas agregadas por diseño";"Las demás lecturas de 10_seguridad.R filtran «!is.na(ind_mpio)» antes de agrupar —líneas 131, 148, 216, 449, 644 y 678—. Esta no. Agrupa directamente por (ind_mpio, municipio, subregion, provincia) sobre lo que devuelva el archivo filtrado por provincia. Y HECHOSVICTIM_PROVINCIAS.xlsx trae agregados por diseño: tiene una columna «Tipo de fila», que el código nombra al excluirla de las columnas de valor pero no usa para filtrar. Una fila de total con la provincia rellena y el código DANE vacío entraría como un municipio más, con ind_mpio NA. HOY NO SE DISPARA, comprobado sobre la salida: la hoja «total_victimas» de Bioenergética del Norte tiene 14 filas —13 municipios y una sola sin código, la fila legítima «TOTAL PROVINCIA BIOENERGÉTICA…» con 181.813 víctimas por ocurrencia que añade agregar_totales()—; y la hoja «tasas» trae las tres filas de agregado esperadas.";"Si una entrega posterior del archivo incluye sus propias filas de total con la provincia rellena, se publicarían como un municipio sin nombre y además se sumarían dentro del total que calcula agregar_totales(): el conteo provincial saldría al doble. La regla 8 del anexo —«fila agregada = código DANE vacío»— es justamente el criterio que permitiría descartarlas, y aquí no se aplica.";"Añadir «dplyr::filter(!is.na(.data$ind_mpio))» como en las otras seis lecturas del mismo archivo, o —mejor, porque usa lo que la fuente ya declara— filtrar por la columna «Tipo de fila» conservando solo las municipales.";"bajo";"abierto"
"F-2-033";"2";"2026-08-18";"calculo";"02_Code/03_tablas/09_salud.R";".hoja_bajo_peso() línea 176-188; .pesos_poblacion() línea 119";"ponderador";"BAJO";"Los ponderadores de salud están fijados a un año que no es el del indicador que ponderan";"El bajo peso al nacer se pondera con «nac2024», elegido a mano de la matriz 2020-2024 que devuelve .nacidos_vivos(). Las tasas por 100 mil se ponderan con .pesos_poblacion(), que filtra siempre el año 2025. Pero el anexo metodológico declara el corte de esos indicadores: «las cifras de salud (bajo peso, enfermedades transmitidas por vectores, suicidios, aseguramiento) usan cortes de 2023 y de diciembre de 2025». Es decir: una tasa de 2023 ponderada por los nacimientos de 2024 y por la población proyectada a 2025.";"Pequeño y acotado: entre 2023 y 2025 la distribución de nacimientos y de población entre los municipios de una provincia se mueve poco, así que el peso relativo apenas cambia y el efecto sobre la media ponderada es de segundo orden —muy por debajo del 14 % que produce el problema de denominador de F-2-027—. Se registra porque es la misma regla 6 aplicada a medias y porque el arreglo es de una línea; no porque la cifra publicada esté mal por este motivo.";"Derivar el año del ponderador del corte del indicador en vez de escribirlo a mano: una constante CORTE_SALUD en la cabecera, usada tanto para elegir la columna de nacimientos como para filtrar la población. Si se prefiere no tocarlo, dejar dicho en la hoja qué año tiene el ponderador.";"bajo";"abierto"
"F-2-034";"2";"2026-08-18";"lectura";"02_Code/03_tablas/09_salud.R";".hoja_aseguramiento() líneas 306-328; .leer_matriz_anios() líneas 92-104";"acceso_posicional";"BAJO";"Las lecturas por fila fija de la sección 09 no comprueban cuántos municipios leyeron, aunque el crosswalk tapa el fallo";"Los datos empiezan en una fila constante: «datos <- crudo[seq(6, nrow(crudo)), ]» en aseguramiento y «fila_datos = 4» en natalidad y mortalidad infantil. Ninguna de las dos comprueba que el número de municipios leídos sea el esperado. El código municipal de aseguramiento viene con tres dígitos y se reconstruye como «ind_mpio <- 5000L + as.integer(cod)» sin validar el rango. Contrapeso, y por eso es BAJO y no MEDIO: el fallo no llega a la cifra. .leer_matriz_anios() sí tiene dos defensas —aborta con stop() si no encuentra la columna del año pedido, y descarta las filas con ind_mpio < 1000, que son las de subregión y departamento—; y en aseguramiento, un código fuera de rango produce un ind_mpio que no cruza el crosswalk, así que con_territorio() lo deja sin provincia y filtrar_provincia() lo elimina. El modo de fallo es la hoja incompleta, no el número inventado.";"Un desplazamiento del encabezado de la fuente se manifestaría como municipios que faltan en la hoja, sin mensaje. Quien revise la salida lo vería si cuenta filas; el pipeline no lo cuenta por sí solo. Es el mismo hueco que F-1-021: nadie cruza las hojas con municipios faltantes contra los totales.";"Una sola comprobación compartida al final de cada lectura municipal: contar los ind_mpio válidos y avisar si no son los 125 del crosswalk (o los de la provincia, según el caso). Es barata y cubre de golpe este hallazgo, F-2-016 y buena parte de F-1-021.";"bajo";"abierto"
"V-2-004";"2";"2026-08-18";"metodo";"02_Code/03_tablas/06_desarrollo_rural.R; 07_ambiental.R; 08_educacion.R; 09_salud.R; 10_seguridad.R";"varias";"verificacion";"NOTA";"VERIFICADO OK — seis decisiones correctas de las tablas 06 a 10, y las cuatro «banderas rojas» del anexo explicadas";"1) La nota de agregado de 09_salud.R enuncia la regla 6 con la fórmula y registra la corrección del 2026-08-06 que pasó bajo peso y mortalidad infantil de población a nacimientos: el criterio es correcto y está fechado. 2) .leer_hoja_cruda() lee encabezado y datos de una sola pasada, con el motivo escrito: si se leyeran por separado readxl podría descartar la columna A vacía en una lectura y no en la otra —le pasa a NATALIDAD.xlsx— y los índices dejarían de corresponder. 3) .leer_matriz_anios() aborta con stop() y un mensaje que nombra el archivo, la hoja, el patrón y el año cuando no encuentra la columna: es el guarda que falta en otras lecturas posicionales. 4) En hechos victimizantes, el valor de la provincia se extrae ANTES del filter() con un comentario que explica por qué —«prov es también el nombre de una columna del archivo: dentro de filter() la máscara de datos gana»—; es un error de tidyeval real y está evitado a conciencia. 5) .hojas_srtdaf() documenta que las columnas `prov` y `subreg` del insumo vienen corruptas y toma el territorio del crosswalk en vez de la fuente. 6) La cabecera de 07_ambiental.R declara la unidad (km²) y de dónde sale cada insumo «derivado» que en realidad es curado, deshaciendo una confusión de carpetas que el lector heredaría. Además: las cuatro «banderas rojas» que el anexo señala en esta zona quedan explicadas y NO son errores —coca y áreas protegidas usan denominadores deliberados y declarados—.";"Sirve de contrapeso a los ocho hallazgos del lote y, sobre todo, de plantilla: los puntos 3 y 4 son la corrección exacta que se propone en F-2-030 y F-2-034, escrita por el propio autor a pocas líneas de distancia.";"Ninguna. Se registra para no volver a revisarlo y para poder citarlo en las propuestas.";"";"cerrado"
"F-2-035";"2";"2026-08-18";"figuras";"02_Code/04_figuras/00_mapas.R; 02_Code/run_provincia.R";"00_mapas.R líneas 265-290 (.mapa_departamental_homicidios); run_provincia.R líneas 109-121";"orquestacion";"ALTO";"El mapa departamental de homicidios se dibuja con las provincias ya corridas, así que diez de las once lo publican incompleto — y la nota afirma lo contrario";"El mapa se arma leyendo el .xlsx de las once provincias: «todos <- do.call(rbind, lapply(PROVINCIAS$id, function(i) .hoja_de(provincia(i), ""10_Seguridad"", ""seguridad.xlsx"", ""delitos"")))». Pero mapas_provincia() se ejecuta al final de CADA provincia (run_provincia.R líneas 109-112), de modo que cuando corre la provincia k solo existen los archivos de las provincias 1..k. En una corrida limpia completa, únicamente la última provincia obtiene el mapa entero; las otras diez lo publican truncado, y no hay ninguna comprobación de cuántos municipios se cargaron. VERIFICADO SOBRE LA SALIDA: la hoja «_mapa10_homicidios_dpto» de 03_Outputs/Bioenergetica_Norte/10_Seguridad/seguridad.xlsx tiene 31 filas de municipio, no las 88 de los once esquemas asociativos. Y la nota del mapa dice: «Solo se colorean los municipios que pertenecen a alguna de las once provincias; el resto queda en gris». Es falso para 57 de esos 88: quedan en gris municipios que SÍ pertenecen a una provincia. PRUEBA DE IDEMPOTENCIA (2026-08-17), que respalda la explicación: en dos corridas seguidas de la misma provincia, con las mismas salidas ya presentes en disco, los 74 PNG salieron IDÉNTICOS, incluido mapa_10_homicidios_dpto.png. Eso descarta que el mapa tenga una fuente de azar interna y encaja con que su contenido dependa únicamente de cuántas provincias hubiera en 03_Outputs al generarlo, que es lo que este hallazgo afirma. Queda así explicada la única diferencia entre las dos corridas del 2026-08-15 que el plan dejó anotada como pendiente (215.815 frente a 221.087 bytes). CONFIRMADO CON UNA PREDICCIÓN FALSABLE (2026-08-18). Antes de correr se anunció qué debía pasar si el hallazgo era correcto: el mapa departamental tendría cada vez más municipios según el orden de la corrida y solo la última provincia llegaría a los 88. Corridas las once desde cero y contadas las filas de la hoja «_mapa10_homicidios_dpto» de cada una: 6, 19, 24, 31, 43, 54, 59, 65, 70, 78 y 88. Y la comprobación decisiva: CADA INCREMENTO ES EXACTAMENTE EL NÚMERO DE MUNICIPIOS DE LA PROVINCIA QUE ACABA DE CORRER, contrastado contra codigos_provincias.parquet — 6, 13, 5, 7, 12, 11, 5, 6, 5, 8, 10 —, los once sin excepción. No queda espacio para otra explicación. En una corrida limpia, DIEZ DE LOS ONCE INFORMES publican el mapa departamental incompleto, y el primero lo publica con 6 municipios de 88 bajo una nota que dice que el resto no pertenece a ninguna provincia. CORREGIDO 2026-08-20 (corrección 10 de CORRECCIONES.md). Primera versión: mover el mapa a una segunda pasada de run_all.R. INSUFICIENTE, y lo señaló Pablo: en una corrida de muestra la segunda pasada leería igual las hojas viejas de las provincias no corridas. VERSIÓN FINAL: el mapa deja de leer 03_Outputs y calcula desde el derivado seguridad_policia, llamando a las MISMAS funciones que producen la hoja delitos —universo_delitos() y tasas_delitos(), extraídas de .hoja_delitos() en 03_tablas/10_seguridad.R sin cambiar ninguna cuenta—. No recalcula: reutiliza, que es la forma de cumplir la regla 1 del anexo («la figura no recalcula») cuando la figura necesita más de lo que hay en la hoja de su provincia. La excepción queda declarada en la cabecera de 00_mapas.R. Se colorean los municipios con id_provincia no vacío, o sea el universo del crosswalk (90), y la nota escribe la cifra real en vez de un texto fijo. run_all.R no se toca: quitada la dependencia del disco, la segunda pasada sobra. COMPROBADO QUE LA CIFRA NO CAMBIA: recalculado total_2025/población×100.000 desde seguridad_policia.parquet y poblacion_total_2025.parquet y comparado contra las 88 celdas municipales publicadas de la columna «Homicidios por 100.000 hab.», la diferencia máxima es 0,000000000. El derivado cubre los 125 municipios del departamento; se colorean 90 por decisión editorial de Pablo, manteniendo el criterio con el que se publicó. VERIFICADO EN EJECUCIÓN (2026-08-20): las dos provincias de la muestra publican _mapa10_homicidios_dpto con 90 filas, el universo completo del crosswalk, pese a haberse corrido solo dos provincias. Antes daban 88 y 89. Las otras nueve conservan su mapa viejo (entre 6 y 88 filas) hasta una corrida completa, que es el comportamiento esperado.";"El lector, guiado por la nota, concluye que los municipios grises no forman parte de ningún esquema asociativo. Es exactamente la lectura contraria a la verdadera —no tienen dato todavía— y el mapa es una pieza de contexto departamental, es decir, de las que se citan. Riesgo añadido: si quedaron archivos de una corrida anterior, el mapa mezcla vigencias distintas sin avisar; y como la escala de color se ajusta a lo cargado (ver F-2-038), el mismo municipio cambia de tono según en qué provincia se generó el mapa. MEDIDO: el daño no es teórico ni depende de una corrida interrumpida. Es el comportamiento normal del pipeline corriendo bien: la provincia 1 publica un mapa con el 7 % de los municipios y la 10 con el 89 %.";"Sacar el mapa departamental del bucle por provincia y generarlo una sola vez al final de run_all.R, cuando existan las once hojas. Mientras tanto —y en cualquier caso— contar los municipios efectivamente cargados y o bien omitir el mapa si faltan provincias, o escribir la cobertura real en la nota en vez del texto fijo.";"bajo";"corregido"
"F-2-036";"2";"2026-08-18";"figuras";"02_Code/04_figuras/09_salud.R";"líneas 158-176 y 194-198 (figura fig_03_enfermedades_vectores)";"calculo_en_figura";"ALTO";"El titular de enfermedades por vectores suma tres tasas que el propio código declara no comparables, y nombra al municipio equivocado";"El comentario que abre la figura explica por qué se usan múltiplos pequeños: «las tres enfermedades tienen denominadores distintos (la leishmaniasis se mide sobre población rural) y órdenes de magnitud distintos, así que una escala común sería ilegible y además compararía cosas que no son comparables». Tres líneas después: «carga <- rowSums(vec[, names(enfermedades)], na.rm = TRUE)», y con esa suma se ordenan las barras y se elige «peor_vec <- vec[which.max(carga), ]», que va al título: «%s soporta la mayor carga de enfermedades transmitidas por vectores de la provincia». VERIFICADO SOBRE LA SALIDA (hoja «_fig_03» de salud.xlsx, Bioenergética del Norte): la suma da Anorí 1.767,0 (25,7 dengue + 827,0 malaria + 914,4 leishmaniasis) y Valdivia 1.402,4 (39,1 + 195,4 + 1.167,9). El título publica Anorí. Pero Valdivia tiene la tasa más alta de DOS de las tres enfermedades —dengue y leishmaniasis— y Anorí solo de malaria. El resultado depende por completo de que la malaria de Anorí (827) pese lo mismo que la leishmaniasis de Valdivia (1.168), que son tasas sobre denominadores distintos. Y la magnitud «carga» no se escribe en «_fig_03», que solo guarda las tres tasas: el número que decide el titular no queda registrado (regla 11). VERIFICADO EN EJECUCIÓN (2026-08-20): las posiciones promedio publicadas en _fig_03 coinciden con las tres tasas de la propia hoja en las dos provincias. El titular de Turística pasó a «Olaya encabeza el dengue; Santa Fe de Antioquia, la malaria y la leishmaniasis»: el municipio que faltaba por el hallazgo F-4-004 encabeza dos de las tres enfermedades de su provincia.";"Una de las once figuras de salud publica un titular que señala al municipio equivocado según cualquier criterio defendible, y el orden vertical de los tres paneles sale de la misma suma. El agravante es que no es un descuido de concepto: el concepto está escrito correctamente en el comentario de la línea de arriba. Se conecta con F-2-027 —la leishmaniasis, además de estar mal ponderada en la tabla, es la que más pesa en esta suma por tener el denominador más pequeño.";"Elegir un criterio declarable y escribirlo en la hoja de datos. Lo más limpio: ordenar y titular por la suma de RANGOS dentro de cada enfermedad (adimensional, no mezcla denominadores), o por una sola tasa declarada en el subtítulo. En cualquiera de los dos casos, la magnitud que decide el titular debe quedar como columna de «_fig_03».";"bajo";"corregido"
"F-2-037";"2";"2026-08-18";"figuras";"02_Code/R/03_mapas.R; 02_Code/04_figuras/00_mapas.R";"03_mapas.R líneas 181-186 (na.value); DISENO.md línea 223";"documentacion_vs_codigo";"MEDIO";"El gris de «sin dato» de los mapas no se declara en ninguna leyenda, aunque DISENO.md lo exige y el propio código dice que lo hace";"DISENO.md, sección de mapas: «Sin dato: gris #E8E8E6, y la leyenda lo declara. No es un cero (§7)». El código pone el gris y repite la promesa en su comentario —«va en gris y la leyenda lo dice (DISENO.md §7, ""cero real y dato faltante no se representan igual"")»— pero la leyenda es un guide_colourbar, que no dibuja clave de NA. No hay ninguna nota automática que lo supla: las únicas notas de 00_mapas.R son la de cobertura >100 % y la de mortalidad en municipios pequeños. VERIFICADO SOBRE LA SALIDA: en mapa_10_homicidios_dpto.png buena parte del departamento está en #E8E8E6 sin explicación en la leyenda; en mapa_02_densidad.png tampoco se declara.";"Es el incumplimiento de la regla 5 del anexo —«cero ≠ vacío»— en la única pieza donde el lector no puede comprobarlo mirando la tabla: en un mapa, el gris se lee como «poco» o como «cero». Se agrava en el mapa departamental, donde el gris es además ambiguo por F-2-035.";"Generar la nota automáticamente en .textos_mapa() a partir del conteo real de NA tras el merge: «Los municipios en gris no tienen dato para este indicador (n = %d)». Es una línea y cierra la promesa que ya está escrita en dos sitios.";"bajo";"abierto"
"F-2-038";"2";"2026-08-18";"figuras";"02_Code/R/03_mapas.R; 02_Code/04_figuras/00_mapas.R";"03_mapas.R líneas 181-186 y 279-280 (scale_fill_provincias_c sin limits)";"escala";"MEDIO";"La rampa de color se reescala en cada mapa, así que la misma cifra tiene dos colores dentro de la misma sección";"scale_fill_provincias_c() es un scale_fill_gradientn() sin argumento limits, de modo que ggplot2 reescala de min a max de CADA mapa. No hay ningún esquema de cortes en el código: ni cuantiles, ni Jenks, ni cortes fijos por indicador. VERIFICADO SOBRE LA SALIDA, y el caso más claro está dentro de un mismo libro: «_mapa10_homicidios» se dibuja sobre el rango [42,80 ; 391,79] y «_mapa10_homicidios_dpto» sobre [0 ; 391,79]. El municipio de 42,80 homicidios por 100 mil sale con el tono MÁS CLARO de la paleta en el primer mapa y con un tono medio-claro en el segundo. Misma cifra, misma sección, dos colores. Entre provincias el efecto es mayor: la densidad de Bioenergética se dibuja sobre [10,4 ; 59,3] hab/km² y la del Área Metropolitana tendrá un rango de miles. CONTRAPESO, y por eso es MEDIO y no ALTO: DISENO.md NO exige cortes fijos —solo fija la rampa y el gris—, así que esto no incumple el estándar declarado del proyecto. Reescalar por mapa es una práctica común; lo que no se sostiene es el par de la misma sección.";"Los once informes no se pueden poner uno al lado del otro, que es justamente lo que hará quien compare esquemas asociativos. Y el par provincial/departamental de homicidios —pensado para leerse junto— se contradice visualmente.";"Mínimo: que el par provincial/departamental de un mismo indicador comparta limits. Recomendable: fijar los cortes por indicador en un solo sitio junto a ALTO_MAPA en 00_mapas.R —los normativos (IRCA, cobertura neta) con sus umbrales oficiales; el resto con cortes departamentales calculados una vez sobre los 125 municipios y versionados— y pasarlos como limits/breaks.";"medio";"abierto"
"F-2-039";"2";"2026-08-18";"figuras";"02_Code/04_figuras/03_ordenamiento.R";"líneas 208-215 (.fig_vias); tabla en 03_tablas/03_ordenamiento.R líneas 317-340";"calculo_en_figura";"MEDIO";"La dotación vial total que publica el titular no existe en ninguna tabla: la fabrica la figura sumando las tres jerarquías";".hoja_vias() publica exclusivamente idv_pri, idv_sec e idv_ter (y vpc_*) por separado; no hay columna de total. La figura hace «totales <- stats::aggregate(valor ~ categoria, data = d, FUN = sum, na.rm = TRUE)» y publica «%s tiene la mayor dotación vial de la provincia: %s %s», además de poner el total como etiqueta al final de cada barra. La hoja que escribe —escribir_datos_figura(d, ...)— guarda el formato largo (municipio, serie, valor), no el total: la cifra impresa no queda registrada (regla 11), y son dos figuras por provincia, 22 en total. Defecto añadido y latente: aggregate() con fórmula aplica na.action = na.omit, así que un municipio con una jerarquía vacía suma solo las otras dos y se dibuja como si estuviera completo. HOY NO SE DISPARA esa parte: en la hoja vias_area publicada los 13 municipios traen las tres columnas con valor (varios son 0, que es dato, no vacío).";"Regla 1 —«la figura no recalcula»— incumplida en la cifra de portada de dos figuras. El número es reproducible a mano sumando tres columnas, así que el daño es de trazabilidad más que de exactitud; pero el día que a un municipio le falte una jerarquía, el «líder» puede cambiar sin que nada lo señale.";"Añadir idv_total y vpc_total como columnas de la tabla, agregadas con el mismo ponderador que las demás, y que la figura las lea. Si se prefiere no tocar la tabla, al menos usar rowSums(..., na.rm = FALSE) para que un faltante se propague en vez de degradarse a cero, y escribir el total en la hoja de la figura.";"bajo";"abierto"
"F-2-040";"2";"2026-08-18";"figuras";"02_Code/04_figuras/03_ordenamiento.R";"líneas 495-513 (.fig_tti), 525-552 (fig_13) y 553-585 (fig_14)";"rotulo";"MEDIO";"La línea de referencia rotulada «Provincia» es un promedio simple, y de las tres figuras que la usan solo una lo declara";"Las tres figuras leen la fila de total de su tabla y la dibujan como línea de referencia con la etiqueta «Provincia: 31,9 %» / «Provincia: 148». Pero en la tabla esas filas se rotulan explícitamente «PROMEDIO SIMPLE PROVINCIA …» (03_tablas/03_ordenamiento.R líneas 602 y 663), a diferencia de las hojas de vías, IMCA y déficit, que dicen «PROMEDIO PONDERADO … (por población)». El promedio simple de líneas por 1.000 habitantes no es las líneas por 1.000 habitantes de la provincia: sobrepondera a los municipios pequeños. INCONSISTENCIA INTERNA VERIFICADA: fig_14, en el mismo archivo y a treinta líneas, SÍ lleva la nota «El valor provincial es el promedio simple de las proporciones municipales». fig_12 y fig_13 no la llevan. Las dos cifras concretas ya están medidas en otros hallazgos: el tti provincial publica 31,9 % frente a 28,1 % ponderado (F-2-022) y la fila provincial de internet fijo es un promedio de conteos (F-1-027).";"Dos figuras por provincia —22 en total— publican una línea cuya lectura natural («la tasa de la provincia») es falsa, y en el caso del tránsito a educación superior la diferencia ya está cuantificada en 3,8 puntos. La corrección de la nota existe escrita en el mismo archivo.";"Lo correcto de fondo es calcular la tasa agregada real en la tabla (ver F-2-022 y F-1-027) y usarla. Mientras tanto, y en una línea: componer la etiqueta y la nota desde el rótulo de la fila —que ya distingue «PROMEDIO SIMPLE» de «PROMEDIO PONDERADO»— en vez de escribir «Provincia:» fijo.";"bajo";"abierto"
"F-2-041";"2";"2026-08-18";"figuras";"02_Code/04_figuras/03_ordenamiento.R; 06_desarrollo_rural.R";"03_ordenamiento.R líneas 150-161, 232-234, 378-379, 424-425, 491-492, 529-530, 554-555; 06_desarrollo_rural.R líneas 207-213";"denominador";"MEDIO";"Los titulares del tipo «en 4 de 10 municipios» cuentan sobre los municipios con dato, y los que faltan desaparecen del gráfico sin nota";"El patrón se repite: filtrar «!is.na(columna)» y después usar nrow(d) como si fuera el número de municipios de la provincia. Ejemplo en catastro: «En %s de %s municipios el suelo rural concentra más de la mitad del avalúo catastral» con num_co(nrow(d)). Y 03_tablas/03_ordenamiento.R documenta que las fuentes de catastro no cubren Marinilla ni San Vicente Ferrer, de la provincia 5. fig_barras() vuelve a filtrar NA por su cuenta, así que tampoco queda hueco visible. CONTRASTE VERIFICADO, en el mismo archivo y 35 líneas antes: .fig_uso_suelo() sí calcula «sin_dato <- nrow(.solo_municipios(tabla)) - nrow(d)» y emite la nota «La fuente no cubre %s municipio(s) de la provincia; se omiten del gráfico». Es la corrección exacta, escrita por el autor, aplicada a una figura de las catorce (y aun ahí el denominador del titular sigue siendo nrow(d)).";"El lector entiende «en 4 de 8 municipios» cuando la provincia tiene 10, y no hay ninguna señal de que falten dos. Afecta a siete figuras de ordenamiento y a la de composición pecuaria, según provincia. En la provincia 5 está disparado por construcción, porque la ausencia de esos dos municipios está documentada en el propio pipeline.";"Replicar el patrón de .fig_uso_suelo() en las demás figuras —es copiar tres líneas— y expresar el denominador del titular sobre el total de municipios de la provincia, diciendo aparte cuántos no tienen dato.";"bajo";"abierto"
"F-2-042";"2";"2026-08-18";"figuras";"02_Code/04_figuras/ (01, 02, 05, 06, 07 y 00_mapas.R)";"01_generalidades.R:39; 02_demografia.R:44,155-159,200; 05_economia.R:521-536; 06_desarrollo_rural.R:130,189-196,238-239; 07_ambiental.R:167-176,210,282; 00_mapas.R:117";"regla_1";"MEDIO";"Inventario de recálculos en la capa de figuras: agregados, rankings y razones que la tabla ya publica se vuelven a calcular";"Además de los dos casos que tienen ficha propia (F-2-039 vías y F-2-036 vectores), el lote encontró estos, todos con la cifra ya escrita en la tabla: el área total de la provincia se suma en el subtítulo de generalidades existiendo la fila de total; la población total y la de la pirámide se suman en demografía existiendo .valor_provincia(), que el mismo archivo usa bien 100 líneas más abajo; la razón «densidad del municipio / densidad provincial» del titular de demografía es una cifra nueva sin guarda (si dens_prov es NA el titular publica «NA veces»; si es 0, «Inf veces»); el ranking acumulado de visitantes extranjeros y el bucket «Otros municipios» se construyen en la figura; el total pecuario, el total agrícola y la proporción de permanentes se suman existiendo las columnas y filas correspondientes; el promedio provincial de IRCA y de pérdida de cobertura se recalcula existiendo la fila «PROMEDIO SIMPLE PROVINCIA»; el agregado municipal de área protegida —que sostiene el titular «X concentra el 77 % del área protegida de la provincia»— no existe en ninguna hoja de la sección; y hasta el «municipio más extenso» del mapa 01 lo decide el mapa. HOY NINGUNO CAMBIA UNA CIFRA: se comprobó que las sumas coinciden con las filas de total. Es deuda, no error.";"Regla 1 dice «la figura no recalcula» precisamente para que no haya dos caminos hacia el mismo número. Con doce sitios recalculando, cualquier cambio futuro en cómo agrega la tabla —excluir un municipio, cambiar un na.rm, cambiar de ponderador, que es algo que este proyecto YA ha hecho dos veces— hará que el subtítulo diga un número y la tabla otro, sin que ningún control lo detecte: auditoria_end_to_end.R excluye las hojas que empiezan por «_» de la recomputación de agregados (F-1-020). El caso del área protegida es además de trazabilidad hoy: el 77 % del titular no está en la tabla de su sección.";"No hace falta rehacer nada: el patrón correcto ya está escrito tres veces en el propio código —.valor_provincia() en 02_demografia.R, agregado() en 08_educacion.R y rend_prov en 06_desarrollo_rural.R—. Sustituir cada recálculo por una lectura de la fila de total, y para el área protegida y el ranking de visitantes, añadir la hoja que falta en la capa de tablas.";"medio";"abierto"
"F-2-043";"2";"2026-08-18";"figuras";"02_Code/04_figuras/ (todos)";"~20 llamadas a which.max()/which.min(); p. ej. 07_ambiental.R:176,211,283,363,394; 09_salud.R:127,229; 10_seguridad.R:238; 01_generalidades.R:23; 02_demografia.R:43,147,234";"robustez";"MEDIO";"Los titulares superlativos no tienen guarda para el caso vacío ni criterio de desempate";"Todos los titulares del tipo «X registra la mayor…» se resuelven con which.max() sobre una columna. Dos huecos. (a) VACÍO: which.max() sobre un vector todo-NA o de longitud cero devuelve integer(0); el subconjunto queda con 0 filas, foco$municipio es character(0), sprintf() propaga character(0) y labs(title = character(0)) deja la figura sin título. Los sitios sin filtro previo de NA son los más expuestos (09_salud.R:126-127 y 10_seguridad.R:232-238, donde además prop_desaparecidos es NaN si el total provincial es 0). Lo mismo con .ultimo_anio(), que sobre una columna vacía devuelve -Inf y lo publica en el subtítulo. (b) EMPATE: which.max() devuelve el primer índice según el orden de la tabla, así que el titular afirma exclusividad y el resalte cae sobre un municipio arbitrario mientras el otro queda en gris a la misma altura. HOY NO SE DISPARA en el extremo superior; sí hay empates reales en el inferior (cuatro municipios con carga 0 en «_fig_03» de salud). Y el proyecto ya tiene la guarda escrita en 07_ambiental.R líneas 170-173, 206-209 y 278-281.";"Una fuente que se caiga para una provincia no produce un fallo ruidoso sino una figura publicada con el titular mutilado —o la corrida abortada a mitad de sección—. Y con un empate en el máximo, el titular y el gráfico se contradicen a la vista.";"Una utilidad compartida en 02_tema.R: «.arg_max(x)» que devuelva NA cuando no haya máximo, y una guarda «if (nrow(d) == 0) return(invisible(NULL))» tras cada filtro por !is.na(). Para el empate, detectar which(x == max(x)) y resaltar todos —fig_barras(resaltar=) ya acepta un vector— con el titular en plural.";"bajo";"abierto"
"F-2-044";"2";"2026-08-18";"figuras";"02_Code/04_figuras/04_gobernabilidad.R; 07_ambiental.R";"04_gobernabilidad.R líneas 88-90; 07_ambiental.R líneas 225-228";"umbral_a_mano";"MEDIO";"Dos figuras reclasifican a mano indicadores cuya clasificación oficial ya viene en la tabla, y una de las dos escalas está incompleta";"IDF: la figura hace «dplyr::select(municipio, resultados, gestion, idf, rango)» —trae la columna «rango», que es la clasificación del DNP que publica la fuente y que la tabla exporta— y acto seguido la ignora: «n_riesgo <- sum(d_idf$idf < 60)», con el umbral escrito a mano, para componer el titular. IRCA: el subtítulo enumera las bandas a mano —«0 = sin riesgo; 5-14 = riesgo bajo; 14-35 = riesgo medio»— cuando la escala del IRCA llega a 100: faltan «riesgo alto» (35-80) e «inviable sanitariamente» (80-100), y la banda sin riesgo es 0-5, no el punto 0. La tabla ya publica la columna «nivel_riesgo» que trae la fuente. En los datos de esta provincia el IRCA rural llega a 61, es decir, la banda que falta existe en el flujo. HOY NO SE DISPARA la discrepancia del IDF: no hay salida de la sección 04 para comprobar si «rango» y el corte 60 coinciden. El rótulo incompleto del IRCA sí está disparado: es texto fijo.";"Si la fuente clasifica de otra forma un municipio en el límite —o cambia el corte en alguna vigencia— el titular de la figura y la columna «Rango» de la tabla dirán cosas distintas sobre el mismo municipio, dentro del mismo informe. En el IRCA, un municipio con 45 aparece con una barra grande y una leyenda que no le asigna categoría.";"IDF: «n_riesgo <- sum(norm_txt(d_idf$rango) %in% c(""deterioro"", ""riesgo""))», dejando el 60 solo como línea de referencia visual. IRCA: derivar el texto de «nivel_riesgo», o de una constante única con las cinco bandas de la Resolución 2115 de 2007.";"bajo";"abierto"
"F-2-045";"2";"2026-08-18";"figuras";"02_Code/04_figuras/05_economia.R";"líneas 105-123 (.fig_apiladas_100) y 419-436";"dibujo";"MEDIO";"En las barras apiladas al 100 %, el color del residual se lo queda un sector real cuando el residual desaparece, y la etiqueta puede no corresponder al ancho";"(a) «colores <- c(unname(PALETA_SERIES[seq_len(n_series - 1)]), COLOR$contexto)»: el ÚLTIMO segmento recibe siempre el gris de contexto, reservado por DISENO.md al residual. Y la figura elimina el segmento «No distribuido» cuando es menor que 0,5 %: «if (max(comp$`No distribuido`, na.rm = TRUE) < 0.005) { comp$`No distribuido` <- NULL; segmentos <- segmentos[1:3] }». Cuando eso ocurre, el último segmento pasa a ser «Terciarias» —un sector real— y se pinta con el gris de «resto», contradiciendo la leyenda. (b) El comentario del código declara el supuesto: «las participaciones ya suman 1 porque el remanente entra como un segmento más». Pero el remanente se calcula con pmax(0, 1 - p1 - p2 - p3), que se topa en 0 si los tres sectores suman más de 1 —el motivo de que el pmax esté ahí—. En ese caso la barra suma más de 1, position_fill la renormaliza y la etiqueta imprime el valor crudo: un segmento rotulado «34 %» ocupa otra fracción del ancho. HOY NO VERIFICABLE: la sección 05 no tiene salida en esta copia. La nota 1 de 03_tablas/05_economia.R declara que los tres agregados dejan ~5 % sin distribuir, así que el caso (a) se disparará en cuanto una provincia tenga un remanente inferior al 0,5 %.";"En (a) el lector ve el sector terciario en el gris que la propia leyenda reserva al «resto». En (b) la cifra impresa y la longitud dibujada dejan de coincidir sin ningún aviso, que es el peor modo de fallo de un gráfico: sigue pareciendo correcto.";"Parametrizar .fig_apiladas_100(..., residual = NULL) y aplicar COLOR$contexto solo al segmento cuyo nombre coincida con `residual`. Para (b), usar position_stack(reverse = TRUE) —las proporciones ya deberían sumar 1— o etiquetar la participación renormalizada que realmente se dibuja. Y calcular prop_va_no_distribuido en la tabla, que además cierra un caso de F-2-042.";"bajo";"abierto"
"F-2-046";"2";"2026-08-18";"figuras";"02_Code/04_figuras/07_ambiental.R; 02_Code/04_figuras/00_mapas.R; 02_Code/03_tablas/07_ambiental.R";"07_ambiental.R líneas 297-299; 00_mapas.R líneas 193 y 197; tabla línea 506";"rotulo";"MEDIO";"La misma columna de pérdida de cobertura arbórea se publica con dos denominadores distintos en el mismo informe";"perdida_ca es una sola columna, leída de «% Pérdida de cobertura árborea 2001-2023». Se publica con tres rótulos: la tabla dice «Pérdida de cobertura arbórea 2001-2023 (%)» —sin denominador—; la figura 04 dice «como porcentaje de la COBERTURA INICIAL»; y el mapa 07 dice «% del ÁREA» en la leyenda y «Porcentaje del ÁREA con pérdida de cobertura arbórea» en el subtítulo. Son universos distintos y solo uno puede ser el correcto. Los tres textos son fijos, así que la contradicción no depende de los datos. RESUELTO CUÁL DE LOS DOS RÓTULOS ES FALSO (fase 4, 2026-08-18): el del MAPA. Recalculando desde la hoja cruda del propio insumo —pérdida anual en hectáreas y área total del municipio—, el cociente pérdida/área difiere del valor publicado en 119 de 124 municipios y siempre por debajo (media 2,4 pp). El número publicado no es un porcentaje del área del municipio. Detalle y la consecuencia mayor, en F-4-002.";"Dos piezas del mismo informe atribuyen a la misma cifra dos denominadores incompatibles. El lector no puede saber cuál leer, y el titular de la figura —«X perdió el N % de su cobertura arbórea en dos décadas»— solo es cierto bajo uno de los dos.";"Comprobar el diccionario de «Pérdida de cobertura árborea.xlsx» y unificar los tres rótulos desde una constante única del script de la sección, importada por 00_mapas.R.";"bajo";"abierto"
"F-2-047";"2";"2026-08-18";"figuras";"02_Code/04_figuras/00_mapas.R";"líneas 43-45 (.hoja_de) y guardas de los mapas 01, 02, 03, 07 y 10";"robustez";"BAJO";"Los mapas no usan col() para localizar la columna del código, y la comprobación de vacío está en el sitio equivocado";".hoja_de() comprueba «if (is.null(d) || !nrow(d)) return(NULL)» ANTES de filtrar, y filtra con «d[[""Código DANE""]]» literal. Si la hoja existe pero el encabezado cambia, d[[""Código DANE""]] es NULL, as.integer(NULL) es integer(0) y la función devuelve un data.frame de cero filas, no NULL. Los mapas 01, 02, 03, 07 y 10 solo comprueban «if (!is.null(d))»; los mapas 05, 08 y 09 sí comprueban nrow(d). Y en 00_mapas.R línea 57 el guarda «if (is.null(p))» de .emitir() es código muerto: mapa_coropletico() devuelve NULL si falta sf o la provincia no tiene polígonos, pero el mapa se construye como «p <- mapa_coropletico(...) + .textos_mapa(...)», y NULL + labs() aborta antes de llegar a .emitir(). Además, el merge con la cartografía usa all.x = TRUE, así que un municipio de la tabla que no encuentre polígono desaparece del mapa en silencio. HOY NO SE DISPARA nada de esto. Es BAJO y no MEDIO porque el pipeline tiene col()/col_req() precisamente para esto y aplicarlo es mecánico.";"Un renombre de encabezado produciría un mapa entero en gris con el título vacío en vez de un error; una provincia sin geometría tumbaría mapas_provincia() completo en vez de omitir un mapa.";"Filtrar con col(d, ""ind_mpio"", ""Código DANE"", ""cod_dane"") como ya hace mapa_coropletico(); devolver NULL si el resultado queda vacío y unificar la guarda a «!is.null(d) && nrow(d)»; construir el mapa en dos pasos para que el guarda de .emitir() sirva; y avisar con warning() de los setdiff(d$ind_mpio, capa$ind_mpio) antes del merge.";"bajo";"abierto"
"F-2-048";"2";"2026-08-18";"figuras";"02_Code/04_figuras/05_economia.R; 06_desarrollo_rural.R; 07_ambiental.R; 09_salud.R; 10_seguridad.R";"05_economia.R:518-519,546-549; 06_desarrollo_rural.R:97,207,228,268; 07_ambiental.R:321,352-357; 09_salud.R:55,111,145,200,254; 10_seguridad.R:63-68";"rotulo";"BAJO";"Cortes de año, recuentos y años del dato escritos a mano en los rótulos de las figuras";"Un grupo de cosas menores del mismo tipo. La serie de visitantes se recorta con «anios[anios >= 2019]», una constante sin justificación en el código ni en la nota, que acorta la serie respecto de la tabla; el subtítulo dice «Cuatro municipios» mientras el número real es length(destacados). Los años del dato de salud van escritos en los subtítulos («corte diciembre de 2025», «2023») y esas tablas no llevan columna de año, así que si la fuente se actualiza el rótulo miente sin que nada falle. En la sección 06, las cifras que se imprimen en las barras apiladas —la participación de cada especie— se calculan dentro de la función y no quedan en «_fig_02»/«_fig_03», que guardan cabezas y toneladas: es un incumplimiento acotado de la regla 11. La serie de emergencias se dibuja con dplyr::count(), que no genera fila para un año sin eventos, así que la línea interpolaría en vez de bajar a cero. Y .hecho_corto() trunca a 42 caracteres sin make.unique(), de modo que dos hechos nuevos con el mismo prefijo producirían niveles de factor duplicados y fig_barras() abortaría. NINGUNO SE DISPARA HOY: verificado que la serie de emergencias tiene 2019-2024 completos, que los 16 hechos del RUV están cubiertos por HECHOS_CORTOS, y que las hojas de salud coinciden en 13 municipios.";"Ninguno hoy. Se registran juntos porque comparten causa —el rótulo se escribe en vez de derivarse del dato— y porque el arreglo de todos cabe en una tarde.";"Propagar el año del corte desde la tabla (una columna anio o un atributo), generar los recuentos con length() en vez de deletrearlos, declarar el recorte de la serie en la nota como ya se hace bien en la figura 05 de ambiental, completar la rejilla de años con tidyr::complete(fill = 0) en la tabla, y aplicar make.unique() al truncar etiquetas.";"bajo";"abierto"
"V-2-005";"2";"2026-08-18";"metodo";"02_Code/04_figuras/ (los once scripts); 02_Code/R/02_tema.R; 02_Code/R/03_mapas.R";"varias";"verificacion";"NOTA";"VERIFICADO OK — siete decisiones correctas de la capa de figuras, incluidas dos reglas cumplidas sin una sola excepción";"1) REGLA 8 sin excepción: en las 24 figuras revisadas ninguna fila agregada se dibuja como una barra más (filtros por tipo_fila == ""Municipio"" o !is.na(ind_mpio) en las diez secciones), y donde sí aparecen agregados es deliberado y el ámbito está en la leyenda. Comprobado también en salida: «_fig_02» de salud tiene 13 filas frente a las 16 de la hoja bajo_peso. 2) REGLA 9 sin excepción: no hay una sola llamada a round(), signif(), ceiling() ni trunc() sobre los datos en los once archivos. El redondeo vive solo en num_co()/pct_co() al formatear la etiqueta; la barra siempre se traza con el valor completo. 3) Ningún doble ×100: en las ~14 llamadas a pct_co(x * 100) el dato viene como proporción y se multiplica exactamente una vez. 4) Los mapas leen el .xlsx que la sección acaba de escribir, no los derivados, y DISENO.md lo exige por escrito: «Un mapa que recalculara podría discrepar de la tabla de su propia sección». 5) seed = 1 en ggrepel: la disposición de etiquetas es determinista entre corridas, así que dos ejecuciones producen mapas comparables. Es un detalle que casi todos los proyectos olvidan. 6) El patrón correcto de la regla 1 está escrito tres veces —.valor_provincia() en demografía, agregado() en educación con guarda de ausencia, rend_prov en desarrollo rural—; y hay omisiones con aviso bien hechas: la figura de títulos mineros se omite con message() si la provincia no tiene ninguno, y la del MDM no dibuja promedio provincial explicando por qué. 7) Las notas dicen cosas verdaderas y útiles: la exclusión de aves del inventario, «una persona puede estar en más de un hecho victimizante», la representatividad subregional y no provincial de la encuesta, la cobertura neta >100 % que viene de la fuente, y el recorte de la figura 05 de ambiental declarado con el conteo real («se muestran los 12 tipos más frecuentes de 18 registrados»).";"Dos de las once reglas del anexo se cumplen en esta capa sin una sola excepción, lo cual acota mucho el trabajo de la fase 4: no hay que buscar redondeos prematuros ni filas de total coladas en las figuras. Y los puntos 6 y 7 son la plantilla de las propuestas de F-2-041, F-2-042 y F-2-043: la corrección ya está escrita en el propio repositorio.";"Ninguna. Se registra para no volver a revisarlo y para citarlo en las propuestas.";"";"cerrado"
"F-2-049";"2";"2026-08-18";"calculo";"02_Code/05_documento/R/secciones.R; 02_Code/06_comparativo/panel_provincial.R";"secciones.R líneas 486-502 y 297-307; panel_provincial.R líneas 83-89, 111-113, 178-179";"agregacion";"ALTO";"La prosa y el panel comparativo promedian los municipios en vez de leer el agregado que la tabla ya publicó: cuatro cifras entregadas contradicen su propia hoja";"La hoja «servicios_publicos» publica cada cobertura DOS veces: «… (municipal)» por municipio y «… (agregado)» con el agregado ponderado en las filas de total. La prosa toma la columna municipal y hace «mean(.num(m[[cl]]), na.rm = TRUE)»; el panel comparativo hace lo mismo con «via = ""promedio""». MEDIDO SOBRE ordenamiento.xlsx de Bioenergética del Norte: acueducto 86,2 % (media simple) frente a 88,5 % (fila publicada); alcantarillado 64,9 % frente a 70,3 %; energía 99,1 % frente a 99,3 %. Mismo patrón en catastro (secciones.R línea 307): media simple de las 13 proporciones = 56,1 %, fila TOTAL PROVINCIA = 49,0 %. VERIFICADO EN EL ENTREGABLE, no solo en el código: el borrador 04_Docs/borradores/Bioenergetica_Norte/..._diagnostico.md dice en la línea 170 «el promedio municipal de la Provincia es de 86,2 % en acueducto, 64,9 % en alcantarillado y 99,1 % en energía» y en la 140 «el avalúo rural representa en promedio el 56,1 % del avalúo catastral total». Y el panel entregado 04_Docs/comparativo/panel_provincial.csv publica acueducto = 0,8616 para Bioenergética, que es la media simple y no el 0,88498 de su propia hoja. INSTANCIA ADICIONAL ENCONTRADA AL CORREGIR F-1-027 (2026-08-18): el mismo patrón está en el bloque «cti» de secciones.R, sobre la proporción de fibra óptica. La prosa escribe «La fibra óptica representa en promedio el X % de las líneas de la Provincia» calculando «mean(fib, na.rm = TRUE)» sobre las filas municipales, en vez de leer la fila provincial que la hoja ya publica. ATENCIÓN — INCONSISTENCIA TEMPORAL INTRODUCIDA A PROPÓSITO: hasta hoy esa cifra coincidía por casualidad con la línea de referencia de la figura 14, porque las dos eran el promedio simple de los municipios. Corregida la tabla (corrección 3) y NO la prosa —por decisión de Pablo, que prefiere agrupar todos los cambios de prosa al final—, las dos se separan: en Del Río Grande la figura dirá 59,9 % y el párrafo de al lado 56,1 %. Es un estado transitorio conocido, no un defecto nuevo, y se cierra al aplicar esta corrección. CORREGIDO 2026-08-20 (corrección 5 de CORRECCIONES.md), la última de la fase porque agrupaba todos los cambios de texto. CIFRAS MEDIDAS EN DEL RÍO GRANDE, corrida del 20-ago: acueducto 87,3 % -> 88,8 %; alcantarillado 74,3 % -> 74,8 %; energía 99,8 % -> 99,9 %; avalúo catastral rural 56,0 % -> 53,2 %; fibra óptica 66,0 % -> 75,8 %; informalidad laboral 52,1 % -> 48,9 %. QUÉ SE HIZO: en secciones.R los tres bloques —servicios domiciliarios, catastro y fibra— pasan a leer la fila de provincia con valor_agregado() en vez de promediar las columnas municipales, y las tres frases pierden el «en promedio», que era lo que las hacía falsas; en panel_provincial.R los indicadores acueducto, alcantarillado e informalidad pasan de via=«promedio» sobre la columna (municipal) a via=«fila» sobre la columna (agregado), que es la regla que declara la cabecera del propio archivo; en 03_tablas/03_ordenamiento.R el periodo del insumo viaja con la tabla como attr(tabla,«periodo») para que los subtítulos de las figuras 13 y 14 dejen de decir «2025» a secas cuando la cifra es de un solo trimestre; y la nota de fig_14, que desde la corrección 3 afirmaba lo contrario de lo que hace, pasa a decir que el valor provincial es la razón entre las sumas. CIERRA EL AVISO ABIERTO desde la corrección 3: la figura de fibra y el párrafo de al lado dicen ahora los dos 75,8 %. VERIFICADO ejecutando las tres frases nuevas en R con las funciones reales del proyecto (valor_agregado e y_lista, cargadas de frases.R) contra la hoja publicada: las tres coinciden exactamente con la fila de su propia hoja. EFECTO: cambian seis cifras en cada uno de los once borradores y tres columnas del panel comparativo, y con ellas el ranking del mosaico. Ninguna hoja .xlsx cambia: esta corrección no toca ningún cálculo.";"El documento contiene dos cifras distintas para el mismo concepto, a 5,3 y 7,1 puntos de distancia, y la tabla que las desmiente está en la misma sección. El sesgo tiene dirección conocida: la media simple sobrepondera a los municipios pequeños, que son los de peor cobertura, así que subestima sistemáticamente. Y contradice tres declaraciones explícitas del propio proyecto: la regla 6 del anexo, la cabecera de panel_provincial.R («son la misma celda leída dos veces», «nunca se inventa un agregado») y la caja de lectura del comparativo («si una provincia dice un número en su informe, aquí dice exactamente el mismo»). Estas dos columnas entran además en el ranking del mosaico comparativo.";"En la prosa, leer «valor_agregado(d, ""… (agregado)"", ""provincia"")» y redactar «la cobertura provincial es de…» en vez de «el promedio municipal». En el panel, cambiar acueducto, alcantarillado e informalidad a «via = ""fila""» apuntando a la columna «(agregado)». Si en alguna sección la fila agregada no existe, dejar el indicador fuera, que es lo que manda la propia regla escrita en panel_provincial.R líneas 21-22. AÑADIDO: incluir el bloque «cti» de secciones.R, sustituyendo «mean(fib, na.rm = TRUE)» por la lectura de la fila provincial de la columna «Proporción de líneas sobre fibra óptica».";"bajo";"corregido"
"F-2-050";"2";"2026-08-18";"orquestacion";"02_Code/05_documento/generar_borrador.R; 02_Code/06_comparativo/generar_comparativo.R";"generar_borrador.R líneas 510, 520-523, 537-546; generar_comparativo.R líneas 375-382";"fallo_silencioso";"ALTO";"El generador informa éxito sin producir el entregable: sin pandoc termina en 0, y si pandoc falla tras un éxito previo publica el .docx viejo como recién hecho";"Tres mecanismos encadenados, todos verificados en el código. (a) La ausencia de pandoc se avisa con message(), no con warning() ni stop(): «if (!.hay_pandoc()) { message(""  [borrador] "", prov$etiqueta, "" — solo Markdown (falta pandoc)""); return(invisible(md)) }». Rscript termina con código de salida 0 habiendo producido once .md y cero .docx. Es la explicación de F-1-007. (b) No se borra el .docx anterior antes de invocar pandoc, y el éxito se comprueba solo con file.exists(docx). Con un .docx de una corrida anterior en disco, un fallo de pandoc deja el archivo viejo y el script imprime la línea de éxito CON EL TAMAÑO DEL ARCHIVO VIEJO. El patrón correcto —unlink() antes de escribir— ya está en este mismo archivo (línea 150) y en panel_provincial.R línea 280. (c) No se lee attr(salida, ""status"") ni se comprueba file.size(docx) > 0. Añadido: la plantilla plantilla_estilos.docx no existe en esta copia ni la carpeta 00_Documentos de la que se deriva, así que los .docx saldrían con los estilos por defecto de pandoc —sin el estilo Table que el propio código explica que hace falta— y también con una sola línea de aviso. CORREGIDO 2026-08-20 (corrección 12 de CORRECCIONES.md): función nueva .falla_pandoc() en generar_borrador.R, compartida con generar_comparativo.R, que comprueba cuatro cosas que file.exists() no ve: el estado devuelto, la existencia, el tamaño mayor que cero y los warnings «Could not fetch resource». Esa última es la única que detecta el .docx sin figuras, porque ahí pandoc sale con estado 0. Se añade unlink(docx) antes de invocar pandoc y también en la rama de fallo, para que el disco no contradiga al log. Los tres message() de pandoc ausente y plantilla ausente pasan a warning(). NO SE HIZO la parte de quit(status = 1) desde la invocación por CLI: hoy es legítimo correr el script sin pandoc para regenerar solo los Markdown, y hacerlo fallar convertiría un uso válido en un error aparente; es una línea el día que haya integración continua. Verificado con pandoc real desde otro directorio de trabajo: el caso de la figura no encontrada, que antes salía con estado 0 y nadie miraba, ahora se reporta como FALLA.";"El punto (b) es una inversión de la regla 0 del anexo —«el dato manda sobre el informe»—: se entrega un documento con datos de una corrida anterior y el log dice que se acaba de generar. El punto (a) hace que ni una integración continua ni un script de despliegue puedan distinguir «once informes» de «once markdowns», que es exactamente el estado en que está el repositorio hoy.";"unlink(docx) antes del system2; comprobar el status devuelto además de la existencia del archivo; devolver el recuento de .docx desde generar_borradores() y, en la invocación por CLI, quit(status = 1) si no se produjeron todos. La ausencia de plantilla debe ser warning(), no message().";"bajo";"corregido"
"F-2-051";"2";"2026-08-18";"control";"02_Code/05_documento/R/frases.R";"líneas 149-152, 163-174, 186; auditoria_redaccion.R líneas 365 y 446";"regla_11";"ALTO";"El registro de cifras de la regla 11 vive en memoria, está apagado cuando se generan los documentos y no guarda de dónde salió cada número";"«.registro <- new.env(parent = emptyenv()); .registro$activo <- FALSE; .registro$cifras <- character(0); .registro$valores <- numeric(0)». Tres hechos comprobados por búsqueda exhaustiva: (a) no hay ningún write.csv, writeLines ni saveRDS del registro en todo el proyecto — se destruye al cerrar la sesión de R; (b) el único sitio que lo enciende es auditoria_redaccion.R, de modo que durante la corrida que produce los entregables NO SE REGISTRA NADA; (c) lo que guarda es la cadena impresa y el valor de entrada, sin provincia, sección, indicador ni hoja de origen. Y hay vías que nunca pasan por el registro aunque esté encendido: los sprintf(""%d"", ...) —«%d municipios» del párrafo de apertura, «puesto %d de %d» de posicion_sistema.R—, el cat() del esqueleto (que además ningún control audita), y los números escritos en la propia plantilla de frase. En sentido contrario, .tabla_md formatea CADA CELDA de cada tabla con num_co/pct_co, así que con el registro activo miles de celdas entran en un conjunto plano sin ámbito: una celda de la tabla de seguridad avala una cifra del párrafo de demografía.";"La regla 11 —«cada cifra impresa queda registrada»— no se cumple para los documentos que se entregan: solo para una prosa REGENERADA dentro del control, que puede no ser la misma si los datos cambiaron entre corridas. Y aunque se conservara, el registro no permite auditar una cifra hacia atrás, que es para lo que la regla existe. Esto explica y agrava F-1-023 y F-1-024: el «95,3 % de poder de detección» y el «100 % de cifras con procedencia» se miden sobre un registro que no acompaña al entregable. Riesgo operativo añadido: el registro parchea num_co en el entorno global sin on.exit(), así que una interrupción deja la función parcheada para el resto de la sesión.";"Tres cosas, por orden. (1) Que generar_borrador() active el registro siempre y escriba 04_Docs/borradores/<Provincia>/cifras.csv junto al .md. (2) Ampliar la anotación con contexto — el mínimo útil es cifra, valor, decimales, provincia, sección y llamante. (3) Proteger el parche con on.exit(registrar_cifras(FALSE), add = TRUE).";"medio";"abierto"
"F-2-052";"2";"2026-08-18";"documento";"02_Code/05_documento/generar_borrador.R; 02_Code/05_documento/generar_esqueleto.R";"generar_borrador.R líneas 371 y 373; generar_esqueleto.R líneas 226 y 240-245";"rotulo";"MEDIO";"El primer párrafo de los once borradores escribe la subregión en mayúsculas y sin tildes: «subregión VALLE DE ABURRA»";"«sprintf("", todos de la subregión %s"", ctx$subregion)», donde ctx$subregion viene de subregion_dominante(), que devuelve subregion_full del derivado. Verificado sobre subreg_completo.parquet: los nueve valores son BAJO CAUCA, MAGDALENA MEDIO, NORDESTE, NORTE, OCCIDENTE, ORIENTE, SUROESTE, URABA y VALLE DE ABURRA — mayúsculas y sin tildes. VERIFICADO EN EL ENTREGABLE: los borradores dicen «subregión NORDESTE», «subregión NORTE» y «subregión VALLE DE ABURRA» (Área Metropolitana). El proyecto ya tiene doctrina escrita sobre esto para los municipios, en 01_utils.R: «Nunca derivar esto con str_to_title()… produce ""Carolina Del Principe""», y por eso existe etiqueta_municipio(). No se hizo el equivalente para subregiones.";"Es lo primero que lee quien abra cualquiera de los once informes. No afecta a ninguna cifra, pero es el tipo de detalle que resta credibilidad a un documento que en su propia caja de apertura afirma que todo el texto se generó con cuidado desde las tablas.";"Añadir etiqueta_subregion() junto a etiqueta_municipio() en 01_utils.R, con diccionario explícito («VALLE DE ABURRA» = «Valle de Aburrá», «URABA» = «Urabá»). No derivarlo con str_to_title(): perdería las tildes, que es justo el error que el propio comentario advierte.";"bajo";"abierto"
"F-2-053";"2";"2026-08-18";"documento";"02_Code/05_documento/generar_borrador.R";"líneas 271-280 (formateador de .tabla_md) y 466";"formato";"MEDIO";"La columna «Año» se publica como «2.024» en la tabla de mortalidad infantil de los once borradores";"El formateador de las tablas Markdown decide los decimales por el contenido y pasa todo por num_co(): «dec <- if (all(abs(x - round(x)) < 1e-9, na.rm = TRUE)) 0 else 2; ifelse(is.na(x), ""—"", num_co(x, dec))». Y num_co es formatC(..., big.mark = "".""), así que num_co(2024, 0) devuelve «2.024». La columna «Año» está declarada entre las que se imprimen (línea 466) porque la hoja mortalidad_infantil publica la serie. VERIFICADO EN EL ENTREGABLE: el borrador de Bioenergética contiene «| Angostura | 2.024 | 13,89 |» y así las trece filas. Agravante de control: el auditor de redacción no puede detectarlo, porque .cifras_de descarta todo lo que caiga en el vector ANIOS.";"Una columna de año publicada como si fuera una cantidad de miles, en una tabla de los once informes. Es visible a simple vista y ningún control lo señala.";"Excluir por nombre las columnas de año antes de formatear —«if (identical(nombre, ""Año"")) return(as.character(as.integer(x)))»— o pasar el tipo de columna como parámetro, igual que ya se hace con las de porcentaje.";"bajo";"abierto"
"F-2-054";"2";"2026-08-18";"comparativo";"02_Code/06_comparativo/panel_provincial.R; figuras_comparativas.R; generar_comparativo.R";"panel_provincial.R líneas 170-173, 201, 222; figuras_comparativas.R líneas 184, 197-199; generar_comparativo.R línea 154";"orquestacion";"ALTO";"El comparativo se construye con las provincias que haya y se publica como «las once», con rótulos fijos que no dependen del dato";"El bucle es sobre el catálogo, no sobre lo que existe: «filas <- lapply(PROVINCIAS$id, ...)», y si la carpeta de una provincia no está, hoja_publicada() devuelve NULL y el indicador se vuelve NA_real_ en silencio. El único conteo del proceso mide el catálogo, no los datos: «message(""  "", nrow(panel), "" provincias x "", length(INDICADORES), "" indicadores"")» — con una sola provincia en disco sigue diciendo «11 provincias x 34 indicadores». Y los rótulos del universo están escritos a mano: la leyenda del mosaico dice «11.º (peor)», el subtítulo «entre las once» y la tabla se titula «Tamaño y forma de las once provincias». Con cuatro provincias presentes, los puestos van de 1 a 4 bajo una leyenda que anuncia un puesto 11 que no existe. Es el mismo defecto que F-2-035 en el mapa departamental de homicidios: el rótulo declara el universo completo sobre datos parciales. Y run_all.R declara explícitamente el estado parcial como normal («Una etapa que falle por un insumo ausente no detiene el resto») y además NO incluye la etapa comparativa, así que nada garantiza que las once hayan corrido antes. Añadido verificado: cobertura_sistema() toma los valores departamentales de provincia(1) y solo de ella, cuando .valor_departamental() —sesenta líneas antes, en el mismo archivo— resuelve ese mismo problema recorriendo las once. CORREGIDO 2026-08-20 (corrección 15 de CORRECCIONES.md). DECISIÓN: abortar, a diferencia del anexo (corrección 14, donde se optó por propagar la cifra). La razón es que el anexo es un documento metodológico y un estado parcial es describible, mientras que el comparativo ES la comparación de las once: uno parcial no es una versión reducida sino otro documento. Además, abortar hace ciertos por construcción los rótulos «11.º (peor)» y «entre las once» sin tocar una sola frase, y propagar el número habría exigido reescribir ~30 frases de los tres archivos, que es territorio de la corrección 5. QUÉ SE HIZO: guarda al cerrar construir_panel() que distingue la provincia ausente —ningún indicador, stop() nombrándola— de la provincia con huecos —warning()—; y cobertura_sistema() deja de buscar los valores departamentales solo en provincia(1) y llama a .valor_departamental(), la función que el mismo archivo ya tenía sesenta líneas antes. NO SE HIZO la escritura atómica del .md que proponía la ficha: el guarda va en construir_panel(), que corre ANTES de guardar_panel() y de escribir el .md, así que el escenario de dejar el panel reescrito junto a un .md obsoleto desaparece por dónde va el guarda. VERIFICADO: la lógica se ejecutó en R sobre tres paneles sintéticos (once completas / dos vacías / una con hueco) y los tres se comportan como se espera. Y el aviso de huecos no sonará en una corrida normal: el panel real publicado tiene 38 de 38 columnas con dato en las once provincias.";"Con dos o más provincias presentes y alguna ausente, el documento publica rankings parciales rotulados como completos, sin ninguna marca. Con la corrida actual (una sola provincia) el proceso aborta a mitad —cor(use = ""complete.obs"") con cero pares lanza error—, dejando el panel .csv y .xlsx ya reescritos con provincias vacías junto a un Comparativo_provincias.md de la corrida anterior que ya no lo respalda, y nada marca la discrepancia.";"Contar las provincias con datos al cerrar construir_panel() y, o bien abortar nombrando las que faltan, o bien propagar ese número a todos los rótulos («entre las %d provincias con informe publicado») y estampar una nota en el documento. Usar .valor_departamental() también en cobertura_sistema(). Y escribir el .md a un temporal con file.rename() al final, para que un aborto no deje un entregable obsoleto pasando por vigente.";"medio";"corregido"
"F-2-055";"2";"2026-08-18";"comparativo";"02_Code/06_comparativo/generar_comparativo.R; 02_Code/05_documento/R/posicion_sistema.R";"generar_comparativo.R líneas 67-68, 270-278, 281; posicion_sistema.R líneas 33-39, 74-77";"ranking";"MEDIO";"La mediana de puestos se calcula sobre distinto número de indicadores por provincia: perder datos mejora la posición en el ranking compuesto";"«medio <- stats::aggregate(puesto ~ provincia, pos, stats::median)». aggregate() con interfaz de fórmula aplica na.omit, así que una provincia rankeada en 26 indicadores y otra en 6 producen medianas que se ordenan juntas como si fueran comparables. Y la pérdida no es aleatoria: si a una provincia le falló economia.xlsx pierde de golpe NBI, IPM, informalidad, valor agregado per cápita, densidad empresarial y dependencia —seis indicadores donde una provincia pobre suele estar mal—, así que la ausencia de datos la SUBE en el ranking. La línea 281 declara la cobertura con length(unique(pos$indicador)), que es la UNIÓN entre provincias, no la de cada una: el documento afirma que todas fueron rankeadas en 26 indicadores aunque alguna lo haya sido en 6. El informe provincial sí es honesto en esto (posicion_sistema.R usa nrow(p)). Defecto emparejado en el consumidor: posicion_sistema.R usa rank() con los valores por defecto —na.last = TRUE, ties.method = ""average""—, así que ahí una provincia sin población SÍ se va al último puesto, y un empate produce 2,5 que as.integer() trunca a 2. Dos criterios de ranking distintos en el mismo documento. CONTRAPESO: tabla_posiciones() del comparativo sí lo hace bien —rank(sentido * -v, na.last = ""keep"", ties.method = ""min"")—, así que el defecto está en el consumo, no en el ranking base.";"Las dos afirmaciones más citables del comparativo —«X ocupa la mejor posición del conjunto y Y la última» y el orden del eje del mosaico— se pueden invertir por cobertura de datos y no por desempeño. Se dispara en cuanto una provincia tenga una sección sin generar, que es el estado del único directorio de salida que existe hoy.";"Exigir un mínimo de cobertura por provincia para entrar en la mediana (p. ej. el 80 % de los 26 indicadores con sentido), excluir y nombrar a las que no lo alcanzan, y publicar el n junto a cada mediana. En posicion_sistema.R, alinear rank() con los mismos parámetros que usa tabla_posiciones().";"medio";"abierto"
"F-2-056";"2";"2026-08-18";"comparativo";"02_Code/06_comparativo/panel_provincial.R";"líneas 160-165 y 220; figuras_comparativas.R líneas 143-147";"ranking";"MEDIO";"Dos de los 26 indicadores rankeados son conteos absolutos, así que el mosaico los ordena por tamaño de provincia";"«victimas» (Víctimas por ocurrencia) y «desaparecidos» (Personas dadas por desaparecidas) entran al catálogo con sentido = -1, es decir, participan en el ranking. Son sumas de casos, no tasas: verificado en la salida, 181.813 victimizaciones y 1.427 desaparecidos para Bioenergética. Y el sistema va de 66.792 a 4.194.012 habitantes, un factor de 63 que el propio documento cita. El puesto en estos dos indicadores mide el tamaño de la provincia. Lo que lo hace evitable: el panel YA calcula la versión normalizada y no la usa en el ranking — «panel$victimas_pc <- panel$victimas / panel$poblacion * 1000». Y el propio documento advierte del riesgo («comparar la primera con las otras diez en cualquier indicador per cápita exige tener presente esta diferencia») sin aplicar la advertencia a su propio ranking.";"Dos de las 26 filas del mosaico —el 8 % del insumo de la mediana que decide «la mejor posición del conjunto»— están determinadas por población. Está disparado: el mosaico ya publicado los incluye.";"Poner sentido = 0 a victimas y desaparecidos (quedan en el panel como magnitud, fuera del ranking) y añadir victimas_pc al catálogo con sentido = -1; o normalizar desaparecidos por población igual que ya se hace con víctimas.";"bajo";"abierto"
"F-2-057";"2";"2026-08-18";"comparativo";"02_Code/06_comparativo/figuras_comparativas.R";"líneas 274, 281, 288, 308; contraste en generar_comparativo.R línea 123";"cifra_a_mano";"MEDIO";"El titular de una figura del comparativo dice «Diez de las once» y el párrafo que la anuncia dice «6 de las once», en el documento ya entregado";"El titular de fig_c05 es una constante de código: «""Diez de las once provincias son mayoritariamente rurales o están cerca de serlo""». El párrafo que la introduce calcula el mismo hecho: «n_rural <- sum(panel$pct_rural >= 0.5, na.rm = TRUE)». VERIFICADO EN EL ENTREGABLE: 04_Docs/comparativo/Comparativo_provincias.md, línea 30, dice «6 de las once provincias tienen más de la mitad de su población en centros poblados y rural disperso», e inmediatamente debajo inserta la figura titulada «Diez de las once». Dos números para el mismo hecho en la misma página; la coletilla «o están cerca de serlo» no lo salva. En la misma situación los titulares de fig_c04, fig_c06 y fig_c08. Y en la misma familia: el «id_provincia != 11» escrito a mano en dos sitios para excluir al Área Metropolitana, que ata el código al orden del catálogo; y el comentario «33 indicadores», del que depende el alto de la figura, cuando el propio .md dice que son 26. CONTRAPESO, y en el mismo archivo: los titulares de las dos figuras de dispersión SÍ se construyen desde el coeficiente calculado (describir_r), que es el patrón correcto.";"Una contradicción numérica visible en el entregable, en la misma página, entre el texto y la figura que lo ilustra. Y cuatro titulares que afirman cosas sobre los datos sin derivarlas de los datos, en un documento cuya caja de apertura promete lo contrario.";"Construir los cuatro titulares con sprintf() a partir del panel, como ya se hace en las dispersiones; sustituir «!= 11» por el id que corresponda a la etiqueta «Área Metropolitana»; y derivar el alto de la figura de length(unique(pos$indicador)).";"bajo";"abierto"
"F-2-058";"2";"2026-08-18";"documento";"02_Code/05_documento/R/secciones.R; R/frases.R; R/diagnosticos.R; generar_borrador.R";"secciones.R líneas 64, 75, 339, 393 y otras ocho; generar_borrador.R líneas 363-376, 297-301; frases.R líneas 80, 84; diagnosticos.R líneas 41, 62, 99, 183";"robustez";"MEDIO";"La prosa puede publicar «NA» literalmente, y párrafos enteros pueden desaparecer sin dejar rastro";"Dos modos de fallo opuestos y ninguno visible. (a) PUBLICAR «NA»: num_co() es formatC(), así que num_co(NA) devuelve la cadena «NA», y pct_co sobre un NaN devuelve «NaN %». No hay guarda en ninguna de las dos. Doce sitios de secciones.R imprimen la razón de perfil_brecha(), que devuelve NA_real_ POR DISEÑO cuando el mínimo es cero. Saldría «con una razón de NA a 1 entre los extremos». Comprobado que está cerca: en vias_area la vía primaria tiene diez ceros de trece municipios. El párrafo de apertura del borrador es el más expuesto porque no pasa por el filtro .p() que protege a las secciones: si falta demografia.xlsx diría «una población proyectada de NA habitantes… el NaN % reside en zona rural». (b) DESAPARECER: perfil_concentracion(), perfil_brecha(), extremos() y grado_ruralidad() devuelven NULL cuando no pueden calcular; el llamante hace conc$clase, que es NULL, y sprintf() con un argumento de longitud cero devuelve character(0). El párrafo completo se evapora sin error, sin aviso y sin hueco. Como .bloque() emite el encabezado siempre, el resultado es una sección con título y nada debajo. Lo mismo con las figuras y las tablas ausentes, que devuelven character(0) sin avisar. Los sitios hermanos que SÍ llevan guarda —secciones.R líneas 177, 400, 422, 1187, 1415— demuestran que el patrón es conocido.";"El documento sale incompleto y se ve terminado; nadie cuenta las secciones vacías ni el proceso termina distinto. Y en el caso opuesto publica «NA» en un informe. Los dos se disparan con la misma causa: una hoja que no se generó, que es el estado habitual de una corrida parcial.";"Una línea en 02_tema.R arregla la mitad: que num_co/pct_co devuelvan «—» para valores no finitos (cubre NA, NaN e ±Inf a la vez). Para la otra mitad, que .bloque() emita una línea explícita cuando no tiene contenido y acumule un contador de secciones vacías que se imprima al cerrar cada provincia y se devuelva desde generar_borradores().";"bajo";"abierto"
"F-2-059";"2";"2026-08-18";"documento";"02_Code/05_documento/R/secciones.R";"líneas 1394-1400; origen en 03_tablas/10_seguridad.R línea 180";"nombre_columna";"MEDIO";"La prosa pide la columna «Hectáreas de coca (2023)» por su nombre con el año dentro; si la entrega cambia de año, el informe afirma que no hay coca";"La tabla construye el nombre de la columna con el encabezado de la fuente: «coca_ha = sprintf(""Hectáreas de coca (%s)"", c_ha)», y el comentario del script advierte que «el encabezado es el año, ""2023"" en la entrega vigente». La prosa lo pide literal: «ha <- sum(.num(m[[""Hectáreas de coca (2023)""]]), na.rm = TRUE)». Lo que convierte esto en algo peor que una desaparición silenciosa: con otro año, m[[...]] devuelve NULL, .num(NULL) devuelve numeric(0), y sum(numeric(0), na.rm = TRUE) devuelve CERO, no NA. La condición «ha == 0» se cumple y el borrador AFIRMA: «La Provincia no registra hectáreas de cultivos de coca en la fuente disponible». Para Bioenergética del Norte eso sustituiría las 9.394,31 hectáreas que hoy publica el borrador —concentradas en Valdivia (4.726,85) y Anorí (2.089,32)— por una negación categórica. HOY NO SE DISPARA: la columna existe y el total recalculado coincide exactamente con la fila TOTAL PROVINCIA.";"La actualización rutinaria de una fuente —la regla 7 del anexo, «actualizar es cambiar de corte»— convertiría una cifra de titular en su negación, en el párrafo de economías ilegales de las once provincias. Es el único sitio del proyecto donde un cambio de corte produce una afirmación falsa en vez de un hueco.";"Localizar la columna por patrón —grep(""^Hectáreas de coca"", names(coca))— y, si no aparece, no emitir nada en lugar de emitir el cero. Y leer el total con valor_agregado() de la fila publicada en vez de sumar los municipios.";"bajo";"abierto"
"F-2-060";"2";"2026-08-18";"documento";"02_Code/05_documento/R/diagnosticos.R; R/frases.R";"diagnosticos.R líneas 15-17, 24-28, 186-188; frases.R línea 105";"umbral_a_mano";"MEDIO";"Los umbrales que convierten un número en un adjetivo no están declarados en el anexo, dos están fuera del bloque único, y hay dos criterios de materialidad distintos";"El encabezado del bloque de umbrales promete dos cosas: que están «fijados aquí, en un solo sitio» y que «se declaran en el anexo metodológico». Las dos fallan. (a) Dos umbrales más están escritos en línea, fuera del bloque: «clase = if (p >= 0.6) ""predominantemente rural"" else if (p >= 0.4) ""de equilibrio urbano-rural"" else ""predominantemente urbana""». (b) Buscados en 04_Docs/anexo_metodologico.tex los términos «0,35», «0.35», «0,22», «umbral», «concentrad», «Herfindahl» y «predominantemente rural»: CERO coincidencias. Los adjetivos «muy concentrada», «muy amplia» y «predominantemente rural» se publican en los once informes sin fuente declarada. (c) Hay dos umbrales de materialidad distintos para el mismo juicio: UMBRAL_DIFERENCIA = 0.05 en diagnosticos.R y umbral = 0.01 en comparativo() de frases.R. Una diferencia del 3 % es «prácticamente igual» para una función y «superior al» para la otra.";"Los adjetivos son lo que el lector recuerda de un diagnóstico. Que un territorio sea «predominantemente rural» o «de equilibrio urbano-rural» depende de un 0,6 que no está documentado en ninguna parte, y el propio código afirma que sí lo está. Es además incumplimiento de la exigencia que el proyecto se puso a sí mismo.";"Mover 0.6 y 0.4 a una constante del bloque, unificar el umbral de materialidad, y añadir al anexo metodológico una tabla con las constantes y su valor. Como control barato, una comprobación en check_pipeline.R que compare las constantes del código con las del .tex.";"bajo";"abierto"
"F-2-061";"2";"2026-08-18";"documento";"02_Code/05_documento/generar_borrador.R; R/secciones.R; 02_Code/03_tablas/";"generar_borrador.R línea 278; secciones.R líneas 24-28 y 103-104";"formato";"MEDIO";"Tres redondeos distintos para la misma cifra: la prosa, la tabla del propio documento y el .xlsx no coinciden";"La precisión la decide quien imprime, no el indicador. La tabla Markdown la infiere del contenido («dec <- if (todos enteros) 0 else 2»); la prosa la fija por función (.f0, .f1, .fkm2 con cero decimales); y el .xlsx la declara en escribir_hoja (area_km2 = ""#,##0.0""). El resultado para una misma área municipal: «1.235 km²» en el párrafo, «1.234,56» en la tabla del mismo documento y «1.234,6» en el .xlsx publicado. Lo mismo con la densidad.";"El lector encuentra dos cifras distintas para el mismo dato en la misma página, y una tercera si abre el anexo de tablas. No hay error de cálculo, pero sí una pérdida de confianza difícil de explicar, y dificulta el trabajo de quien verifique el informe contra las tablas.";"Que la precisión sea una propiedad declarada del indicador y no de quién lo imprime. Lo más barato sin refactor: pasar a .tabla_md un vector de decimales por columna derivado del mismo sitio del que salen los formatos de escribir_hoja().";"medio";"abierto"
"F-2-062";"2";"2026-08-18";"documento";"02_Code/05_documento/R/secciones.R; R/frases.R; R/diagnosticos.R; generar_borrador.R";"secciones.R líneas 831, 836, 1007, 1341, 310, 953, 1075; frases.R línea 71; diagnosticos.R líneas 166-177; generar_borrador.R líneas 365, 370-372";"redaccion";"BAJO";"Sin funciones de concordancia: «1 municipios», «1 registros» y una frase que no encaja gramaticalmente con su plantilla";"No hay ningún helper de plural o género en la capa de documento. Casos concretos: sprintf(""%d municipios"", 1) da «1 municipios»; «repartidas en %d registros» da «1 registros»; «con %d municipios» da «1 municipios»; y si los municipios de fuera pertenecen a subregiones distintas sale «a la subregión Occidente y Nordeste», que exige «a las subregiones». Caso aparte, y este sí gramaticalmente roto por diseño: frase_contiguidad() devuelve «sin vecindad entre sí» —una locución preposicional— donde las otras dos ramas devuelven sintagmas nominales, y el llamante escribe «los %d municipios con los valores más %s forman %s». Sale «forman sin vecindad entre sí», y ocurre siempre que los tres extremos estén dispersos, que es el caso común, en al menos seis secciones. Además y_lista() tiene la regla «y»→«e» incompleta: la condición hace inalcanzable la rama de la H («Andes y Hispania» debería ser «e Hispania») y falta la regla «o»→«u». HOY NO SE DISPARAN los casos de valor 1: la provincia más pequeña tiene cinco municipios y no hay municipio antioqueño que empiece por «Hi-». El caso de la contigüidad sí está disparado.";"Erratas de redacción en un documento que se entrega. Ninguna afecta a una cifra. Se registran juntas porque comparten causa y porque el propio proyecto resuelve bien la concordancia en un sitio (secciones.R línea 804, «%d central%s»), lo que demuestra que el patrón es conocido.";"Un par de funciones «plural(n, sing, plur)» y «articulo(n, ...)» en frases.R, usadas en los siete sitios; que las tres ramas de frase_contiguidad devuelvan sintagmas homogéneos («un patrón disperso, sin vecindad entre sí»); y completar y_lista con las reglas «y»→«e» ante «hi-» y «o»→«u».";"bajo";"abierto"
"F-2-063";"2";"2026-08-18";"documento";"02_Code/05_documento/generar_borrador.R; generar_esqueleto.R; 06_comparativo/generar_comparativo.R";"generar_borrador.R líneas 256-259 y 342; generar_esqueleto.R líneas 202-203; generar_comparativo.R línea 75";"idempotencia";"BAJO";"La fecha del sistema entra en un archivo versionado, así que dos corridas del mismo commit dan .md distintos";"«sprintf('date: ""%s""', .fecha_es())» escribe Sys.Date() en el encabezado YAML de los once borradores, los once esqueletos y el comparativo, y los .md se versionan (el .gitignore solo excluye los .docx). Verificado: los doce archivos entregados dicen date: ""10 de agosto de 2026"". En la misma familia: sort(list.files(...)) para numerar las figuras depende de la configuración regional de ordenación de la máquina; y hay dos mecanismos distintos de codificación al escribir —writeLines(..., useBytes = TRUE) en el borrador y file(..., encoding = ""UTF-8"") en el esqueleto—, que dan el mismo resultado en un R con locale UTF-8 pero no necesariamente en Windows con locale es_CO.1252.";"Regenerar los borradores ensucia el diff aunque no haya cambiado ningún dato, y hace imposible responder «¿cambió algo desde la última corrida?» con git diff — que es justamente la comprobación de idempotencia que la fase 3 quiere hacer.";"Tomar la fecha de una variable de entorno con Sys.Date() por defecto, para poder fijarla al comparar corridas; usar sort(..., method = ""radix""); y unificar la escritura en writeLines(enc2utf8(L), ..., useBytes = TRUE).";"bajo";"abierto"
"V-2-006";"2";"2026-08-18";"metodo";"02_Code/05_documento/; 02_Code/06_comparativo/";"varias";"verificacion";"NOTA";"VERIFICADO OK — ocho decisiones correctas del documento y el comparativo, incluida la comprobación exhaustiva de hojas y columnas";"1) COMPROBACIÓN EXHAUSTIVA: se contrastaron las 54 llamadas a hoja_publicada() y los ~85 literales de columna de secciones.R contra las hojas y encabezados reales de los seis .xlsx publicados y contra los escribir_hoja() de 03_tablas. NINGUNA hoja ni columna inexistente, incluida «eventos_año» con la ñ. Es el riesgo principal de una capa que accede por nombre literal, y está limpio. 2) Las unidades de la prosa son correctas: las columnas rotuladas (%) guardan fracciones y .fpct() multiplica por 100 exactamente una vez, verificado en tres sitios. 3) La regla 8 se respeta donde importa: el tapply por año de emergencias se hace sobre solo_municipios(), y la suma recalculada reproduce exactamente las seis filas de total publicadas. 4) Dengue, malaria y leishmaniasis NO se rankean entre sí en la prosa: van en párrafos separados con la advertencia explícita de que la leishmaniasis se mide sobre población rural. Es la regla 6 respetada en la redacción — y contrasta con F-2-036, donde la figura sí las suma. 5) MDM, IDF y Ley 617 no se promedian y el texto explica por qué; la prosa no llama a valor_agregado() sobre hojas que deliberadamente no tienen fila agregada. 6) La fecha del informe no depende del locale, con el motivo escrito («format() depende del locale y en esta máquina devuelve ""August""»); y al vaciar la plantilla .docx se eliminan también las relaciones huérfanas, «porque una relación colgando sin archivo hace que Word declare el documento dañado». Los dos son errores clásicos, previstos. 7) En el comparativo, rank(sentido * -v, na.last = ""keep"", ties.method = ""min"") toma bien las tres decisiones difíciles del ranking; el «sentido» es un campo obligatorio del catálogo, completo para los 34 indicadores; y los que no tienen orientación normativa se excluyen del ranking Y la exclusión se explica en la nota al pie de la figura. 8) La sección de límites metodológicos del comparativo advierte que con once observaciones las correlaciones no sostienen inferencia causal, que los cortes no son simultáneos y que los puestos son ordinales — y por eso NO construye un índice sintético. La ausencia es deliberada y está justificada.";"El punto 1 es el más valioso para la fase 4: descarta de un golpe toda una familia de fallos silenciosos (párrafos que desaparecen por un nombre mal escrito) sin tener que correr nada. Y el punto 4 da el argumento para F-2-036: el autor ya escribió el tratamiento correcto de la leishmaniasis en la prosa; falta aplicarlo en la figura.";"Ninguna. Se registra para no volver a revisarlo y para citarlo en las propuestas.";"";"cerrado"
"F-2-064";"2";"2026-08-18";"documentacion";"02_Code/99_checks/generar_tablas_anexo.R";"función generar(): líneas 426-427, 453-456, 470, 498, 502, 518-519, 573-574, 588-590";"orquestacion";"ALTO";"Las cifras del anexo metodológico se generan de la última corrida, sea completa o parcial, sin ningún conteo de provincias";"Las veinte macros que el anexo cita —\cifraFiguras, \cifraAgregados, \cifraIndicadores, \cifraBanderasRojas, \cifraProsaAuditada…— salen de contar filas de los CSV que produce la auditoría: «macros$cifraFiguras <- .n(nrow(fig))», «macros$cifraAgregados <- .n(nrow(prov_rows))». Esos CSV cubren las provincias que hayan corrido, y en ninguna parte del script se cuenta cuántas son ni se comprueba que sean once. Que el problema es real y no teórico lo demuestra el propio archivo: la tabla T8 SÍ divide por el número de provincias presentes —«figuras = sum(g$tipo == ""Figura"") / length(unique(g$provincia))»— mientras la macro de la línea siguiente NO lo hace. El autor identificó la necesidad en la tabla y no en la macro. Y hay una degradación silenciosa añadida: T5, T7, la redacción y el panel están envueltos en «if (file.exists(...))», así que si el CSV no está la macro simplemente no se define. Cuatro de las veinte macros pueden desaparecer sin que el script diga nada. CORREGIDO 2026-08-20 (corrección 14 de CORRECCIONES.md). DECISIÓN DE PABLO: no abortar, sino emitir la cobertura real. generar() cuenta al principio las provincias presentes en los tres CSV que llevan columna provincia —C1_cobertura_municipal, D1_agregados y F1_figuras—, publica el resultado como macro \cifraProvinciasCorridas y emite warning() nombrando las que faltan si no son todas. El contraste es contra PROVINCIAS, no contra un 11 escrito a mano. Los tres CSV se leen una sola vez, al principio, en vez de dos veces: se retiran las lecturas duplicadas de las líneas 473, 535 y 556. La nota de T4 deja de decir «las once provincias» y pasa a decir el número auditado. TOCA EL DOCUMENTO: es la primera corrección de la fase que edita 04_Docs/anexo_metodologico.tex — línea 695, afirmación de cobertura, pasa a citar \cifraProvinciasCorridas; línea 79, hecho estructural de la tabla T1, pasa a citar \cifraProvincias. Las otras cinco menciones de «once» se dejan: dos son estructurales, una es narrativa, una pertenece a F-2-054 y otra a auditoria_redaccion.R, que recorre PROVINCIAS$id sin ids de CLI y por tanto no la gobierna esta macro. VERIFICADO: se compiló con pdflatex un documento mínimo con las dos frases editadas y la macro nueva; 0 errores. NO se pudo compilar el anexo entero porque requiere los fragmentos T1..T11.tex, que produce el propio script. NO SE TOCÓ, a propósito, la desaparición silenciosa de macros por los if (file.exists(...)) de T5, T7, redacción y panel: LaTeX no compila con una macro sin definir, así que ese fallo ya es ruidoso. AVISO: cifras.tex sigue publicando \cifraMunicipios{88}; son 90 desde la corrección 1 y solo se pondrá al día tras una corrida completa seguida de auditoria_end_to_end.R y de este script.";"El anexo metodológico es el documento que describe el flujo ante terceros, y su promesa de apertura es «no lleva ninguna cifra escrita a mano… si el pipeline cambia, se vuelve a correr esto y el anexo queda al día». Corrido tras una ejecución parcial, publica como totales del sistema las cifras de las provincias que alcanzaron a correr, con la misma autoridad. Es la tercera aparición del mismo patrón —F-2-035 en el mapa departamental y F-2-054 en el comparativo— y la más grave de las tres, porque aquí el número se convierte en una afirmación del documento metodológico. La desaparición de macros, en cambio, es un fallo ruidoso: LaTeX no compila con una macro sin definir. Eso está bien y no se registra como defecto.";"Contar las provincias representadas en A1/D1/F1 al empezar generar(), y o bien abortar si no son las once —el script ya aborta cuando falta un CSV, así que el patrón está—, o bien emitir una macro \cifraProvinciasCorridas y que el anexo la cite allí donde hoy dice «las once». Independientemente de eso, corregir \cifraFiguras (ver F-1-001).";"medio";"corregido"
"F-2-065";"2";"2026-08-18";"documentacion";"02_Code/99_checks/generar_tablas_anexo.R";".llave_minima() líneas 170-205; nota de T9 líneas 584-587; macro línea 590";"sobreafirmacion";"MEDIO";"«Sin llave única» puede ser el límite de la búsqueda y no una propiedad del dato, pero el anexo lo publica como propiedad verificada";"La idea es buena y está bien argumentada: la llave no se declara, se busca. Pero la búsqueda tiene tres cortes que el resultado no distingue de un hallazgo real. (a) «cand <- utils::head(cand, 12)» — si la llave real incluye una columna que quedó en el puesto 13 del orden por cardinalidad, no se encuentra. (b) «max_k = 3» — una llave de cuatro columnas nunca se encuentra. (c) «completas <- vapply(d, function(x) !any(is.na(x)), logical(1))» — una columna con un solo NA queda fuera de las candidatas, así que una llave legítima con vacíos nunca se detecta. Cuando la búsqueda falla por cualquiera de las tres razones, .llave_minima() devuelve NA y el resumen escribe literalmente «sin llave única», que es una afirmación sobre los datos. La macro «macros$cifraSinLlave» cuenta esos casos y el anexo la cita. Y la nota de la tabla T9 sube la apuesta: «La llave no se declara: se busca en cada corrida probando combinaciones de columnas hasta encontrar la más pequeña sin repeticiones. Así deja de ser una promesa y pasa a ser una propiedad verificada».";"Un derivado que sí tiene llave puede aparecer en el anexo como que no la tiene, y la granularidad correspondiente sale como «no determinada». Quien lea la tabla concluirá que ese derivado admite duplicados, que es una afirmación fuerte sobre la calidad del dato y puede ser falsa. El problema no es la técnica —buscar la llave es mejor que declararla— sino que el resultado no distingue «busqué y no hay» de «no busqué lo suficiente».";"Devolver tres estados en vez de dos: llave encontrada, «sin llave única en ≤3 columnas» y «búsqueda incompleta» cuando se alcanzó el tope de 12 candidatas o se descartaron columnas por tener vacíos. Reflejarlos en la tabla y ajustar la nota, que puede seguir diciendo lo mismo pero acotado: «propiedad verificada hasta tres columnas».";"bajo";"abierto"
"F-2-066";"2";"2026-08-18";"documentacion";"02_Code/99_checks/generar_tablas_anexo.R; 04_Docs/anexo_metodologico.tex";"notas de T8 (líneas 571-572) y de T4 (líneas 482-486 y 493-497)";"documentacion_vs_codigo";"MEDIO";"Dos notas del anexo afirman propiedades que el código no cumple: los datos exactos de cada figura y la legitimidad de «OTRA»";"(a) La nota de T8 afirma: «Cada pieza se exporta en PNG a 300 dpi y en PDF vectorial, y deja sus DATOS EXACTOS en una hoja del .xlsx de la sección». La segunda mitad no se cumple en al menos cuatro sitios ya registrados: la dotación vial total del titular no está en la hoja (F-2-039), la «carga» que decide el titular de vectores tampoco (F-2-036), las participaciones impresas en las barras apiladas de la sección 06 tampoco (F-2-048), y ninguna hoja guarda la línea de referencia que la figura dibuja. (b) La tabla T4 traduce la categoría «OTRA» de la auditoría por «Otro ponderador declarado en el script», y la nota lo desarrolla: «reúne los casos en que el pipeline pondera por nacimientos, población escolar, área o matrícula, o recalcula una tasa agregada sobre la suma». Pero «OTRA» es la rama «else» de .clasificar_agregado(): significa «ninguna de las cuatro fórmulas probadas reproduce el valor», no «ponderador declarado». Es exactamente el sobrealcance registrado en F-1-018, aquí convertido en texto publicado del anexo.";"El anexo es el documento con el que el proyecto se presenta a terceros; que dos de sus notas afirmen propiedades que el código no garantiza convierte hallazgos técnicos en afirmaciones documentales. El caso (b) es el más serio: presenta como decisiones metodológicas deliberadas al 36,7 % de las celdas agregadas que ningún control logró reproducir.";"(a) Cumplirlo —escribir en la hoja las cifras que la figura imprime, ver F-2-039 y F-2-042— o acotar la nota a «los datos de las series representadas». (b) Reetiquetar «OTRA» como «No reproducida por ninguna de las cuatro fórmulas probadas» y mover la enumeración de ponderadores a una categoría propia que sí se verifique.";"bajo";"abierto"
"F-2-067";"2";"2026-08-18";"documentacion";"02_Code/99_checks/generar_tablas_anexo.R";".tex() líneas 47-55; mapeo de fórmulas líneas 482-486";"robustez";"BAJO";"El escapado de LaTeX escapa dos veces la barra invertida, y una categoría nueva de agregación saldría con la etiqueta vacía";"(a) .tex() sustituye primero la barra invertida por «\textbackslash{}» y DESPUÉS escapa las llaves con «gsub(""([&%$#_{}])"", ""\\\\\\1"", x)». Las llaves que acaba de introducir el primer paso entran en el segundo, así que una barra invertida en una celda se publica como «\textbackslash\{\}», que LaTeX imprime como «\{}» en vez de «\». Se arregla invirtiendo el orden o usando un marcador temporal. (b) El mapeo de nombres de fórmula de T4 es un vector con nombres: «tab$formula <- c(suma = ..., promedio = ..., mediana = ..., ponderado_poblacion = ..., OTRA = ...)[tab$formula]». Si .clasificar_agregado() incorporara una quinta categoría, la búsqueda devolvería NA, .tex(NA) devuelve cadena vacía y la tabla del anexo publicaría una fila con el recuento y la etiqueta en blanco. NINGUNO SE DISPARA HOY: no hay barras invertidas en los nombres de insumo (las rutas del CSV usan «/») y las categorías son las cinco previstas.";"Menor. Se registran porque el escapado es el punto donde un carácter inesperado rompe la compilación del anexo, que es el único artefacto del proyecto que se compila, y porque los dos arreglos son de una línea.";"(a) Escapar primero los cinco caracteres simples y sustituir la barra invertida al final, o pasar por un marcador que no contenga llaves. (b) Añadir una rama por defecto al mapeo que deje el nombre crudo de la categoría en vez de NA.";"bajo";"abierto"
"F-2-068";"2";"2026-08-18";"control";"02_Code/99_checks/hoja_contactos.R";"líneas 50 y 61-84";"robustez";"BAJO";"La hoja de contactos borra las hojas anteriores antes de saber si puede generar las nuevas";"«unlink(list.files(destino, pattern = ""^hoja_contactos_.*\\.png$"", full.names = TRUE))» ocurre antes del bucle que las genera. Si alguna figura está corrupta o truncada, png::readPNG() aborta a mitad y quedan las hojas ya escritas más el hueco de las que se borraron y no se rehicieron. CONTRAPESO —y por eso es BAJO—: la comprobación de paquetes está bien puesta. El script exige png y grid con requireNamespace() y un mensaje que dice cómo instalarlos, y NO comprueba ragg porque no hace falta: ragg está en PAQUETES de 00_config.R y cargar_paquetes() se ejecuta al cargar la configuración, abortando si falta. La aparente omisión es correcta.";"Se pierde el material de revisión anterior sin obtener el nuevo. Trivial de recuperar volviendo a correrlo, pero el orden correcto es gratis.";"Escribir a un directorio temporal y sustituir al final, o borrar solo tras generar la última hoja.";"bajo";"abierto"
"N-2-001";"2";"2026-08-18";"metodo";"02_Code/99_checks/hoja_contactos.R";"cabecera, líneas 4-7";"observacion";"NOTA";"OBSERVACIÓN — el proyecto tiene una herramienta hecha para detectar el defecto de F-1-010, y no se corrió";"La cabecera de hoja_contactos.R declara su propósito: «Junta en una sola imagen las figuras generadas, para revisarlas de un vistazo antes de llevarlas al informe: se ven ahí los problemas que ningún chequeo numérico detecta (TEXTO CORTADO, ETIQUETAS ENCIMADAS, ejes ilegibles, proporciones raras)». «Etiquetas encimadas» es literalmente F-1-010: los mapas generados sin ggrepel salieron con «Angostura» y «Guadalupe» superpuestas hasta ser ilegibles, y el pipeline los dio por buenos. En 03_Outputs/Bioenergetica_Norte no existe la carpeta _revision, así que la herramienta no se ejecutó.";"No es un defecto del código: es un control que existe, está bien pensado y no está en el flujo. run_all.R no lo invoca y ninguna documentación lo pone como paso obligatorio antes de entregar. El resultado es que el único control del proyecto capaz de detectar defectos visuales quedó como una utilidad opcional que nadie recuerda correr.";"Añadirlo como paso 3.6 de la fase 3 de esta auditoría —correr hoja_contactos.R para las provincias que se generen y revisar las hojas— y proponer al autor que run_all.R lo invoque al cerrar cada provincia, o al menos que la lista de verificación previa a la entrega lo incluya.";"bajo";"abierto"
"V-2-007";"2";"2026-08-18";"metodo";"02_Code/99_checks/generar_tablas_anexo.R; 02_Code/99_checks/hoja_contactos.R";"varias";"verificacion";"NOTA";"VERIFICADO OK — seis decisiones correctas del generador del anexo, y la mejor idea de todo el proyecto";"1) LA IDEA CENTRAL ES CORRECTA Y ESTÁ BIEN EJECUTADA: el anexo no lleva ninguna cifra escrita a mano. Las tablas son fragmentos .tex generados y las cifras del texto son macros (\newcommand{\cifraInsumos}{...}), de modo que el documento no puede quedar desactualizado respecto del pipeline sin que alguien lo note. Es infrecuente y es la razón por la que los hallazgos de este lote son sobre los bordes y no sobre el planteamiento. 2) El esquema de los derivados se lee de los .parquet reales, con el motivo escrito: «Un esquema escrito a mano describe lo que el autor creía que había; este describe lo que hay». 3) La llave se busca en vez de declararse (el reparo de F-2-065 es sobre cómo se reporta el fallo de la búsqueda, no sobre la idea), y se excluyen explícitamente las columnas de medida con la razón correcta: «que ninguna pareja (Total, Hombres) coincida es una casualidad de los datos, no una propiedad de la tabla». 4) El DAG del pipeline se dibuja desde A1_procedencia.csv, que sale de leer el código: «Un diagrama dibujado a mano envejece en silencio: este no puede discrepar del pipeline porque se deriva de él». 5) El escapado de LaTeX está centralizado en un solo punto y con el motivo anotado —«Todo entra como texto plano y se escapa aquí, una sola vez. Preescapar en el origen imprimía la barra invertida»—, y .partible() permite partir los nombres largos de derivado, que si no desbordan su columna. Son dos problemas reales de composición, previstos. 6) Las tablas largas van como longtable con el encabezado repetido en cada página, con el motivo: «un esquema de 460 filas es ilegible si hay que volver a la primera página para saber qué columna se está mirando». 7) Los dos scripts tienen la guarda de autoejecución por --file= y abortan con un mensaje que dice qué correr antes cuando falta un CSV de la auditoría.";"Cierra la fase 2 con una conclusión que conviene decir en el informe: el anexo metodológico es la pieza mejor construida del proyecto, y su mecanismo —generar la documentación desde el dato— es el que habría que extender a los sitios donde sí hay cifras escritas a mano (F-2-057, F-2-060, F-2-048).";"Ninguna. Se registra para no volver a revisarlo y para citarlo en las propuestas.";"";"cerrado"
"V-3-001";"3";"2026-08-18";"ejecucion";"02_Code/03_tablas/ (10); 02_Code/04_figuras/ (10)";"punto 3.2 del plan";"verificacion";"NOTA";"VERIFICADO OK — los veinte scripts de tablas y figuras funcionan por sí solos: 20 de 20, sin un solo aviso";"Corrida de Pablo del 2026-08-17 23:34, R 4.6.1 en Windows. Cada script se probó en una SESIÓN DE R NUEVA Y LIMPIA (Rscript --vanilla), cargando únicamente 00_config.R y llamando a su función: tabla_x(prov) para los diez de 03_tablas, y tabla_x(prov) seguida de figuras_x(prov, tabla) para los diez de 04_figuras. RESULTADO: 20 OK, 0 con avisos, 0 fallos. Tiempos de 3 a 28 segundos. Ninguno depende de que run_provincia.R haya dejado algo cargado en memoria, y ninguno emitió un warning de R. Como efecto colateral, la corrida generó por primera vez las secciones 06 y 08 de Bioenergética del Norte, que no existían en el material auditado.";"Cierra el punto 3.2 del plan, que era el control específico para la forma de trabajar de Pablo: un script que solo corre dentro del orquestador es una trampa para quien lo abra en RStudio y le dé a Source. No hay ninguno. Y el «0 avisos» es más informativo de lo que parece: los warnings de R son el sitio donde suelen esconderse las coerciones silenciosas —as.numeric() sobre texto, NAs introducidos por coerción— y no aparece ninguno en las veinte ejecuciones.";"Ninguna. Se registra como propiedad verificada del pipeline.";"";"cerrado"
"F-3-001";"3";"2026-08-18";"ejecucion";"02_Code/R/01_utils.R (escribir_hoja); salidas 03_Outputs/*/**.xlsx";"docProps/core.xml de cada libro publicado";"reproducibilidad";"BAJO";"Los libros de Excel no son comparables entre corridas ni entre máquinas: llevan dentro la hora de generación y el usuario del sistema";"Prueba de idempotencia del 2026-08-17: la misma provincia generada dos veces seguidas, 131 s cada corrida, comparando los 158 archivos con MD5. Resultado: 74 idénticos (TODOS los PNG), 74 distintos que son los PDF —esperable, cairo_pdf embebe la fecha— y 10 distintos que no son PDF: exactamente los diez .xlsx de las diez secciones. CAUSA COMPROBADA sobre el archivo real: docProps/core.xml de demografia.xlsx contiene «<dcterms:created>2026-08-18T04:40:22Z</dcterms:created>» y el mismo valor en dcterms:modified. Esa hora, en UTC−5, es 23:40:22, que coincide con el arranque de la segunda corrida (23:40:20). El mismo archivo trae «<dc:creator>Lenovo</dc:creator>» y «<cp:lastModifiedBy>Lenovo</cp:lastModifiedBy>»: el nombre de usuario de Windows viaja dentro de cada libro publicado. QUEDA UNA PREGUNTA ABIERTA, y conviene decirlo: está comprobado que la marca de tiempo está ahí y basta para que las huellas nunca coincidan; NO está comprobado que sea la ÚNICA diferencia. Para eso hace falta descomprimir los dos libros y comparar solo las hojas, lo que exige conservar las dos copias. Se resuelve en el próximo script. RESUELTA LA PREGUNTA ABIERTA (2026-08-18): se generó la misma sección dos veces, se conservaron las dos copias y se compararon las ocho piezas internas del .xlsx una a una. DIFIERE UNA SOLA: docProps/core.xml. Las hojas con los datos son idénticas byte a byte. El pipeline SÍ es idempotente; lo que no lo es son las propiedades del documento.";"Rebajado a BAJO tras la comprobación: no hay nada no determinista en el cálculo, que era la sospecha que justificaba la severidad anterior. Lo que queda es real pero acotado: no se puede usar la huella de un .xlsx para responder «¿cambió esta salida?», de modo que una comparación entre corridas —o un git diff sobre 03_Outputs— señalará siempre los diez libros y enterrará el cambio que sí importe. Y los libros que se entregan llevan el nombre de usuario de la máquina que los generó.";"openxlsx2 permite fijar las propiedades del documento: llamar a wb_set_properties(created = <fecha fija>, creator = ""Proyecto Provincias"", last_modified_by = ""Proyecto Provincias"") dentro de escribir_hoja() —o al cerrar cada libro— vuelve los .xlsx comparables entre corridas y entre máquinas, y de paso quita el nombre de usuario. Es el equivalente del seed = 1 que el proyecto ya puso en ggrepel, aplicado a la otra salida.";"bajo";"abierto"
"F-3-002";"3";"2026-08-18";"datos";"01_Data/00_Inputs/curados/PECUARIO_PROVINCIAS.xlsx, hoja «InvPorcino»";"años 2022 y 2023";"dato_duplicado";"MEDIO";"El inventario porcino de 2023 es copia exacta del de 2022 en los 123 municipios, y el informe lo publica como dos años distintos";"Comparados municipio a municipio los dos años de la hoja InvPorcino: 123 municipios comunes, 123 con valor IDÉNTICO. No es una coincidencia estadística: es el mismo año repetido. Los totales lo reflejan —2.560.952 porcinos departamentales en 2022 y exactamente 2.560.952 en 2023—. CONFIRMADO EN LA SALIDA PUBLICADA (hoja «inventario_pecuario» de desarrollo_rural.xlsx, Bioenergética del Norte): la fila de provincia publica 151.389 porcinos en 2022 y 151.389 en 2023. CONTRAPESO — no es un problema del archivo entero: se comprobaron las otras dos hojas de especie única y ninguna repite año. InvBovino y InvBufalino tienen los siete años distintos. El defecto está acotado a los porcinos.";"La serie pecuaria publica un año que no es una observación, y nada lo señala: el lector ve estabilidad perfecta del hato porcino entre 2022 y 2023 y la interpretará. Contamina además el «Total especies pecuarias» de esos dos años y cualquier lectura de tendencia. El archivo es un curado —un tablero que el equipo arma a mano en Excel, según la propia clasificación del proyecto—, así que es corregible sin tocar código; pero ningún control del pipeline detecta un año duplicado.";"Verificar con la fuente original si 2023 se dejó sin actualizar al armar el tablero. En cualquier caso, añadir a check_pipeline.R una comprobación barata y general: para cada serie por año de los insumos curados, avisar cuando dos años consecutivos sean idénticos en todos los municipios. Detecta este caso y cualquier otro del mismo tipo.";"bajo";"abierto"
"V-3-002";"3";"2026-08-18";"datos";"01_Data/01_Derived/poblacion_total_2025.parquet; poblacion_municipal_total_2025.parquet; ECV_oficial_agregados.parquet";"punto 3.3 bis del plan";"verificacion";"NOTA";"VERIFICADO OK — los tres derivados regenerados con los insumos nuevos reproducen los del autor";"Con el PPED y el ECV ya en 01_Data/00_Inputs, los dos scripts corrieron en sesiones limpias y sus derivados se compararon contra H4_esquemas_derivados.csv, la medición que el autor hizo en SU máquina y versionó. poblacion_total_2025: 375 filas, 9 de 9 columnas, ninguna diferencia. ECV_oficial_agregados: 16 filas, 51 de 51 columnas, ninguna diferencia. poblacion_municipal_total_2025: 1.123 filas, 95 de 95 columnas, y 92 de las 95 con el mismo número de valores distintos. Las tres que no coinciden lo hacen por +1 valor distinto cada una (P_j_T_12_28 1121->1122, IDE_M 1120->1121, P_ad_T_29_59_c 1102->1103). COMPROBACIÓN ADICIONAL para decidir si eso es un insumo distinto o precisión de coma flotante: se contrastaron las 104 columnas de los dos derivados de población contra la referencia en dos propiedades más —el primer valor no nulo formateado a seis cifras significativas, y el porcentaje de vacíos— y COINCIDEN TODAS. Las tres columnas discrepantes son razones almacenadas como double (valores del tipo 36,666666666666664 y 69,1588785046729): lo que ocurre es que un par de municipios que en la máquina del autor daban un valor idéntico aquí difieren en el último bit. Si el insumo fuera de otra vigencia se esperarían diferencias en los ejemplos, en los vacíos o en el número de filas, y no hay ninguna.";"Es el punto 3.3 bis del plan —reproducir los derivados del autor— logrado para los tres que se pudieron regenerar. Tiene dos consecuencias para lo que queda: la máquina de Pablo produce los mismos derivados que la del autor, así que cualquier diferencia que aparezca más adelante en una cifra publicada es del código o de la agregación, no del entorno; y la fase 4 puede reimplementar indicadores por habitante desde la fuente, que era lo que bloqueaba la ausencia del PPED.";"Ninguna. Se registra como propiedad verificada.";"";"cerrado"
"V-3-003";"3";"2026-08-18";"control";"02_Code/01_homogeneizacion/ecv_oficial_agregados.R";"líneas 103-131";"verificacion";"NOTA";"VERIFICADO OK — los 1.135 avisos de la ECV son ruido de una columna que el script no usa, y el script sí resuelve bien las trampas que sí importan";"La corrida de ecv_oficial_agregados.R terminó OK pero con 1.135 avisos del tipo «Expecting numeric in F206145 / R206145C6: got 'No disponible'». Comprobado sobre el archivo: (a) La celda F es la columna CV (coeficiente de variación), que el script NUNCA lee: solo usa Territorio, NomIndicador, Valor, Zona y Tipo. Los avisos son ruido. (b) Hay 1.134 filas cuya columna Zona dice «No disponible» y que el script descarta en silencio con filter(!is.na(z)). Se comprobó si alguna pertenece a los 16 indicadores del catálogo: NINGUNA. Son 1.125 filas de municipio —que el script filtra igualmente, porque solo conserva región, provincia y departamento— y 9 de departamento de otros indicadores. No se pierde nada. (c) Al inventariar el archivo apareció una trampa clásica: la columna Tipo trae «Departamento» (3.152 filas) y también «Departamento » con un espacio al final (3 filas). El script NO cae: normaliza con norm_txt() —que hace str_squish()— antes de comparar, y además detecta el nivel con str_detect(tipo, ""departamento"") en vez de con igualdad. Las tres filas entran.";"Descarta una alarma que parecía grande: 1.135 avisos en la primera ejecución de un script recién desbloqueado invitan a suponer que algo se rompió, y no se rompió nada —el derivado sale con las 51 columnas y las 16 filas de la referencia—. Y deja documentado que el manejo de la normalización de texto en este script es de los buenos del proyecto.";"Ninguna obligatoria. Si se quiere quitar el ruido —que puede tapar un aviso real el día que lo haya— basta con leer solo las cinco columnas que se usan, pasando col_types a leer_excel(); de paso evita cargar 520.067 filas por 8 columnas para quedarse con 16.";"";"cerrado"
"F-3-003";"3";"2026-08-18";"metodo";"04_Docs/revision/06_insumos_nuevos.R";"parte B, bloque de comparación contra H4";"instrumento";"BAJO";"DEFECTO DEL INSTRUMENTO DE AUDITORÍA — el comparador daba por buena la reproducción de un derivado que el script no llegó a escribir";"En la corrida del 2026-08-18, percepcion_seguridad.R FALLÓ y no escribió su derivado. Aun así, la tabla de comparación imprimió «percepcion_seguridad | filas 23216 | cols 8/8 | faltan 0 | sobran 0 | distintos != 0», que se lee como una reproducción perfecta. Lo que comparó fue el .parquet que ya estaba en el repositorio —el del autor— contra la medición que el propio autor hizo de ese mismo archivo. Es una comparación circular que siempre da cero. El defecto es mío, no del pipeline, y es exactamente la regla de procedencia aplicada a mi propio instrumento: el archivo que hay en disco no es necesariamente el que produjo esta corrida.";"Una lectura rápida del informe habría concluido que el derivado de percepción se reproduce bien, al lado de la línea que dice que su script falló. En este caso el contraste era evidente; en una corrida con más scripts no lo sería.";"CORREGIDO el 2026-08-18: el comparador solo se ejecuta para los scripts que terminaron OK, y además comprueba que la fecha de modificación del .parquet sea posterior al inicio de la corrida. Si no lo es, lo dice explícitamente en vez de comparar.";"bajo";"corregido"
"V-3-004";"3";"2026-08-18";"datos";"01_Data/01_Derived/percepcion_seguridad.parquet";"punto 3.3 bis del plan";"verificacion";"NOTA";"VERIFICADO OK — corregida la línea, el derivado de percepción se regenera y reproduce el del autor en las ocho columnas";"Aplicado el cambio C-001 (borrar el unlink de la línea 91), percepcion_seguridad.R corrió completo y escribió el derivado: «[derivado] percepcion_seguridad.parquet (23216 x 8, 88.3 Kb)» y «percepcion_seguridad: 23216 entrevistas, 9 subregiones». Sin errores. COMPARADO CONTRA H4_esquemas_derivados.csv, la medición del autor: las OCHO columnas coinciden en las tres propiedades medibles —número de valores distintos, porcentaje de vacíos y primer valor no nulo—. ESTUDIO 8 distintos, FECHAINI 256, B_SUBREGION 9, P1A/P2/P4A/P6 4 cada una, FACTOR_PONDERACION 2.972; 0 % de vacíos en todas; y los ejemplos idénticos hasta la sexta cifra (FACTOR_PONDERACION 4,70912). 23.216 filas, las mismas del autor. Esta vez la comparación NO es circular: el .parquet lo escribió esta corrida, no estaba de antes (el defecto del instrumento que causó el falso positivo anterior está registrado como F-3-003 y corregido).";"Cierra el punto 3.3 bis para los cuatro derivados que se podían regenerar. Con esto, los únicos derivados que esta máquina no reproduce son los que dependen de EMPAQUETAMIENTO_FIJO_3.csv, el insumo que sigue faltando. Y confirma que F-2-009 era lo único que separaba al proyecto de tener la percepción actualizada.";"Ninguna. Se registra como propiedad verificada.";"";"cerrado"
"F-3-004";"3";"2026-08-18";"lectura";"02_Code/01_homogeneizacion/percepcion_seguridad.R; 02_Code/R/01_utils.R (leer_excel)";"leer_excel() línea 361; uso en percepcion_seguridad.R línea 64";"tipo_de_columna";"MEDIO";"El microdato de la encuesta se lee sin declarar tipos: readxl adivina las 1.263 columnas con las primeras 1.000 filas y vacía las que se llenan después";"leer_excel() es readxl::read_excel(ruta, sheet, skip, .name_repair = ""minimal"") sin col_types, así que readxl infiere el tipo de CADA columna a partir de las primeras 1.000 filas (guess_max por defecto). En una encuesta de 1.263 columnas y 23.216 filas, muchas columnas están vacías en ese tramo inicial: readxl las tipa como «logical» y a partir de ahí cada valor real produce un aviso y se convierte en NA. MEDIDO EN LA CORRIDA DEL 2026-08-18: miles de avisos del tipo «Expecting logical in SF18625 / R18625C500: got '990'» y «Expecting logical in AVO18625 / R18625C1263: got '1;12;3'», sobre al menos diez columnas distintas (C99, C100, C500, C1263 y otras). HOY NO AFECTA A NINGUNA CIFRA, comprobado: las ocho columnas que el script conserva salen con 0 % de vacíos y con la misma cardinalidad que la referencia del autor (V-3-004). Las columnas mal tipadas son todas de las que se descartan.";"Es latente y silencioso. El día que una de las ocho columnas que sí se usan —o una nueva que se añada— venga vacía en las primeras 1.000 entrevistas, readxl la tipará como lógica, col_req() la encontrará igual (busca por nombre, no por contenido) y el derivado saldrá con 23.216 filas de NA en esa columna. No hay ninguna comprobación de que las columnas conservadas traigan datos, y el aviso que lo delataría quedaría enterrado entre varios miles del mismo tipo. La sección 10 publicaría una hoja vacía sin que nada falle.";"Declarar los tipos de las ocho columnas que se usan, que además evita leer y adivinar 1.263. Con readxl se puede pasar col_types = ""text"" y convertir después con a_numero(), que es lo que el script ya hace para seis de ellas; o guess_max = Inf si se prefiere no tocar la lógica. Y añadir una comprobación de una línea al final: si alguna de las ocho columnas sale con 100 % de vacíos, abortar con el nombre de la columna.";"bajo";"abierto"
"V-3-005";"3";"2026-08-18";"ejecucion";"02_Code/run_provincia.R; todo el pipeline";"punto 3.1 del plan";"verificacion";"NOTA";"VERIFICADO OK — corrida limpia de las once provincias: 121 etapas, 121 en OK, cero fallos";"2026-08-18 00:55, con 03_Outputs borrado de cero y los derivados completos salvo el de internet. Las once provincias corridas una a una: cada una devolvió «OK:11» —las diez secciones más los mapas—, es decir 121 etapas de 121 sin un solo ERROR, PENDIENTE ni TABLA OK. Tiempos muy estables, de 123 a 131 segundos por provincia; 23,2 minutos en total. Producción: 1.738 archivos — 110 .xlsx (11 provincias x 10 secciones), 814 .png y 814 .pdf.";"Cierra el punto 3.1 del plan. El pipeline corre completo y limpio en la máquina de Pablo, con los insumos que hay. Junto con V-3-001 (los veinte scripts corren aislados), V-3-002 y V-3-004 (los derivados reproducen los del autor) y F-3-001 (las salidas son idempotentes), la conclusión de la fase 3 es que EL PIPELINE FUNCIONA. Los 102 hallazgos abiertos son sobre lo que calcula, no sobre si corre. Conviene decirlo así en el informe: es un pipeline que se ejecuta de forma fiable y cuyos problemas están en el contenido.";"Ninguna.";"";"cerrado"
"F-4-001";"4";"2026-08-18";"trazabilidad";"02_Code/03_tablas/ (02, 03, 04, 05, 08, 09); 02_Code/R/01_utils.R (agregar_totales)";"todas las llamadas a agregar_totales() con promedio_ponderado";"verificabilidad";"ALTO";"El ponderador de los agregados no se publica en ninguna parte, así que ninguna cifra ponderada del informe se puede verificar";"REIMPLEMENTACIÓN INDEPENDIENTE (fase 4, 2026-08-18). Se intentaron reproducir, desde las filas municipales de cada hoja, las 2.615 filas de total PROVINCIAL de las diez secciones en cuatro provincias (Agroindustrial del Occidente, Agua Bosques y Turismo, Área Metropolitana y Bioenergética del Norte), con tolerancia relativa 1e-6. Reproducidas 1.809 (69,2 %); sin reproducir 806 (30,8 %). LA CAUSA ES ÚNICA Y ESTÁ COMPROBADA: 13 de las 16 hojas donde quedan celdas sin reproducir NO PUBLICAN NINGUNA COLUMNA QUE PUEDA SER SU PONDERADOR, y en las tres restantes lo que publican es el propio indicador, no el peso. El código sí los declara —pob_peso, poblacion_5_16, nac2024, nac, habitantes_total, pob—, pero ninguno viaja a la hoja. Las dos hojas que concentran el 73 % de los casos son «icm» (420 celdas, ponderada por la población DEL AÑO de una serie 2010-2024) y «educacion» (168, ponderada por población escolar): ambas son series por año y ninguna publica su peso. ESTO EXPLICA F-1-018 desde fuera: el control del propio proyecto deja el 36,7 % de las celdas en «OTRA» porque choca con la misma pared, solo que desde dentro. No es que esas celdas usen «otro ponderador declarado en el script»: es que el ponderador no está en ningún sitio donde se pueda comprobar. EXTENDIDO A LAS ONCE PROVINCIAS (2026-08-18): 7.142 filas de total provincial evaluadas, 4.946 reproducidas (69,3 %) y 2.196 no. La tasa es idéntica a la de las cuatro primeras provincias (69,2 %), lo que descarta que dependa de la provincia. Y la concentración se mantiene: «icm» aporta 1.154 casos (el 52,6 % del total) y con «educacion» llegan al 73,5 %; sumando «imca», «gobierno_digital» y «valor_agregado» se alcanza el 89,3 %. Las cinco son hojas cuyo ponderador no se publica.";"Casi un tercio de las cifras agregadas del informe no las puede verificar nadie: ni un lector, ni esta auditoría, ni el propio autor dentro de seis meses, ni el control automático del proyecto. Y son justamente las cifras delicadas —las que la regla 6 obliga a ponderar—, es decir aquellas donde un error de ponderador cambia el número sin cambiar su plausibilidad. Los casos ya registrados lo ilustran: F-2-027 (leishmaniasis ponderada por población total en vez de rural, 14,3 % de sesgo) y F-2-022 (tránsito a educación superior con promedio simple, 3,8 puntos) solo se detectaron leyendo el código, no comprobando la salida — porque la salida no se puede comprobar. Es además el punto donde la regla 11 del anexo se queda a medias: la cifra queda registrada, pero no queda registrado lo que hace falta para reproducirla.";"Publicar el ponderador junto a la cifra. Dos formas, de menor a mayor cambio: (a) añadir la columna de peso a la hoja, como YA se hace bien en las hojas de restitución («Población (2025)») y de bajo peso, que por eso sí se reproducen; (b) si estorba en la tabla del informe, escribir una hoja hermana «_pesos_<hoja>» con ind_mpio y el peso usado, igual que ya se escribe una hoja por figura. El beneficio es doble y desproporcionado respecto al esfuerzo: cualquiera puede recomputar el agregado, y auditoria_end_to_end.R dejaría de clasificar el 36,7 % de sus celdas como «OTRA» para pasar a verificarlas de verdad.";"medio";"abierto"
"V-4-001";"4";"2026-08-18";"calculo";"03_Outputs/ (4 provincias, 10 secciones)";"fase 4, reimplementación de la capa de agregación";"verificacion";"NOTA";"VERIFICADO OK — de 7.142 agregados provinciales reimplementados en las once provincias, solo 3 caen fuera del rango de sus municipios y las tres están explicadas";"En la misma reimplementación de F-4-001: de las 2.615 celdas, 1.468 (53,5 %) se reproducen con una SUMA EXACTA de los municipios a tolerancia 1e-6 —no aproximada—, 272 con un promedio ponderado cuyo peso sí está publicado, y 61 con promedio simple. Y el resultado que más tranquiliza: de las 806 que no se reproducen, SOLO UNA cae fuera del rango [mínimo, máximo] de sus municipios —«Coca sobre área del municipio (%)», cuyo denominador el anexo declara deliberadamente distinto (el área de la provincia, no la del municipio)—. Las otras 805 caen dentro del rango, que es exactamente lo que debe hacer un promedio ponderado. Dicho de otro modo: no se encontró ni una sola cifra agregada incoherente con sus municipios. EXTENDIDO A LAS ONCE PROVINCIAS (2026-08-18): 7.142 celdas, 4.007 reproducidas con SUMA EXACTA a tolerancia 1e-6 y 939 con un promedio ponderado o simple. Y el resultado decisivo: SOLO TRES CELDAS DE 7.142 (el 0,042 %) caen fuera del rango de sus municipios, y las tres tienen un único municipio con dato, de modo que el rango es un punto: dos son «Coca sobre área del municipio», cuyo denominador el anexo declara deliberadamente distinto, y la tercera es la participación de un área protegida sobre el total provincial. Ninguna es una anomalía. Dicho de otro modo, y ahora sobre el informe completo: NO HAY UNA SOLA CIFRA AGREGADA INCOHERENTE CON SUS MUNICIPIOS en los once informes.";"Acota mucho el alcance de los hallazgos de agregación. Los defectos registrados en la fase 2 son reales, pero son sobre QUÉ ponderador se elige —no sobre la aritmética—, y no hay agregados disparatados escondidos en las salidas. Para el informe es una conclusión importante y hay que decirla junto a los hallazgos: la capa de agregación calcula bien lo que se le pide; lo discutible es lo que se le pide y que no se pueda comprobar (F-4-001).";"Ninguna. Se registra como propiedad verificada.";"";"cerrado"
"V-4-002";"4";"2026-08-18";"calculo";"03_Outputs/ (4 provincias)";"fase 4, muestra estratificada desde la fuente";"verificacion";"NOTA";"VERIFICADO OK — dos de los cuatro indicadores de riesgo reimplementados desde la fuente reproducen exactamente: el VA per cápita y la identidad del catastro";"De los cuatro indicadores de riesgo estructural reimplementados en las cuatro provincias, dos salen limpios y conviene decirlo con el mismo énfasis que los otros dos: (a) EL VALOR AGREGADO PER CÁPITA PROVINCIAL reproduce el valor publicado EXACTAMENTE en las cuatro —Σ VA / Σ población del mismo año, a cero decimales de diferencia—. El defecto de F-2-020 es real en el código y está sin disparar. (b) LA IDENTIDAD DEL CATASTRO —urbano + rural = total— se cumple en las 35 filas municipales y agregadas de las cuatro provincias. La lectura por posición de F-2-019 está hoy alineada. Ambas comprobaciones se hicieron recalculando desde el insumo, no leyendo el código.";"Refina dos hallazgos ALTOS de la fase 2: siguen siendo defectos de robustez —falta el guarda— pero no están produciendo cifras equivocadas. Para el informe la distinción es la que separa «hay que arreglarlo antes de la próxima entrega» de «hay que corregir la cifra publicada», y los dos caen del primer lado.";"Ninguna. Se registra para que el informe distinga lo disparado de lo latente.";"";"cerrado"
"F-4-002";"4";"2026-08-18";"datos";"01_Data/00_Inputs/Pérdida de cobertura árborea.xlsx; 02_Code/03_tablas/07_ambiental.R";"hoja «Pérdida cobertura árborea» del insumo; hoja publicada «perdida_cobertura»";"denominador";"ALTO";"El denominador de la pérdida de cobertura arbórea no se puede reconstruir con lo que hay en el repositorio, y el rótulo del mapa es demostrablemente falso";"REIMPLEMENTADO DESDE LA FUENTE (fase 4, 2026-08-18), sobre un indicador que ningún hallazgo anterior había señalado como mal calculado. (1) LA COPIA ES CORRECTA: el valor publicado coincide exactamente con la columna «% Pérdida de cobertura árborea 2001-2023» del insumo en los 41 municipios de las cuatro provincias. El pipeline no introduce ningún error. (2) PERO ESE VALOR NO ES LA PÉRDIDA SOBRE EL ÁREA DEL MUNICIPIO. El mismo archivo trae, en su otra hoja, la pérdida anual en hectáreas y el área total del municipio. Acumulando 2001-2023 y dividiendo por el área, el cociente difiere del valor publicado en 119 de los 124 municipios, y siempre por debajo: diferencia media 2,4 puntos porcentuales, máxima 16,9. Ejemplos: Medellín 6,59 % calculado frente a 10,00 % publicado; Amalfi 11,08 % frente a 13,00 %. ESTO RESUELVE LA CONTRADICCIÓN DE F-2-046: el mapa rotula la columna «% del área» y la figura «% de la cobertura inicial». El rótulo del mapa es FALSO — el número no es un porcentaje del área—. (3) Y LA LECTURA ALTERNATIVA TAMPOCO CIERRA. Si el denominador fuera la cobertura arbórea inicial, la cobertura implícita (pérdida ÷ valor publicado) debería caber dentro del municipio. En la mediana da el 76 % del área —plausible para Antioquia— pero en NUEVE municipios supera el 100 %, hasta 3,1 veces el área del municipio, que es imposible. Conclusión: con los archivos del repositorio no se puede decir qué mide exactamente la columna que se publica en los once informes. RESUELTO CONTRA LA FUENTE (2026-08-20). La conclusión de esta ficha —«con los archivos del repositorio no se puede decir qué mide exactamente la columna»— ERA DEMASIADO PESIMISTA. Global Forest Watch mide la pérdida contra una línea base declarada: la cobertura arbórea del año 2000 con dosel superior al 30 % (Global Forest Review, WRI: «uses tree cover with greater than 30 percent canopy density in the year 2000 as its baseline for measurement»). Los datos lo confirman: despejando la cobertura de 2000 implícita en cada cifra publicada, sale entre el 40 % y el 86 % del área municipal (mediana 76 %), que es lo que cabe esperar de Antioquia. LA FIGURA YA LO ROTULABA BIEN; el que estaba mal era el MAPA. DOS PRECISIONES A ESTA FICHA: (a) decía «siempre por debajo», son 115 de 124; (b) decía nueve municipios imposibles, son CINCO —Hispania 3,08x, Jardín 1,26x, Venecia 1,19x, La Unión 1,13x y Sabaneta 1,09x—; los otros cuatro dan exactamente 1,00 y se explican por el redondeo a 0,1 pp. CORREGIDO (corrección 17 de CORRECCIONES.md): el mapa pasa de leyenda «% del área» a «% de la cobertura arbórea de 2000» y su subtítulo deja de decir «Porcentaje del área»; la figura precisa «cobertura inicial» -> «la cobertura arbórea que tenía en 2000»; las dos ganan una nota que declara el umbral de dosel del 30 %, que no aparecía en ninguna parte y sin el cual la cifra se lee como deforestación cuando incluye plantaciones y cultivos arbóreos; y el comentario del código deja de decir «fracción del área con cobertura». SE INTENTÓ Y SE REVIRTIÓ renombrar la columna del .xlsx: la buscan por su nombre exacto secciones.R:1043, panel_provincial.R:135 y comparar_referencia.R:308, y el del comparativo devuelve NA_real_ sin avisar si no la encuentra, así que el indicador ambiental habría desaparecido del panel en silencio. La etiqueta actual dice «%», no «% del área», así que no afirma nada falso; precisarla queda para cuando se toque la prosa (corrección 5). SIGUE ABIERTO: los cinco municipios que no cierran y el umbral exacto que usó el tablero, ambos pregunta para el equipo.";"Es el segundo indicador de la auditoría —después del índice de envejecimiento (F-2-015)— que se publica sin fórmula verificable, y esta vez además con un rótulo que se puede demostrar falso en una de las dos piezas donde aparece. El lector del mapa entiende «el 4 % del territorio del municipio perdió cobertura arbórea», y eso no es lo que dice el dato. Y como el propio archivo trae los insumos crudos —hectáreas perdidas por año y área total—, la cifra correcta bajo cualquiera de las dos definiciones es calculable: lo que no se puede es saber cuál de las dos usó quien armó el tablero.";"Dos pasos. Primero, preguntar al equipo qué denominador usó al construir la columna del tablero; es un curado hecho a mano, así que la respuesta existe fuera del repositorio. Segundo —y esto se puede hacer ya—, calcular el indicador en el propio pipeline desde la hoja cruda del mismo archivo, que trae la pérdida anual en hectáreas y el área total: así el denominador queda declarado en el código y deja de depender de un tablero. Mientras tanto, corregir el rótulo del mapa, que hoy afirma algo que el dato no sostiene.";"medio";"corregido"
"F-4-003";"4";"2026-08-18";"infra";"02_Code/01_homogeneizacion/crosswalk_territorial.R";"líneas 98-115: el inner_join con los códigos y la comprobación «esperado <- 88L»";"universo";"ALTO";"La comprobación del crosswalk fija el universo en un «88» escrito a mano: como detector está sin disparar, pero bloqueará la corrección del universo";"ORIGEN: Pablo echó en falta Santa Fe de Antioquia en la Provincia Turística y Agroecológica. LA HIPÓTESIS DE PÉRDIDA EN EL CRUCE QUEDA DESCARTADA (10_santafe_y_universo.R, corrido por Pablo el 2026-08-18): la fuente MUNICIPIOS_SUBREG_PROV.xlsx asigna esquema asociativo a exactamente 88 de sus 125 municipios, los 88 encuentran su código DANE y el crosswalk sale con 88. NO SE PIERDE NINGUNO EN EL JOIN. Santa Fe de Antioquia figura en la fuente con la columna «Esquema asociativo» VACÍA, igual que Amalfi. La causa real es de datos y está en F-4-004; se corrige aquí lo que esta ficha afirmaba de más. (Aplicando la regla del contrapeso a mi propio instrumento: el paso 3 de mi script reportó «2 perdidos» —Carolina y San Vicente— y era un artefacto mío, porque omitía las dos correcciones de nombre que el script real aplica antes del join; el paso 4 del mismo script lo desmintió con 88 = 88.) EL DEFECTO DEL CONTROL SIGUE EN PIE, Y ES LECTURA DE CÓDIGO, NO INFERENCIA: el crosswalk se arma con «inner_join(codigos, by = ""nvl_label"")» —cruzando por NOMBRE, no por código— y acto seguido se comprueba con «esperado <- 88L; if (nrow(crosswalk) != esperado) stop(...)». (a) COMO DETECTOR ESTÁ SIN DISPARAR: si la fuente asignara 89 municipios y uno se perdiera en el cruce, el resultado sería 88 —exactamente lo que la comprobación espera— y pasaría; y la variable «perdidos», la única que nombraría al municipio ausente, solo se calcula DENTRO del if, o sea únicamente cuando el conteo NO da 88. Hoy esa condición no se da. (b) PERO COMO OBSTÁCULO ESTÁ ACTIVO: el universo correcto son 90 municipios (F-4-004), y en cuanto se corrija el insumo el pipeline se DETENDRÁ con error, porque el 88 está escrito en el código. Cuántos municipios tiene el sistema provincial es un dato del territorio, y está codificado como una constante del programa. CORREGIDO 2026-08-18 (corrección 2 de CORRECCIONES.md): «esperado <- 88L» se sustituye por el conteo derivado de la fuente, y la lista de municipios perdidos pasa a aplicar las mismas dos correcciones de nombre que el cruce. Probado en R con el listado real: pasa con 90; aborta nombrando al municipio correcto cuando se simula una pérdida; y ya no acusa en falso a Carolina ni a San Vicente, que el código anterior sí listaba junto con un NA.";"Dos consecuencias distintas y conviene no mezclarlas. LATENTE: si algún día un municipio se pierde en el cruce por nombre —cosa que el propio script ya sabe que puede pasar, porque lleva dos correcciones de nombre escritas a mano (CAROLINA y SAN VICENTE)—, ninguna pieza lo señalaría, y todo lo de esa provincia quedaría mal de forma coherente: población, área, cada cifra por habitante, cada agregado, el mapa y hasta el «está conformada por N municipios» del primer párrafo. Es también la razón por la que esta auditoría no podía detectarlo sola: la fase 4 compara agregados publicados contra filas municipales publicadas, y si un municipio nunca entra, los dos lados son consistentes entre sí (ver N-4-001). INMEDIATA: la corrección de F-4-004 no se puede aplicar sin tocar este script, porque el 88 la bloquea. Está en la ruta crítica del hallazgo más grave de la auditoría.";"Tres cosas, de menor a mayor, y la primera hay que hacerla junto con F-4-004 o el pipeline no arrancará. (1) Derivar el esperado de la fuente en vez de escribirlo —«esperado <- sum(nzchar(esquema))»— y calcular «perdidos» SIEMPRE, no solo cuando el conteo falla, imprimiéndolo aunque el conteo cuadre. (2) Cambiar el inner_join por un left_join y abortar nombrando a los que no encuentran código: cruzar por nombre es frágil y el propio script ya lo demuestra con sus dos correcciones a mano. (3) Mejor aún, y resuelve las dos: que MUNICIPIOS_SUBREG_PROV.xlsx traiga el código DANE —ya lo trae, en la columna DPMP— y que el cruce se haga por código, que es lo que la regla 3 del propio anexo pide para todo lo demás.";"bajo";"corregido"
"N-4-001";"4";"2026-08-18";"metodo";"04_Docs/revision/PLAN_AUDITORIA.md";"método de la fase 4";"observacion";"NOTA";"OBSERVACIÓN DE MÉTODO — el universo de municipios era un punto ciego de la auditoría, y lo encontró Pablo";"Toda la verificación de la fase 4 —los 7.142 agregados y los diez indicadores— toma el crosswalk como la verdad sobre qué municipios componen cada provincia: compara agregados publicados contra filas municipales publicadas, y reimplementa indicadores sobre los municipios que el crosswalk declara. Si un municipio no entra en el crosswalk, los dos lados de cada comparación son consistentes entre sí y NINGUNA de las comprobaciones puede verlo. Lo detectó Pablo mirando las salidas y echando en falta Santa Fe de Antioquia en la Provincia Turística y Agroecológica, que es conocimiento del territorio, no del código. CIERRE (2026-08-18): la revisión se hizo, y por un camino que no dependía de Pablo ni del repositorio —las ordenanzas departamentales—. Resultado: nueve de once provincias correctas, dos incompletas, dos municipios ausentes (F-4-004, V-4-003). La observación de método queda confirmada de punta a punta: el defecto lo vio quien conoce el territorio, y el instrumento que lo confirmó hubo que traerlo DE FUERA del sistema auditado. Y UNA SEGUNDA LECCIÓN, DEL MISMO DÍA: mi primera versión de F-4-004 daba TRES municipios ausentes en la Turística y Agroecológica —Santa Fe de Antioquia, Liborina y Sopetrán— apoyada en tres caminos que coincidían: el listado ver. 2 del propio repositorio, una nota de prensa de octubre de 2024 y el conteo agregado de esa misma nota. Pablo lo corrigió contra las ordenanzas: solo falta Santa Fe de Antioquia. Los tres caminos coincidían porque NO ERAN INDEPENDIENTES: los tres describían el PROYECTO RADICADO en octubre, no la ordenanza aprobada el 16 de diciembre. Convergencia no es independencia.";"Es la confirmación práctica de la cuarta regla de «cómo trabajar con Pablo»: no confundir «no sabe R» con «no sabe». Los instrumentos verifican la coherencia interna del sistema; quien conoce el territorio es el único que puede detectar que al sistema le falta una pieza. Consecuencia para lo que queda: antes de cerrar el informe hay que revisar con Pablo la COMPOSICIÓN de las once provincias —los 88 municipios, uno a uno— contra lo que él sabe que debe ser. Es la única comprobación que ningún instrumento puede hacer.";"Añadir al plan, como cuarta regla de método: «los instrumentos comprueban la coherencia interna; el universo hay que contrastarlo con quien conoce el territorio». Y como tarea concreta de la fase 5, listar los 88 municipios por provincia para que Pablo los revise. HECHO en lo que se podía hacer sin el equipo. Queda pedir los anexos de las ordenanzas como fuente normativa (paso 1 de F-4-004): el contraste se hizo contra el índice oficial de ordenanzas y prensa regional, que basta para señalar el problema pero no para fijar la composición definitiva.";"";"abierto"
"F-4-004";"4";"2026-08-18";"datos";"01_Data/00_Inputs/MUNICIPIOS_SUBREG_PROV.xlsx";"columna «Esquema asociativo»; afecta a 03_Outputs/ de la Turística y Agroecológica y de la Minero Agroecológica completos, y al documento comparativo";"universo";"BLOQUEANTE";"El universo de municipios está incompleto: faltan dos, y dos informes provinciales enteros describen una provincia que no es la que existe";"ENCONTRADO POR PABLO sobre las salidas —no por un instrumento— al echar en falta Santa Fe de Antioquia en la Provincia Turística y Agroecológica. El insumo MUNICIPIOS_SUBREG_PROV.xlsx asigna esquema asociativo a 88 de los 125 municipios y deja 37 sin esquema; entre esos 37 están SANTA FE DE ANTIOQUIA (05042) y AMALFI (05031). LA COMPOSICIÓN CORRECTA, SEGÚN LAS ORDENANZAS, QUE SON LA FUENTE QUE MANDA: (a) PROVINCIA TURÍSTICA Y AGROECOLÓGICA DEL OCCIDENTE — constituida por la Ordenanza 47 del 16 de diciembre de 2024. Debe incluir a SANTA FE DE ANTIOQUIA; el pipeline publica siete municipios y son OCHO. Verificado con Pablo contra las ordenanzas el 2026-08-18. (b) PROVINCIA MINERO AGROECOLÓGICA — la «Ordenanza No. 7 del 21 de marzo de 2025, por medio de la cual se adiciona la ordenanza no. 30 de 2019 con la inclusión del municipio de AMALFI como integrante de la PAP Minero Agroecológica» (título literal del índice oficial de ordenanzas de la Gobernación). El pipeline publica cinco municipios y son SEIS. EL UNIVERSO CORRECTO SON 90 MUNICIPIOS, NO 88. LO QUE ESO SIGNIFICA EN CIFRAS (población total 2025 del propio pipeline): la Turística y Agroecológica publica 66.792 habitantes y tiene 95.213 — le falta el 29,8 % de su población—, y Santa Fe de Antioquia sola (28.421) es MÁS GRANDE que el mayor de los siete municipios publicados (San Jerónimo, 18.345); es además la cabecera histórica del Occidente y el destino turístico que da nombre a la provincia. La Minero Agroecológica publica 117.281 y tiene 146.335: le falta el 19,9 % (Amalfi, 29.054). Y EL RESTO DEL UNIVERSO ESTÁ BIEN: las otras nueve provincias coinciden municipio por municipio (V-4-003), incluida la Provincia de la Paz con Abejorral, que solo es correcta desde la Ordenanza 13 del 22 de mayo de 2025. ADVERTENCIA SOBRE EL SEGUNDO INSUMO: «Listado municipios provincias (ver. 2).xlsx», que está en la misma carpeta, asigna DIEZ municipios a la Turística y Agroecológica —añade además Liborina (05411) y Sopetrán (05761)—. ESE LISTADO NO ES CORRECTO y no debe usarse como referencia: Liborina y Sopetrán no forman parte de la provincia según la ordenanza. Se deja anotado porque está en la carpeta de insumos y cualquiera que vaya a corregir el universo lo encontrará y podría tomarlo por bueno. UNA OBSERVACIÓN SOBRE EL INSUMO QUE USA EL PIPELINE, que no es una causa comprobada: no puede explicarse como «un archivo viejo», porque incorpora un cambio de mayo de 2025 (Abejorral) y no incorpora uno de marzo de 2025 (Amalfi). Sus metadatos dicen creado el 2026-05-07 y modificado el 2026-08-08. Es un listado curado a mano, y la pregunta de por qué quedaron fuera esos dos hay que hacérsela a quien lo mantiene. CORREGIDO 2026-08-18 (corrección 1 de CORRECCIONES.md): se asignó «PROVINCIA MINERO AGROECOLOGICA» a Amalfi (celda D6) y «PROVINCIA TURISTICA Y AGROECOLOGICA» a Santa Fe de Antioquia (celda D104) en MUNICIPIOS_SUBREG_PROV.xlsx. El listado pasa de 88 a 90 municipios con esquema. Comprobado con un volcado celda a celda: solo esas dos celdas cambian.";"Es el hallazgo más grave de la auditoría y el único que invalida entregables completos. Si un municipio no entra en el crosswalk, no existe para NINGUNA pieza del sistema: no está en las tablas, no está en las figuras, no está en los mapas, no entra en ningún agregado provincial, y la prosa dice «la provincia está conformada por 7 municipios». Todo queda mal de forma COHERENTE, que es lo que lo hace invisible: ningún control interno puede verlo, y esta auditoría tampoco podía, porque compara lo publicado contra lo publicado. En la Turística y Agroecológica falta el 29,8 % de la población y el municipio más importante de la provincia —la cabecera histórica del Occidente, que además es el que justifica el «turística» del nombre—; en la Minero Agroecológica falta el 19,9 %. Y el daño no se queda en esos dos informes: el documento comparativo ordena y compara a las once provincias entre sí, de modo que las dos incompletas contaminan cada ranking en el que aparecen. Los dos informes no se pueden publicar tal como están.";"Cuatro pasos, y los dos primeros son de datos, no de código. (1) Corregir MUNICIPIOS_SUBREG_PROV.xlsx: asignar «PROVINCIA TURISTICA Y AGROECOLOGICA» a Santa Fe de Antioquia (05042) y «PROVINCIA MINERO AGROECOLOGICA» a Amalfi (05031). Quedan 90. (2) Archivar los anexos de las Ordenanzas 47 del 16-dic-2024 y 7 del 21-mar-2025 junto al insumo, como respaldo de la composición, y retirar o marcar como no vigente el «Listado municipios provincias (ver. 2).xlsx», que asigna a la Turística y Agroecológica dos municipios que no le corresponden. Un insumo equivocado que se queda en la carpeta vuelve a usarse. (3) Aplicar a la vez la corrección de F-4-003, o el pipeline se detendrá: con 90 municipios, «esperado <- 88L» aborta la corrida. Derivar el esperado de la fuente. (4) Rehacer las dos provincias y el comparativo, y —esto es lo que evita que vuelva a pasar— publicar en cada informe la lista de municipios de la provincia con la ordenanza y la fecha que la sustentan, de modo que un lector del territorio pueda desmentirla en diez segundos, que es exactamente como se encontró este hallazgo.";"bajo el arreglo del insumo; medio rehacer los dos informes y el comparativo";"corregido"
"V-4-003";"4";"2026-08-18";"infra";"02_Code/01_homogeneizacion/crosswalk_territorial.R; 01_Data/01_Derived/codigos_provincias.parquet";"el cruce por nombre y la composición de las once provincias";"verificacion";"NOTA";"VERIFICADO OK — el crosswalk reproduce fielmente su fuente y nueve de las once provincias coinciden exactamente con las ordenanzas departamentales";"Contrapeso de F-4-004, y hay que decirlo con el mismo énfasis. (a) EL CÓDIGO NO PIERDE NADA: la fuente asigna esquema a 88 municipios, los 88 encuentran su código DANE y el crosswalk publica 88. El cruce por nombre, que era la sospecha inicial, funciona hoy sin una sola pérdida —incluidas las dos grafías que el script corrige a mano y las dos que normalizar_municipio() resuelve—. (b) LA COMPOSICIÓN ES CORRECTA EN NUEVE DE ONCE: contrastadas contra las ordenanzas departamentales —el contraste final lo hizo Pablo, que tiene acceso al texto de las ordenanzas; los PDF del portal están escaneados—, coinciden municipio por municipio el Área Metropolitana (10), Agroindustrial del Occidente (6), Bioenergética del Norte (13), Cartama (11), de la Paz (5), de San Juan (6), del Agua Bosques y Turismo (12), del Río Grande (5) y Penderisco y Sinifana (8). (c) Y UNA QUE MERECE MENCIÓN APARTE: la Provincia de la Paz aparece con Abejorral, que solo es correcto desde la Ordenanza 13 del 22 de mayo de 2025 — el insumo SÍ recogió esa actualización. El catálogo de once esquemas también es el correcto: diez PAP más el Área Metropolitana, ni una de más ni una de menos.";"Acota F-4-004 y lo hace corregible: el problema son dos municipios en dos provincias de un insumo curado a mano, no un defecto del cruce ni una composición inventada. Y evita el error de conclusión al que llevaba la evidencia inicial: la ausencia de Santa Fe de Antioquia parecía un fallo del pipeline y no lo es. También ahorra trabajo: corregido el insumo y el «88» de F-4-003, las otras nueve provincias no hay que revisarlas.";"Ninguna. Se registra como propiedad verificada y como contrapeso de F-4-004.";"";"cerrado"
"F-3-005";"3";"2026-08-18";"homogeneizacion";"02_Code/01_homogeneizacion/infraestructura_internet.R";"línea 25: readr::read_csv(ruta, show_col_types = FALSE, progress = FALSE)";"lectura";"ALTO";"El script de internet fijo no puede leer el archivo que publica hoy el MinTIC: espera comas y el archivo trae punto y coma";"COMPROBADO EN EJECUCIÓN (2026-08-18, 11_internet_fijo.R). Es el ÚNICO script del pipeline que no se había ejecutado nunca en esta revisión, porque el insumo no estaba. Puesto el archivo, FALLA. EL ARCHIVO: EMPAQUETAMIENTO_FIJO_3.csv, 717,8 MB, MD5 054920641ffb57543d41c22fe18f1c7e. Su cabecera es «ANNO;TRIMESTRE;ID_EMPRESA;EMPRESA;ID_MUNICIPIO;MUNICIPIO;ID_DEPARTAMENTO;...» — VEINTIDÓS COLUMNAS SEPARADAS POR PUNTO Y COMA. EL SCRIPT lo lee con readr::read_csv(), que asume la coma como separador. read_csv() NO FALLA: devuelve un data.frame de UNA SOLA COLUMNA cuyo nombre es la línea de cabecera entera, y emite solo un aviso genérico «One or more parsing issues». El proceso se detiene tres líneas después, cuando col_req() no encuentra «id_departamento». DESCARTADAS LAS OTRAS DOS EXPLICACIONES POSIBLES: (a) no son las MAYÚSCULAS —col() resuelve a través de norm_txt(), que pasa a minúsculas y quita acentos, así que ID_DEPARTAMENTO habría casado con id_departamento sin problema—; (b) no es memoria: la corrida tardó 12,4 s y el pico de R fue 1.454 MB. La duda sobre la memoria QUEDA ABIERTA, no resuelta: al leerse como una sola columna el coste es mínimo, y no se ha llegado a cargar el archivo bien parseado. Y HAY UNA SEGUNDA SEÑAL DE QUE EL FORMATO CAMBIÓ: el derivado que el autor versionó tiene 124.190 filas y VEINTITRÉS columnas —las mismas veintidós en minúsculas, MÁS una columna «period» (valor 260)— que el archivo disponible hoy no trae. Es decir, el derivado del repositorio se generó a partir de una exportación distinta del MinTIC, con otro separador, otra caja y una columna más. LO QUE SÍ FUNCIONÓ, y hay que decirlo: col_req() hizo exactamente su trabajo. Abortó de inmediato y su mensaje nombra las columnas reales encontradas, que es lo que permitió diagnosticar el problema en un minuto. Sin ese guarda, el script habría seguido con un data.frame de una columna. CORREGIDO 2026-08-20 (corrección 9 de CORRECCIONES.md): el separador se detecta leyendo la primera línea, los encabezados se pasan a minúscula —hacía falta: escribir_derivado() no toca los nombres y 03_ordenamiento.R los pide en duro— y el archivo se lee por trozos con read_delim_chunked() descartando lo que no es Antioquia 2025. Los tipos se convierten al final con a_numero(). Se añadió además la tabla de procedencia del archivo al README de 00_Inputs (fecha y URL pendientes de anotar). NO CAMBIA NINGUNA CIFRA por sí solo: el archivo de hoy reproduce el derivado publicado. VERIFICADO EN EJECUCIÓN (2026-08-20, corrida 3 4): infraestructura_internet.R termina en OK y escribe el derivado con 124.190 registros y 22 columnas, leyendo con separador «;» autodetectado. Reproduce la suma de líneas del derivado versionado por el autor (2.502.506), lo que confirma que el CSV descargado y la exportación original contienen los mismos datos.";"CONSECUENCIA PRÁCTICA: hoy el pipeline NO PUEDE REGENERAR el derivado de internet fijo desde la fuente. El dato de la sección 03 está congelado en un archivo derivado cuyo insumo original ya no existe en esa forma, y no hay en el repositorio ninguna nota que diga de qué exportación del MinTIC salió, de qué fecha ni con qué formato. Quien intente actualizar la sección 03 —o simplemente reproducir el pipeline de cero— se encuentra con este muro. Es además el caso que demuestra por qué importa el resto de hallazgos de lectura del capítulo E: aquí la lectura estaba protegida por col_req() y el fallo salió a la luz en segundos. Donde la lectura es por POSICIÓN y no por nombre, el mismo cambio de formato no habría producido un error: habría producido números.";"Tres cosas, y las dos primeras son de una línea. (1) Declarar el separador en vez de suponerlo: readr::read_delim(ruta, delim = "";"") o, mejor, detectarlo leyendo la primera línea y contando comas frente a puntos y coma, porque el MinTIC ha publicado el archivo de las dos formas. (2) Leer solo lo que se usa. El script carga las 22 columnas de todo el país para quedarse con Antioquia 2025. Con readr::read_delim_chunked() y un DataFrameCallback que filtre por departamento y año, la memoria queda acotada sea cual sea el tamaño del archivo — que es lo que hace falta para un insumo que crece cada trimestre. (3) Dejar constancia de la procedencia: añadir al README de 00_Inputs la fecha de descarga, la URL y el formato del archivo con el que se generó el derivado versionado. El propio proyecto ya tiene ficheros de procedencia para los insumos curados; este es el que más falta hace, porque es el único que no cabe en el repositorio.";"bajo";"corregido"
"V-4-004";"4";"2026-08-18";"calculo";"03_Outputs/*/03_Ordenamiento/ordenamiento.xlsx, hoja «internet_2025»";"las once provincias, reimplementación desde el derivado";"verificacion";"NOTA";"VERIFICADO OK — las cifras municipales de internet fijo son exactas en las 352 celdas de las once provincias, y F-1-027 queda confirmado en 11 de 11";"Puesto el último insumo, se reimplementó en Python la hoja «internet_2025» desde el derivado infraestructura_internet_2025 —que es un filtro literal de la fuente, sin cálculo—, aplicando por fuera la misma definición que usa .hoja_internet(): filtrar «Internet fijo» y «Activo en funcionamiento», marcar fibra por la tecnología, sumar líneas por municipio y dividir por la población. (a) LAS CIFRAS MUNICIPALES SON EXACTAS: 352 celdas comparadas en las once provincias —las cuatro columnas publicadas de cada municipio— y las 352 coinciden a tolerancia relativa 1e-6. Cero diferencias. El total nacional del derivado son 50.450 registros activos en 125 municipios y 2.502.506 líneas. (b) Y F-1-027 QUEDA CONFIRMADO EN LAS ONCE, no en cuatro. La fila provincial publicada es exactamente la suma de sus municipios dividida por el número de municipios, con la razón exacta 1/n en las once: Agroindustrial 4.792,3 de 28.754 (1/6) · Agua Bosques y Turismo 13.492,2 de 161.907 (1/12) · Área Metropolitana 142.045,5 de 1.420.455 (1/10) · Bioenergética 3.888,9 de 50.556 (1/13) · Cartama 5.403,1 de 59.434 (1/11) · De la Paz 8.696,0 de 43.480 (1/5) · Minero Agroecológica 8.715,8 de 43.579 (1/5) · Penderisco y Sinifana 5.424,5 de 43.396 (1/8) · Río Grande 13.639,8 de 68.199 (1/5) · San Juan 9.715,0 de 58.290 (1/6) · Turística y Agroecológica 3.646,0 de 25.522 (1/7).";"Acota F-1-027 con precisión: el defecto está ÚNICAMENTE en la fila provincial. Las cifras municipales que publica la hoja son correctas, así que corregirlo no obliga a rehacer el dato de base — basta con cambiar cómo se agrega, y las once cifras provinciales correctas quedan escritas aquí. Y da la magnitud real del error en las once: la provincia que más subdeclara es el Área Metropolitana, que publica 142.046 líneas teniendo 1.420.455.";"Ninguna. Se registra como propiedad verificada y como cuantificación completa de F-1-027.";"";"cerrado"
"F-3-006";"3";"2026-08-18";"orquestacion";"02_Code/run_all.R";"líneas 72-73: cli <- commandArgs(trailingOnly = TRUE); ids <- if (length(cli)) as.integer(cli) else PROVINCIAS$id";"robustez";"BAJO";"run_all.R no valida los ids que recibe por línea de comandos: un argumento inválido se convierte en NA y aborta al final, después de haber corrido todo";"OBSERVADO EN EJECUCIÓN (2026-08-18) durante la fase de correcciones. El runner toma los argumentos con «ids <- as.integer(cli)» y no comprueba nada: ni que sean números, ni que estén entre 1 y 11, ni que no haya NA. as.integer() sobre un texto que no es número devuelve NA con un aviso, y el NA sigue adelante. CÓMO SE VIO: se invocó el pipeline con argumentos de más por un error de quien lo lanzó, y el runner anunció «ETAPAS 2 y 3 — Tablas y figuras (5 provincias)» cuando solo dos eran válidas. Corrió las provincias 3 y 4 COMPLETAS y correctamente —todas las secciones en OK— y solo entonces abortó con «Error: id_provincia debe estar entre 1 y 11; se recibió: NA», que es el guarda de provincia() en 00_config.R haciendo su trabajo, pero cinco minutos tarde. El resumen final del pipeline no llegó a imprimirse. El guarda existe y es correcto; lo que falta es que se aplique ANTES de empezar el trabajo, no en medio del bucle.";"Es de robustez, no de cálculo: ninguna cifra sale mal, y las provincias válidas se generan bien. Lo que produce es un fallo tardío y confuso: el mensaje habla de un NA sin decir de dónde salió, aparece después de varios minutos de trabajo, y se lleva por delante el resumen final de la corrida —que es donde el propio pipeline informa de qué etapas quedaron en OK y cuáles no—. Quien lo vea por primera vez razonablemente creerá que el pipeline falló, cuando en realidad terminó lo que se le pidió. El aviso «(5 provincias)» al empezar es además engañoso: anuncia un trabajo que no puede hacer.";"Validar los argumentos al principio, en tres líneas, reutilizando lo que ya existe: convertir con suppressWarnings(as.integer(cli)), y si hay algún NA o algún valor fuera de PROVINCIAS$id, abortar nombrando el argumento que sobra —«no reconozco la provincia ""x""; los ids válidos son 1 a 11»— antes de tocar nada. El mensaje de provincia() ya dice lo correcto; solo hay que llamarlo antes. De paso, que el mensaje «(N provincias)» cuente las válidas y no la longitud del vector.";"trivial";"abierto"
"F-5-001";"5";"2026-08-20";"tablas";"02_Code/03_tablas/03_ordenamiento.R";".hoja_internet(), líneas 626-641 — el filtro no incluye el trimestre";"CALCULO";"BLOQUEANTE";"Las líneas de internet fijo son la SUMA DE LOS CUATRO TRIMESTRES de 2025: se suman cuatro fotos del mismo parque de accesos, no cuatro cantidades distintas";"El derivado infraestructura_internet_2025 trae los CUATRO trimestres de 2025 (period 260, 261, 262, 263; 32.493, 31.608, 30.258 y 29.831 filas). .hoja_internet() filtra por servicio y por estado, pero NO por trimestre, y luego hace sum(lineas) agrupando solo por municipio. cantidad_lineas_accesos es un STOCK —el número de accesos activos al cierre del trimestre—, no un flujo: sumar los cuatro es contar cuatro veces el mismo acceso. COMPROBADO sobre el derivado publicado (124.190 filas): Provincia del Río Grande, Internet fijo activo, T1=16.431, T2=17.109, T3=17.154, T4=17.505; suma de los cuatro = 68.199, que es EXACTAMENTE la cifra publicada en la hoja internet_2025. El factor de inflación no es constante: depende de cuánto creció el parque durante el año. CONTRASTE EXTERNO: con la cifra publicada, Antioquia tendría 36,1 accesos fijos por cada 100 habitantes; el Boletín Trimestral de las TIC del MinTIC (julio de 2025) pone a Antioquia en 24 por 100 en el primer trimestre de 2025, segunda del país después de Bogotá (29). Ninguna provincia puede estar en 72,1 por 100 habitantes, que es lo que publica hoy Agua, Bosques y Turismo. HEREDADO DEL .do ORIGINAL: 99_Legacy/codigo/stata_pipeline/tablas_diagnostico/03_Ordenamiento.do hace exactamente lo mismo (keep if servicio_paquete == ""Internet fijo"", y ningún keep if trimestre antes del collapse). El migrador a R reprodujo el .do con fidelidad; el defecto es anterior. CORREGIDO 2026-08-20 (corrección 18 de CORRECCIONES.md): se filtra por el último trimestre disponible y se cuentan los cuatro paquetes que incluyen internet fijo, con una guarda que aborta si la fuente trae uno nuevo. VERIFICADO EN EJECUCIÓN (2026-08-20): el log imprime «[internet] 2025 T4, 4 paquetes con internet fijo» en las dos provincias. Río Grande pasa de 68.199 a 19.217 líneas y de 673,7 a 189,8 por 1.000 habitantes; Turística, de 41.205 a 12.165 y de 432,8 a 127,8.";"Afecta a las once provincias, a las cuatro columnas de la hoja internet_2025, a la figura de la sección 03 y al ranking del comparativo. Es la base de cualquier afirmación sobre conectividad del informe.";"Filtrar por trimestre antes de agregar y declarar cuál se usa. Lo natural para un stock es el último trimestre disponible (T4 de 2025), y dejarlo escrito en el rótulo de la hoja y en el subtítulo de la figura.";"bajo";"corregido"
"F-5-002";"5";"2026-08-20";"tablas";"02_Code/03_tablas/03_ordenamiento.R";".hoja_internet(), línea 627: dplyr::filter(.data$servicio_paquete == ""Internet fijo"")";"DEFINICION";"BLOQUEANTE";"El filtro de internet fijo descarta los accesos empaquetados (triple play y dúo play), que son internet fijo para el MinTIC: en el Área Metropolitana descarta el 69% de los accesos";"El derivado trae siete valores de servicio_paquete, y CUATRO contienen internet fijo: «Internet fijo», «Triple Play (Telefonía fija + Internet fijo + TV por suscripción)», «Duo Play 1 (Telefonía fija + Internet fijo)» y «Duo Play 2 (Internet fijo y TV por suscripción)». El código se queda solo con el primero. La metodología del propio MinTIC (Boletín Trimestral de las TIC, julio de 2025) cuenta los empaquetados: «En caso de proveer servicios empaquetados mediante el uso de dos o más tecnologías de acceso de última milla, estos accesos serán contabilizados como uno solo». MEDIDO sobre el derivado publicado, cuarto trimestre de 2025, accesos activos: el porcentaje que se vende como «Internet fijo» suelto va del 95,8% en Turística y Agroecológica al 30,8% en el Área Metropolitana. Es decir, el filtro descarta el 4% de los accesos de una provincia rural y el 69% de los del Área Metropolitana. NO ES UN SESGO UNIFORME: es un sesgo que castiga sistemáticamente a los territorios donde el empaquetamiento es más común. HEREDADO DEL .do ORIGINAL: 99_Legacy/codigo/stata_pipeline/tablas_diagnostico/03_Ordenamiento.do hace exactamente lo mismo (keep if servicio_paquete == ""Internet fijo"", y ningún keep if trimestre antes del collapse). El migrador a R reprodujo el .do con fidelidad; el defecto es anterior. CORREGIDO 2026-08-20 (corrección 18 de CORRECCIONES.md): se filtra por el último trimestre disponible y se cuentan los cuatro paquetes que incluyen internet fijo, con una guarda que aborta si la fuente trae uno nuevo. VERIFICADO EN EJECUCIÓN (2026-08-20): el log imprime «[internet] 2025 T4, 4 paquetes con internet fijo» en las dos provincias.";"Combinado con F-5-001, el resultado publicado es una cifra inflada entre 1,07 y 3,55 veces según la provincia, y esa dispersión destruye el ranking: el Área Metropolitana aparece NOVENA de once en acceso a internet cuando con la cifra correcta es PRIMERA. Nueve de las once provincias cambian de puesto.";"Contar los cuatro paquetes que incluyen internet fijo. Declarar en el rótulo qué se está contando.";"bajo";"corregido"
"F-5-003";"5";"2026-08-20";"checks";"02_Code/99_checks/check_pipeline.R";"línea 91, comprobación 3 «Nombres de archivo»";"ROBUSTEZ";"MEDIO";"La revisión estática aborta entera si git no está en el PATH, y se pierden las comprobaciones siguientes";"COMPROBADO EN EJECUCIÓN (2026-08-20, máquina de Pablo). check_pipeline.R llama a system2(""git"", c(""-C"", shQuote(RUTAS$raiz), ""ls-files"")) sin comprobar antes que git exista. En Windows es normal tener git instalado pero fuera del PATH que ve R —Sys.which(""git"") devuelve cadena vacía—, y entonces system2() lanza un error no capturado y R aborta el script. Salida real: las comprobaciones 1 y 2 pasaron («OK — ninguna» ruta absoluta; «25 insumos citados; 25 presentes») y el script murió en la 3 con «Error in system2(""git"", ...) : '""git""' not found / Execution halted», status 1. Las comprobaciones 4 en adelante —carpetas retiradas, secciones, etc.— no llegaron a correr. El propio proyecto ya tiene el patrón correcto para una dependencia opcional: HAY_CARTOGRAFIA en R/03_mapas.R comprueba y avisa en vez de abortar. CORREGIDO 2026-08-20 (corrección 19 de CORRECCIONES.md), en dos intentos. El primero solo protegió la CREACIÓN de rastreados dentro del else, y la comprobación 4 la usa treinta líneas más abajo: el script pasó de morir en el punto 3 a morir en el punto 4 con «Error: object 'rastreados' not found». Un parse() correcto no lo detecta, porque la sintaxis era válida y el fallo solo aparece al ejecutar la rama sin git; lo encontró Pablo al correrlo. La versión buena define rastreados siempre —character(0) cuando no hay git— y guarda por separado las comprobaciones 3 y 4, que se OMITEN con un cat() inline en vez de imprimir un OK que no ha comprobado nada. VERIFICADO ejecutando el bloque real del archivo, líneas 89-138, en las dos ramas.";"La revisión estática es el primer control del README y el que se corre antes de una corrida larga. En una máquina sin git en el PATH no revisa nada más allá del punto 2, y lo hace saliendo con status 1, de modo que se lee como «el repositorio tiene errores» cuando lo que falta es una herramienta opcional. Afecta a cualquiera que reciba el repositorio, que es justo el caso de uso previsto.";"Resolver git con Sys.which() y, si no está, avisar y saltar SOLO esa comprobación, dejando correr las demás. Es el patrón que el proyecto ya usa con sf y ggrepel.";"bajo";"corregido"
"F-5-004";"5";"2026-08-20";"documento";"02_Code/05_documento/generar_borrador.R; 02_Code/06_comparativo/generar_comparativo.R";"generar_borrador.R línea 524 (.hay_pandoc) y las tres llamadas system2(""pandoc"", ...)";"ROBUSTEZ";"ALTO";"El pipeline no encuentra el pandoc que trae RStudio y no produce ningún .docx, en la máquina más común para correrlo";"COMPROBADO EN EJECUCIÓN (2026-08-20, corrida limpia 3 4 en la máquina de Pablo). .hay_pandoc() era nzchar(Sys.which(""pandoc"")), y Sys.which() solo mira el PATH. RStudio trae su propia copia de pandoc y NO la publica en el PATH: la deja en la carpeta que anuncia RSTUDIO_PANDOC. Salida real: «[borrador] Del Río Grande — solo Markdown (falta pandoc)» para las dos provincias, cero .docx, y un warning cuyo consejo era «Instálelo con brew install pandoc», inservible en Windows. Es la contrapartida de F-2-050: el warning que se puso en la corrección 12 funcionó y por eso se vio el problema, pero el diagnóstico de fondo era otro, porque pandoc sí estaba en la máquina. CORREGIDO 2026-08-20 (corrección 20 de CORRECCIONES.md): función .ruta_pandoc() que devuelve la ruta del ejecutable o """" y contempla el .exe en Windows; .hay_pandoc() pasa a ser nzchar(.ruta_pandoc()); las tres llamadas usan la ruta resuelta; generar_comparativo.R deja su copia propia de la comprobación y usa .hay_pandoc(); y el aviso remite a pandoc.org o a RStudio. VERIFICADO ejecutando las funciones reales en las tres situaciones: pandoc en el PATH, solo en RSTUDIO_PANDOC, y en ninguna parte.";"El entregable del proyecto son los .docx provinciales y el comparativo. Sin esto no se producen en la máquina más común para correr el pipeline. Y como los .md sí salen, el fallo es fácil de pasar por alto: aparecen archivos nuevos en 04_Docs/borradores/, solo que no son los que se entregan.";"Resolver la ruta de pandoc con una función que mire el PATH y, si no está, RSTUDIO_PANDOC, y usar esa ruta en las tres llamadas a system2. Corregir además el consejo de instalación, que era de macOS.";"bajo";"corregido"
